"Student ID","Name","# Student Number","Essay 1 [50]"," * Essay 1","Essay 2 [50]"," * Essay 2","Assignment 3 [50]"," * Assignment 3","Assignment 4 [40]"," * Assignment 4","SE-2nd Exam Opportunity-(EXMOP2)-100 [100]"," * SE-2nd Exam Opportunity-(EXMOP2)-100","#SP-Participation-(PA-PA)-100 [100]","# * SP-Participation-(PA-PA)-100","SE-1st Exam Opportunity-(EXMOP1)-100 [100]"," * SE-1st Exam Opportunity-(EXMOP1)-100"
"37487809","BALOYI, LB","","40.5","Score: 40.5/50.0 (81.0%)

The essay effectively argues that the US-Soviet relationship during WWII was tense due to ideological and strategic differences. It provides a solid range of historical evidence and demonstrates good analytical skills. Some areas could benefit from deeper integration of evidence and smoother transitions.

STRENGTHS:
? Clear and focused thesis statement.
? Good range of historical evidence.

AREAS FOR IMPROVEMENT:
? Integrate evidence more deeply into the argument.
? Enhance transitions between paragraphs for better flow.

CRITERIA BREAKDOWN:

Thesis Statement & Argument: 9.0 (Excellent)
  The thesis is clear and directly addresses the prompt, arguing that the US-Soviet relationship was tense due to ideological and strategic differences. The argument is well-structured and persuasive, consistently supporting the thesis with relevant historical events.

Evidence & Historical Accuracy: 11.0 (Good)
  The essay provides a good range of accurate historical evidence, such as the Yalta and Potsdam Conferences and the atomic bombings. However, some evidence could be more deeply integrated into the argument to enhance understanding.

Analysis & Interpretation: 10.0 (Good)
  The analysis demonstrates good critical thinking, explaining the significance of events like the delayed second front and the atomic bombings. However, some sections could delve deeper into the nuances of US-Soviet relations.

Structure & Organization: 3.5 (Good)
  The essay is generally well-structured with a clear introduction, body, and conclusion. Some transitions between paragraphs could be smoother to enhance the flow of the argument.

Language, Style & Referencing: 7.0 (Good)
  The writing is generally clear and appropriate, with minor errors that do not impede understanding. Referencing is mostly accurate, although some citations could be more precise.","43.5",,"15","Score: 15/50 (30.0%)

The submission shows an understanding of the CAPS curriculum and attempts to engage with second-order concepts, but it lacks depth and critical analysis. The teaching strategies and grade-level appropriateness need more detailed evaluation and pedagogical rationale. The report structure is satisfactory but could benefit from clearer coherence and language use.

STRENGTHS:
? Identifies CAPS alignment with the curriculum.
? Attempts to suggest improvements for lesson engagement.

AREAS FOR IMPROVEMENT:
? Develop a deeper understanding of second-order historical concepts.
? Provide a more detailed pedagogical rationale for suggested improvements.

CRITERIA BREAKDOWN:

CAPS Alignment & History Specific Aims: 4 (Satisfactory)
The submission identifies the lesson's alignment with the CAPS curriculum, specifically mentioning the Cold War topic in the Grade 9 Term 2 curriculum. However, the analysis lacks depth, particularly in connecting the lesson to current issues, which is a key CAPS objective. The recommendation to include questions about the contemporary relevance of communism and capitalism is a good step towards improvement.

History Second-Order Concepts: 2 (Needs Improvement)
The report demonstrates a limited understanding of second-order concepts. While causation is briefly mentioned, other concepts such as perspectives, evidence, and change/continuity are not adequately addressed. The suggestion to include quotations from historical figures to encourage perspective-taking is a positive improvement.

Teaching & Learning Strategies Analysis: 2 (Needs Improvement)
The analysis of teaching strategies is limited, focusing mainly on the teacher-led approach without evaluating its effectiveness. The suggestion to replace closed-ended questions with more interactive tasks is a good start, but the rationale for these changes could be more developed.

Grade-Level Appropriateness & Improvement Suggestions: 2 (Needs Improvement)
The evaluation of grade-level appropriateness is basic, with limited suggestions for improvement. While some practical ideas are offered, such as using political cartoons, the pedagogical rationale is not fully developed.

Critical Analysis & Depth (Not Narration): 1 (Needs Improvement)
The report predominantly narrates the lesson rather than critically analyzing it. While there are some attempts at evaluation, the overall approach lacks depth and original thinking.

Report Structure, Formatting & Language: 4 (Satisfactory)
The report follows the basic structure and formatting requirements, but there are some language issues that affect clarity. The structure could be more coherent to enhance the flow of ideas.","26.5",,,,"66",,,
"46134174","BUDA, SC","","36.5","Score: 36.5/50.0 (73.0%)

The submission demonstrates a solid understanding of the historical context of US-Soviet relations at the end of WWII. The thesis is clear, and the essay uses a good range of evidence. However, the analysis could be deeper, and there are frequent typographical errors. Improving these areas would strengthen the argument and presentation.

STRENGTHS:
? Good use of historical evidence to support arguments.
? Clear thesis statement addressing the prompt.

AREAS FOR IMPROVEMENT:
? Deepen analysis to explore complexities of historical events.
? Improve language precision and consistency in referencing.

CRITERIA BREAKDOWN:

Thesis Statement & Argument: 6.5 (Good)
  The thesis is clear and addresses the prompt, arguing that the US-Soviet relationship was tense and contributed to the Cold War. However, the argument could be more persuasive with deeper analysis of the events discussed.

Evidence & Historical Accuracy: 10.5 (Good)
  The essay uses a good range of historical evidence, referencing key events like the Yalta and Potsdam conferences, and the Berlin Airlift. However, some evidence is not fully integrated into the argument, and there are minor inaccuracies.

Analysis & Interpretation: 8.0 (Satisfactory)
  The analysis is generally descriptive, with some attempt to explain cause and effect. However, the essay lacks depth in exploring the complexities and nuances of the US-Soviet relationship.

Structure & Organization: 3.5 (Good)
  The essay is generally well-structured with a clear introduction, body, and conclusion. However, some transitions between paragraphs could be smoother.

Language, Style & Referencing: 8.0 (Satisfactory)
  The writing is mostly clear, but there are frequent typographical errors and inconsistencies in referencing. Improving language precision and consistency in referencing would enhance clarity.","36",,"34","Score: 34/50 (68.0%)

The submission demonstrates a good understanding of CAPS alignment and second-order historical concepts, with a clear structure and professional language. However, the analysis could be deeper in areas such as enquiry-based learning and multi-perspectivity. The teaching strategies are identified but not thoroughly evaluated.

STRENGTHS:
? Good understanding of CAPS alignment and specific aims.
? Clear structure and professional language.

AREAS FOR IMPROVEMENT:
? Deeper analysis of enquiry-based learning and multi-perspectivity.
? More detailed evaluation of teaching strategies' effectiveness.

CRITERIA BREAKDOWN:

CAPS Alignment & History Specific Aims: 8 (Good)
  The submission provides a good discussion of CAPS alignment, identifying specific aims such as developing historical knowledge and critical thinking. However, the analysis could be deeper, particularly in linking lesson activities to CAPS aims like enquiry-based learning.

History Second-Order Concepts: 7 (Good)
  The student demonstrates a good understanding of second-order concepts like causation and historical significance. However, the analysis lacks depth in areas such as historical evidence and multi-perspectivity.

Teaching & Learning Strategies Analysis: 6 (Good)
  The report identifies teaching strategies such as questioning and storytelling, but the evaluation of their effectiveness is somewhat superficial. The lack of learner-centered strategies is noted but not deeply explored.

Grade-Level Appropriateness & Improvement Suggestions: 5 (Good)
  The evaluation of grade-level appropriateness is good, with practical suggestions for improvement. However, the rationale for these suggestions could be more detailed.

Critical Analysis & Depth: 3 (Good)
  The report is mostly analytical, with some evaluative depth. There are minor instances of narration, but overall, the student maintains a critical stance.

Report Structure, Formatting & Language: 5 (Excellent)
  The report is well-structured with a clear introduction, body, and conclusion. It follows all formatting requirements and uses professional academic language with minimal errors.","26.5",,,,"70",,,
"46387358","BUTHELEZI, SL","","36.5","Score: 36.5/50.0 (73.0%)

The essay demonstrates a solid understanding of the historical context and effectively addresses the prompt. However, deeper analysis and more seamless integration of evidence would strengthen the argument. Attention to language and referencing consistency is also needed.

STRENGTHS:
? Clear thesis that addresses the prompt
? Good range of historical evidence used

AREAS FOR IMPROVEMENT:
? Enhance depth of analysis and critical interpretation
? Improve language clarity and consistency in referencing

CRITERIA BREAKDOWN:

Thesis Statement & Argument: 7.0 (Good)
  The thesis is clear and addresses the prompt directly, focusing on the tension between the US and USSR despite their alliance. The argument is generally logical and supported throughout the essay, though some points could be more deeply analyzed.

Evidence & Historical Accuracy: 10.5 (Good)
  The essay uses a good range of historical evidence, including references to key events and figures like the Yalta and Potsdam Conferences, the atomic bomb, and Soviet expansion. However, integration of evidence could be improved to enhance the argument's depth.

Analysis & Interpretation: 8.0 (Satisfactory)
  The analysis is present but often descriptive rather than critical. The essay explains key events but lacks depth in exploring the complexities and nuances of the US-USSR relationship.

Structure & Organization: 3.5 (Good)
  The essay is generally well-structured with a clear introduction, body, and conclusion. Some transitions could be smoother to enhance the flow of the argument.

Language, Style & Referencing: 7.5 (Satisfactory)
  The writing is mostly clear, but there are several typographical errors and awkward phrasing that occasionally impede understanding. Referencing is present but could be more consistent.","32",,"31","Score: 31/50 (62.0%)

The submission demonstrates a solid understanding of CAPS alignment and teaching strategies, though the analysis of second-order concepts could be more in-depth. The report is well-structured and mostly analytical, with some room for deeper critical evaluation.

STRENGTHS:
? Good identification of CAPS alignment and specific aims.
? Clear structure and professional language.

AREAS FOR IMPROVEMENT:
? Deeper exploration of second-order historical concepts.
? More evaluative analysis of teaching strategies.

CRITERIA BREAKDOWN:

CAPS Alignment & History Specific Aims: 8 (Good)
  The submission provides a good discussion of CAPS alignment, identifying specific aims such as finding information about the past and explaining historical events. However, the analysis could be deeper, particularly in connecting the lesson activities to the broader goals of History teaching as outlined in CAPS.

History Second-Order Concepts: 4 (Satisfactory)
  The report mentions second-order concepts like cause and consequence, and historical significance, but the understanding appears superficial. The submission lacks depth in exploring these concepts and does not adequately connect them to the lesson.

Teaching & Learning Strategies Analysis: 6 (Good)
  The report identifies several teaching strategies such as interactive questioning and the use of analogies. However, the analysis is more descriptive than evaluative, and the rationale for their effectiveness could be more developed.

Grade-Level Appropriateness & Improvement Suggestions: 5 (Good)
  The evaluation of grade-level appropriateness is good, with some practical improvement suggestions. The rationale for these suggestions is present but could be more detailed.

Critical Analysis & Depth: 3 (Good)
  The report maintains a mostly analytical stance with some evaluative depth. There are minor instances of narration, but overall, the submission takes a critical stance.

Report Structure, Formatting & Language: 5 (Excellent)
  The report is well-structured with a clear introduction, body, and conclusion. It follows all formatting requirements and uses professional academic language with minimal errors.","26.5",,,,"66",,,
"44719612","CHABALALA, KG","","35.5","Score: 35.5/50.0 (71.0%)

The essay provides a solid overview of the tensions between the United States and the Soviet Union at the end of World War II. While the thesis is clear and supported by a range of historical events, the analysis could be more nuanced. The structure is generally effective, though some transitions could be improved. Language and referencing need attention to enhance clarity and precision.

STRENGTHS:
? Clear thesis that addresses the prompt directly.
? Good use of historical events to support the argument.

AREAS FOR IMPROVEMENT:
? Deeper critical analysis of the complexities in U.S.-Soviet relations.
? Improve language precision and consistency in referencing.

CRITERIA BREAKDOWN:

Thesis Statement & Argument: 7.5 (Good)
  The thesis is clear and directly addresses the prompt, arguing that the wartime alliance was based on necessity rather than trust. The argument is generally well-structured, though some sections could benefit from more nuanced analysis.

Evidence & Historical Accuracy: 10.5 (Good)
  The essay uses a good range of historical events and sources to support the argument. However, some evidence could be more critically examined, and the integration of sources could be smoother.

Analysis & Interpretation: 8.5 (Satisfactory)
  The analysis is mostly descriptive, with some attempts at explaining cause and effect. The essay could benefit from deeper critical thinking and exploration of the complexities of U.S.-Soviet relations.

Structure & Organization: 3.5 (Good)
  The essay is generally well-organized with a clear introduction and conclusion. Some transitions between sections could be smoother to enhance the flow of the argument.

Language, Style & Referencing: 5.5 (Satisfactory)
  The language is mostly clear, but there are frequent minor errors that occasionally impede understanding. Referencing is present but could be more consistent and precise.","32",,"24","Score: 24/50 (48.0%)

The submission demonstrates a basic understanding of the lesson's alignment with CAPS and some second-order concepts. However, the analysis lacks depth, particularly in evaluating teaching strategies and the promotion of historical thinking skills. The report structure is good, but more critical analysis is needed.

STRENGTHS:
? Good introduction to key concepts (Cold War, ideology, superpowers)
? Logical structure and connection to prior knowledge

AREAS FOR IMPROVEMENT:
? Include specific CAPS aims and evaluate their alignment
? Provide a deeper analysis of teaching strategies and their effectiveness

CRITERIA BREAKDOWN:

CAPS Alignment & History Specific Aims: 5 (Satisfactory)
  The submission mentions that the lesson is CAPS-aligned and forms part of the Term 2 History content, but it lacks specific references to the CAPS History specific aims by name. The analysis of how the lesson aligns with CAPS is superficial and does not provide evidence from the video.

History Second-Order Concepts: 4 (Satisfactory)
  The report mentions some second-order concepts such as causation and significance (indirect conflict, ideological differences), but the understanding appears superficial. There is no critical evaluation of how these concepts are promoted in the lesson.

Teaching & Learning Strategies Analysis: 4 (Satisfactory)
  The submission identifies some teaching strategies like direct instruction and questioning but does not evaluate their effectiveness in depth. The pedagogical rationale for these strategies is limited.

Grade-Level Appropriateness & Improvement Suggestions: 5 (Good)
  The report evaluates the lesson as suitable for Grade 9 and suggests improvements such as more learner interaction and visual aids. However, the rationale for these suggestions could be more detailed.

Critical Analysis & Depth: 2 (Satisfactory)
  The report contains a mix of analysis and narration. While some critical points are made, it often reverts to describing what happened rather than evaluating it.

Report Structure, Formatting & Language: 4 (Good)
  The report is well-structured with a clear introduction, body, and conclusion. It follows most formatting requirements, but there are minor language errors.","28.5",,,,"64",,,
"44919662","DINGISWAYO, B","","37","Score: 37.0/50.0 (74.0%)

The essay demonstrates a solid understanding of the historical context and effectively addresses the prompt. The argument is supported by relevant evidence, though further integration of primary sources and deeper analysis of the complexities would enhance the work. The structure is clear, but transitions could be improved for better coherence.

STRENGTHS:
? Solid grasp of key historical events and their significance.
? Clear thesis and logical argument structure.

AREAS FOR IMPROVEMENT:
? Integrate more primary sources for deeper historical accuracy.
? Enhance analysis by exploring the complexities of the US-Soviet relationship.

CRITERIA BREAKDOWN:

Thesis Statement & Argument: 7.0 (Good)
  The thesis is clear and addresses the prompt by focusing on the tension between the United States and the Soviet Union at the end of World War II. The argument is generally well-structured, but could benefit from deeper analysis of the nuances in the relationship.

Evidence & Historical Accuracy: 10.5 (Good)
  The essay uses a good range of historical evidence to support its claims, such as the Yalta and Potsdam Conferences. However, there could be more integration of primary sources to enhance historical accuracy and depth.

Analysis & Interpretation: 9.5 (Good)
  The analysis is solid, explaining key events and their significance. However, the essay could delve deeper into the complexities and nuances of the US-Soviet relationship post-WWII.

Structure & Organization: 3.5 (Good)
  The essay is generally well-organized with a clear introduction, body, and conclusion. Some transitions between paragraphs could be smoother to enhance the flow of the argument.

Language, Style & Referencing: 6.5 (Good)
  The writing is generally clear and appropriate, with minor errors that do not impede understanding. Referencing is mostly accurate, but could be more consistent in style.","34",,"26","Score: 26/50 (52.0%)

The submission demonstrates a satisfactory understanding of CAPS alignment and second-order historical concepts but lacks depth in critical analysis. The student identifies some teaching strategies but does not fully evaluate their effectiveness. The report is well-structured and offers practical improvement suggestions.

STRENGTHS:
? Provides practical improvement suggestions for teaching strategies.
? Identifies some second-order historical concepts like cause and effect.

AREAS FOR IMPROVEMENT:
? Deepen the analysis of how the lesson aligns with CAPS specific aims.
? Provide a more evaluative discussion of teaching strategies and their effectiveness.

CRITERIA BREAKDOWN:

CAPS Alignment & History Specific Aims: 5 (Satisfactory)
  The submission provides a basic mention of CAPS alignment, identifying some aims such as historical understanding and inquiry skills. However, the connection to the lesson is superficial and lacks depth. The student mentions content inclusivity but does not sufficiently evaluate how well the lesson meets CAPS objectives.

History Second-Order Concepts: 4 (Satisfactory)
  The report mentions second-order concepts such as cause and effect, but the understanding appears superficial. There is limited discussion on how these concepts are promoted in the lesson. The student fails to critically evaluate the use of these concepts in the lesson.

Teaching & Learning Strategies Analysis: 5 (Satisfactory)
  The student identifies some teaching strategies, such as teacher-centered methods and question-and-answer techniques. However, the analysis is descriptive rather than evaluative, with limited pedagogical rationale provided.

Grade-Level Appropriateness & Improvement Suggestions: 5 (Good)
  The report provides a good evaluation of grade-level appropriateness, noting that the lesson is suitable for Grade 9 but lacks engagement. The student offers practical suggestions for improvement, such as incorporating source analysis and promoting higher-order thinking.

Critical Analysis & Depth (Not Narration): 2 (Satisfactory)
  The report contains a mix of analysis and narration. While there are some critical points, the student often reverts to describing what happened rather than evaluating it.

Report Structure, Formatting & Language: 5 (Good)
  The report is well-structured with a clear introduction, body, and conclusion. It follows most formatting requirements and uses professional academic language with minimal errors.","28.5",,,,"66",,,
"44961022","DYANI, E","","36.5","Score: 36.5/50.0 (73.0%)

The submission demonstrates a solid understanding of the historical events surrounding the US-Soviet alliance during and after WWII. The thesis is clear, and the evidence used is generally accurate and relevant. However, the analysis could be more nuanced, and the writing style could be improved for clarity and coherence.

STRENGTHS:
? Strong use of historical evidence related to key events like the Yalta Conference.
? Clear thesis statement that addresses the prompt effectively.

AREAS FOR IMPROVEMENT:
? Enhance the depth of analysis to explore the complexities of US-Soviet relations.
? Improve the clarity and coherence of writing, particularly in transitions and referencing.

CRITERIA BREAKDOWN:

Thesis Statement & Argument: 7.0 (Good)
  The thesis is clear and addresses the prompt, presenting a valid argument about the uneasy alliance between the US and the Soviet Union during WWII. The argument is generally supported with relevant evidence, though it could benefit from more nuanced analysis of the ideological differences and their impact on postwar relations.

Evidence & Historical Accuracy: 10.5 (Good)
  The submission uses a good range of accurate evidence, particularly regarding the Yalta Conference and the division of Germany. However, some claims could be better substantiated with more detailed evidence or additional sources.

Analysis & Interpretation: 8.0 (Satisfactory)
  The analysis is mostly descriptive, with some attempts to connect cause and effect. The submission could benefit from deeper critical thinking and exploration of the complexities and nuances of US-Soviet relations post-WWII.

Structure & Organization: 3.5 (Good)
  The submission is generally well-structured with clear sections for each major event discussed. However, transitions between paragraphs could be smoother to enhance the overall flow of the argument.

Language, Style & Referencing: 7.5 (Satisfactory)
  The writing is generally clear, but there are some grammatical errors and awkward phrasings that occasionally impede understanding. Referencing is present but could be more consistent and precise.","33.5",,"34","Score: 34/50 (68.0%)

The student demonstrates a solid understanding of CAPS alignment and second-order concepts, with good identification of teaching strategies. The report is well-structured and mostly analytical. However, deeper analysis and more detailed pedagogical rationale would enhance the evaluation.

STRENGTHS:
? Good understanding of CAPS alignment and second-order concepts.
? Effective identification of teaching strategies and their application.

AREAS FOR IMPROVEMENT:
? Provide deeper analysis of CAPS aims and second-order concepts.
? Offer more detailed pedagogical rationale for improvement suggestions.

CRITERIA BREAKDOWN:

CAPS Alignment & History Specific Aims: 8 (Good)
  The student provides a good discussion of CAPS alignment, identifying specific aims such as promoting interest in history and understanding different perspectives. However, the analysis could be deeper, with more explicit connections to the CAPS document.

History Second-Order Concepts: 7 (Good)
  The student demonstrates a good understanding of second-order concepts like causation and multi-perspectivity. The analysis is relevant, but could benefit from more depth and explicit examples.

Teaching & Learning Strategies Analysis: 6 (Good)
  The student identifies several teaching strategies, such as the use of visual aids and interactive questioning. The analysis of their effectiveness is present but could be more detailed.

Grade-Level Appropriateness & Improvement Suggestions: 5 (Good)
  The student evaluates the lesson's appropriateness for Grade 9 and suggests improvements like moving to short-paragraph construction. The rationale for these suggestions could be more detailed.

Critical Analysis & Depth (Not Narration): 3 (Good)
  The report is mostly analytical with some evaluative depth. There are minor instances of narration, but overall, the student maintains a critical stance.

Report Structure, Formatting & Language: 5 (Good)
  The report is well-structured with clear sections and follows formatting requirements. Language is professional with minimal errors.","23",,,,"66",,,
"44918275","DYANI, S","","31","Score: 31.0/50.0 (62.0%)

The submission provides a competent overview of US-Soviet tensions at the end of WWII. While the thesis is clear and supported by some historical evidence, the analysis often remains descriptive and lacks depth. Improved integration of evidence and more nuanced interpretation would strengthen the argument.

STRENGTHS:
? Clear thesis statement addressing the prompt
? Use of relevant historical events such as Yalta and Potsdam

AREAS FOR IMPROVEMENT:
? Deeper engagement with the complexities of US-Soviet tensions
? Smoother transitions between ideas for better flow

CRITERIA BREAKDOWN:

Thesis Statement & Argument: 6.5 (Good)
  The thesis is clear and addresses the prompt by asserting that the US-Soviet relationship was tense and foundational for the Cold War. The argument is generally logical, but could benefit from more explicit connections between events and the overarching thesis.

Evidence & Historical Accuracy: 8.0 (Satisfactory)
  The submission uses a range of historical evidence, such as the Yalta and Potsdam Conferences, and the atomic bombings. However, some evidence lacks depth and integration into the argument. The accuracy is generally solid, but more primary sources could enhance credibility.

Analysis & Interpretation: 8.5 (Satisfactory)
  The analysis provides a basic explanation of events and their significance, such as the impact of the atomic bombings. However, the interpretation often remains descriptive and lacks deeper engagement with the complexities of the US-Soviet tensions.

Structure & Organization: 3.5 (Good)
  The essay is generally well-structured with a clear introduction and conclusion. Paragraphs are mostly organized, though transitions between ideas could be smoother to enhance the flow of the argument.

Language, Style & Referencing: 4.5 (Satisfactory)
  The language is mostly clear, though there are occasional errors that slightly impede understanding. Referencing is present but inconsistent, with some citations lacking proper formatting.","32.5",,"42","Score: 42/50 (84.0%)

The submission demonstrates a strong understanding of historical concepts and effective pedagogical application. The student effectively aligns the lesson with CAPS aims and critically evaluates second-order concepts. While the report is well-structured and analytical, deeper exploration of improvement suggestions would enhance its quality.

STRENGTHS:
? Strong understanding of historical second-order concepts.
? Insightful analysis of teaching strategies and their effectiveness.

AREAS FOR IMPROVEMENT:
? Deeper exploration of CAPS aims integration.
? More detailed rationale for improvement suggestions.

CRITERIA BREAKDOWN:

CAPS Alignment & History Specific Aims: 9 (Good)
  The submission provides a good discussion of CAPS alignment, identifying specific aims such as acquiring knowledge of the past and developing skills of historical enquiry. The student effectively links lesson activities to these aims, though the analysis could benefit from deeper exploration of how each aim is integrated throughout the lesson.

History Second-Order Concepts: 9 (Excellent)
  The student demonstrates an excellent understanding of second-order concepts, such as causation and change and continuity. The report critically evaluates how these concepts are promoted in the lesson, using specific examples like the discussion of the Grand Alliance's dissolution.

Teaching & Learning Strategies Analysis: 9 (Excellent)
  The analysis of teaching and learning strategies is insightful, highlighting the use of explicit direct instruction and scaffolding. The student provides a well-grounded rationale for these strategies, demonstrating their effectiveness in promoting historical understanding.

Grade-Level Appropriateness & Improvement Suggestions: 6 (Good)
  The evaluation of grade-level appropriateness is solid, with practical suggestions for improvement. The rationale for these suggestions is present but could be more detailed, particularly in explaining how they would enhance historical thinking skills.

Critical Analysis & Depth (Not Narration): 5 (Excellent)
  The report is analytical and evaluative throughout, with minimal narration. The student takes a clear position on the lesson's quality and supports it with evidence, showing original thinking.

Report Structure, Formatting & Language: 4 (Good)
  The report is well-structured and mostly follows the formatting requirements. There are minor language errors, but they do not impede understanding.","28.5",,,,"71",,,
"45055882","DYANTYI, Z","","32","Score: 32.0/50.0 (64.0%)

The submission demonstrates a basic understanding of the US-Soviet relationship during and after WWII. While the thesis is clear, the analysis lacks depth and critical engagement with the topic. More accurate and integrated evidence would strengthen the argument.

STRENGTHS:
? Clear thesis statement addressing the prompt.
? Recognition of key historical events like the Yalta and Potsdam Conferences.

AREAS FOR IMPROVEMENT:
? Provide more detailed and accurate historical evidence.
? Enhance critical analysis by exploring the complexities of the US-Soviet relationship.

CRITERIA BREAKDOWN:

Thesis Statement & Argument: 6.5 (Good)
  The thesis is clear and addresses the prompt by acknowledging the alliance between the US and the Soviet Union during WWII and the tensions that existed. The argument is generally logical, but lacks depth in exploring the nuances of the relationship and the transition to Cold War tensions.

Evidence & Historical Accuracy: 8.0 (Satisfactory)
  The submission provides some relevant evidence, such as the Yalta and Potsdam Conferences, but lacks depth and integration. Some historical inaccuracies, such as the incorrect dates for the Yalta Conference, detract from the overall accuracy.

Analysis & Interpretation: 7.0 (Satisfactory)
  The analysis is basic and often descriptive, with limited critical thinking. The submission describes events but does not fully explore their implications or the complexities of the US-Soviet relationship.

Structure & Organization: 3.5 (Good)
  The essay has a recognizable structure with an introduction, body, and conclusion. However, some paragraphs lack focus and transitions between ideas could be smoother.

Language, Style & Referencing: 7.0 (Satisfactory)
  The writing is generally clear, but there are some grammatical errors and awkward phrasing. Referencing is inconsistent, with some sources not properly cited.","26",,"34","Score: 34/50 (68.0%)

The submission demonstrates a solid grasp of historical concepts and teaching strategies, with a good alignment to CAPS. The analysis of second-order concepts and teaching strategies is competent, though it could be more detailed. The report is well-structured and adheres to formatting requirements.

STRENGTHS:
? Good understanding of CAPS alignment and second-order historical concepts.
? Well-structured report with clear language and adherence to formatting requirements.

AREAS FOR IMPROVEMENT:
? Expand analysis of second-order concepts to include empathy and multi-perspectivity.
? Provide more detailed evaluations of teaching strategies and their effectiveness.

CRITERIA BREAKDOWN:

CAPS Alignment & History Specific Aims: 8 (Good)
  The submission provides a good discussion of CAPS alignment, identifying specific aims such as developing historical knowledge and promoting historical enquiry. However, the analysis could be deeper, with more evidence from the video to support claims.

History Second-Order Concepts: 7 (Good)
  The report demonstrates a good understanding of second-order concepts like historical significance and cause and consequence. The examples provided are relevant, but the analysis could be expanded to include more concepts such as empathy and multi-perspectivity.

Teaching & Learning Strategies Analysis: 6 (Good)
  The submission identifies several teaching strategies, such as scaffolded direct instruction and interactive questioning. While the strategies are well-described, the evaluation of their effectiveness could be more detailed.

Grade-Level Appropriateness & Improvement Suggestions: 5 (Good)
  The evaluation of grade-level appropriateness is good, with practical suggestions for improvement. However, the rationale for these suggestions could be more detailed to demonstrate a deeper understanding of learner development.

Critical Analysis & Depth (Not Narration): 3 (Good)
  The report is mostly analytical with some evaluative depth. There are minor instances of narration, but overall, it maintains a critical stance.

Report Structure, Formatting & Language: 5 (Excellent)
  The report is well-structured with a clear introduction, body, and conclusion. It follows all formatting requirements and uses professional academic language with minimal errors.","28.5",,,,"64",,,
"44511329","GINA, LS","","33","Score: 33.0/50.0 (66.0%)

The submission demonstrates a basic understanding of the US-Soviet alliance during WWII and the early Cold War period. While the thesis is clear and the argument logical, the essay lacks depth in evidence and analysis. Improved integration of historical sources and a more nuanced exploration of ideological differences would enhance the work.

STRENGTHS:
? Clear thesis statement addressing the prompt
? Logical structure with a clear introduction and conclusion

AREAS FOR IMPROVEMENT:
? Provide more detailed and integrated historical evidence
? Enhance critical analysis of ideological differences and causation

CRITERIA BREAKDOWN:

Thesis Statement & Argument: 7.0 (Good)
  The thesis is clear and addresses the prompt, emphasizing the pragmatic nature of the US-Soviet alliance. The argument is generally logical, but lacks depth in exploring the nuances of the relationship.

Evidence & Historical Accuracy: 8.0 (Satisfactory)
  The essay provides some relevant evidence, such as the Yalta and Potsdam Conferences, but lacks depth and integration. Some claims are oversimplified or lack sufficient historical context.

Analysis & Interpretation: 8.0 (Satisfactory)
  The analysis is mostly descriptive, with limited critical engagement with the complexities of the US-Soviet relationship. The essay could benefit from deeper exploration of causation and ideological differences.

Structure & Organization: 3.5 (Good)
  The essay is generally well-organized with a clear introduction and conclusion. Some paragraphs could be more focused, and transitions between ideas could be smoother.

Language, Style & Referencing: 6.5 (Satisfactory)
  The writing is generally clear, but there are several grammatical errors and awkward phrasings. Referencing is inconsistent, with some sources lacking proper citation format.","35",,"24","Score: 24/50 (48.0%)

The submission demonstrates a basic understanding of CAPS requirements and second-order concepts but lacks depth in analysis. The student provides practical improvement suggestions, which are a strength. However, the report often narrates rather than critically evaluates the lesson.

STRENGTHS:
? Provides practical improvement suggestions for teaching strategies.
? Identifies second-order concepts like causation and significance.

AREAS FOR IMPROVEMENT:
? Deepen the analysis of how the lesson aligns with CAPS specific aims.
? Enhance critical evaluation of teaching strategies beyond mere identification.

CRITERIA BREAKDOWN:

CAPS Alignment & History Specific Aims: 5 (Satisfactory)
  The submission mentions CAPS alignment and identifies some aims, but the connection between the lesson and CAPS requirements is superficial. The student notes that the lesson provides historical facts but lacks depth in promoting enquiry skills as outlined by CAPS.

History Second-Order Concepts: 4 (Satisfactory)
  The submission identifies second-order concepts like causation and significance but does not delve deeply into how these are addressed in the lesson. The absence of evidence and source analysis is noted, which is crucial for developing historical thinking.

Teaching & Learning Strategies Analysis: 4 (Satisfactory)
  The student identifies some teaching strategies, such as the use of analogies and multiple-choice questions, but the analysis lacks depth. The critique of the teacher-centered approach is valid, but the evaluation could be more comprehensive.

Grade-Level Appropriateness & Improvement Suggestions: 5 (Good)
  The student provides practical suggestions for improvement, such as using source-based activities and group work. These suggestions are well-reasoned and show an understanding of pedagogical strategies suitable for Grade 9.

Critical Analysis & Depth (Not Narration): 2 (Satisfactory)
  The report contains a mix of analysis and narration. While some critical points are made, the submission often reverts to describing the lesson rather than evaluating it.

Report Structure, Formatting & Language: 4 (Good)
  The report is well-structured with a clear introduction, body, and conclusion. It follows most formatting requirements, and the language is mostly professional with minor errors.","28.5",,,,"64",,,
"37848720","GONIWE, S","","36","Score: 36.0/50.0 (72.0%)

The essay demonstrates a solid understanding of the historical context and provides a clear thesis. It uses relevant evidence but could benefit from deeper analysis and more seamless integration of sources. The structure is generally effective, though transitions could be improved.

STRENGTHS:
? Good use of historical evidence to support claims.
? Clear thesis statement addressing the prompt.

AREAS FOR IMPROVEMENT:
? Deeper critical analysis of the US-Soviet relationship.
? Smoother transitions between paragraphs to enhance argument flow.

CRITERIA BREAKDOWN:

Thesis Statement & Argument: 6.5 (Good)
  The thesis is clear and addresses the prompt by acknowledging the tension between the United States and the Soviet Union during and after World War II. However, the argument could be more persuasive with deeper exploration of the complexities and nuances of the relationship.

Evidence & Historical Accuracy: 10.0 (Good)
  The essay uses a good range of evidence to support its claims, including references to key events such as the Yalta Conference and the use of atomic bombs. However, some evidence lacks depth and integration into the argument.

Analysis & Interpretation: 8.0 (Satisfactory)
  The analysis provides basic explanations of events and their significance. However, it often remains descriptive and lacks deeper critical engagement with the complexities of the US-Soviet relationship.

Structure & Organization: 3.5 (Good)
  The essay is generally well-structured with a clear introduction, body, and conclusion. However, some transitions between paragraphs could be smoother to enhance the flow of the argument.

Language, Style & Referencing: 8.0 (Satisfactory)
  The language is generally clear, but there are occasional errors and inconsistencies in referencing. The writing could be more concise and precise in places.","32.5",,"32","Score: 32/50 (64.0%)

The submission demonstrates a good understanding of CAPS alignment and provides practical suggestions for improvement. However, the analysis of second-order concepts and teaching strategies could be deeper. The report is well-structured and mostly analytical.

STRENGTHS:
? Good understanding of CAPS alignment.
? Well-structured report with clear language.

AREAS FOR IMPROVEMENT:
? Deeper analysis of second-order concepts.
? More detailed pedagogical rationale for suggested improvements.

CRITERIA BREAKDOWN:

CAPS Alignment & History Specific Aims: 8 (Good)
  The submission provides a good discussion of CAPS alignment, identifying specific aims such as critical thinking and historical inquiry. However, the analysis could be deeper, particularly in connecting lesson activities to these aims.

History Second-Order Concepts: 5 (Satisfactory)
  The report mentions second-order concepts like causation and change/continuity but lacks depth in analysis. The integration of these concepts is superficial, and there is little engagement with evidence and multiperspectivity.

Teaching & Learning Strategies Analysis: 6 (Good)
  The analysis identifies teacher-centered strategies and suggests improvements. However, the evaluation of these strategies lacks depth, and the pedagogical rationale could be more developed.

Grade-Level Appropriateness & Improvement Suggestions: 5 (Good)
  The report evaluates the lesson's appropriateness for Grade 9 and provides practical suggestions for improvement. The rationale is present but could be more detailed.

Critical Analysis & Depth (Not Narration): 3 (Good)
  The report is mostly analytical with some evaluative depth. There are minor instances of narration, but overall it maintains a critical stance.

Report Structure, Formatting & Language: 5 (Excellent)
  The report is well-structured and follows all formatting requirements. The language is professional with minimal errors.","27.5",,,,"67",,,
"44957378","HLANGWINI, S","","43","Score: 43.0/50.0 (86.0%)

The essay provides a strong analysis of the US-Soviet relationship at the end of WWII, with a clear thesis and well-supported argument. The use of evidence and historical accuracy is solid, though some areas could benefit from deeper exploration. The structure and organization are excellent, contributing to the clarity of the argument. Language and referencing are generally good, with minor improvements needed.

STRENGTHS:
? Clear and focused thesis statement.
? Logical structure and smooth transitions.

AREAS FOR IMPROVEMENT:
? Deeper exploration of specific historical events.
? More detailed referencing in some areas.

CRITERIA BREAKDOWN:

Thesis Statement & Argument: 9.0 (Excellent)
  The thesis is clear, focused, and directly addresses the prompt. The student presents a well-structured and persuasive argument, consistently supporting the thesis with insightful analysis. The argument is logical and effectively highlights the inherent tensions in the US-Soviet alliance during WWII.

Evidence & Historical Accuracy: 11.5 (Good)
  The essay uses a good range of accurate evidence to support its claims. The evidence is generally well-integrated, demonstrating a solid understanding of the period. However, there could be more depth in the exploration of certain events, such as the specifics of the Yalta Conference agreements.

Analysis & Interpretation: 11.0 (Good)
  The student demonstrates good analytical skills, explaining key events and their significance. There is a reasonable connection of cause and effect, though some areas could benefit from deeper analysis, particularly regarding the ideological underpinnings of the Cold War.

Structure & Organization: 4.5 (Excellent)
  The essay is logically structured with a clear introduction, body, and conclusion. Transitions are smooth, and each paragraph contributes to the overall argument. The organization supports the clarity and persuasiveness of the argument.

Language, Style & Referencing: 7.0 (Good)
  The writing is generally clear and appropriate, with minor errors that do not impede understanding. The vocabulary is precise, and referencing is mostly accurate, though some citations could be more detailed.","37",,"27","Score: 27/50 (54.0%)

The submission demonstrates a basic understanding of CAPS alignment and second-order concepts but lacks depth in analysis. The teaching strategies are identified but not critically evaluated. Suggestions for improvement are practical but need more pedagogical rationale. The report structure is strong, but the analysis could be more critical and less narrative.

STRENGTHS:
? Good structure and adherence to formatting requirements.
? Practical improvement suggestions for teaching strategies.

AREAS FOR IMPROVEMENT:
? Deepen analysis of CAPS alignment by naming specific aims.
? Critically evaluate teaching strategies with pedagogical rationale.

CRITERIA BREAKDOWN:

CAPS Alignment & History Specific Aims: 6 (Satisfactory)
  The submission provides a basic mention of CAPS alignment, acknowledging the focus on critical thinking and engagement with historical events. However, it lacks depth in connecting specific CAPS aims to the lesson. The analysis could be improved by explicitly naming and evaluating how the lesson meets or fails to meet each specific aim.

History Second-Order Concepts: 4 (Satisfactory)
  The report mentions second-order concepts like causation and significance but does not deeply engage with how the lesson promotes these concepts. The analysis is superficial, and there is a missed opportunity to explore how these concepts could be better integrated into the lesson.

Teaching & Learning Strategies Analysis: 5 (Satisfactory)
  The submission identifies some teaching strategies, such as questioning, but the analysis remains descriptive. There is limited evaluation of the effectiveness of these strategies and little pedagogical rationale provided.

Grade-Level Appropriateness & Improvement Suggestions: 5 (Good)
  The report provides a good evaluation of grade-level appropriateness and suggests practical improvements like group discussions and source analysis activities. However, the pedagogical rationale for these suggestions could be more detailed.

Critical Analysis & Depth (Not Narration): 2 (Satisfactory)
  The report contains a mix of analysis and narration. While some critical points are made, the submission often reverts to describing the lesson rather than evaluating it.

Report Structure, Formatting & Language: 5 (Good)
  The report is well-structured with a clear introduction, body, and conclusion. It follows formatting requirements and uses professional academic language with minimal errors.","26.5",,,,"70",,,
"44142994","KAMBI, S","","38.5","Score: 38.5/50.0 (77.0%)

The submission demonstrates a good understanding of the historical context and effectively argues that the wartime alliance between the US and USSR was strained. The use of evidence is solid, though it could be more deeply integrated into the analysis. The essay is generally well-structured, but some areas could benefit from clearer transitions and more nuanced exploration of counterarguments. Language and referencing are satisfactory but could be improved for greater clarity and consistency.

STRENGTHS:
? Effective use of historical events like the Yalta and Potsdam Conferences to support the argument.
? Clear thesis that directly addresses the prompt and provides a focused argument.

AREAS FOR IMPROVEMENT:
? Integrate evidence more deeply into the analysis to enhance the argument.
? Improve referencing consistency and address minor grammatical errors.

CRITERIA BREAKDOWN:

Thesis Statement & Argument: 7.5 (Good)
  The thesis is clear and addresses the prompt directly, arguing that the wartime alliance between the US and USSR was strained and ultimately led to the Cold War. The argument is generally well-structured and persuasive, though it could benefit from more nuanced exploration of counterarguments.

Evidence & Historical Accuracy: 10.5 (Good)
  The submission uses a good range of historical evidence, such as the Yalta and Potsdam Conferences, to support its claims. However, some evidence lacks depth and could be better integrated into the argument. The use of secondary sources is appropriate, but primary sources could enhance the analysis.

Analysis & Interpretation: 10.0 (Good)
  The analysis demonstrates a solid understanding of the ideological tensions between the US and USSR. The student connects these tensions to the onset of the Cold War effectively, though the analysis could delve deeper into the complexities of the geopolitical landscape.

Structure & Organization: 3.5 (Good)
  The essay is generally well-structured with a clear introduction, body, and conclusion. Transitions between paragraphs are mostly smooth, though some sections could benefit from clearer connections to the thesis.

Language, Style & Referencing: 7.0 (Satisfactory)
  The writing is generally clear, though there are some minor grammatical errors and awkward phrasing. Referencing is mostly accurate, but there are inconsistencies in formatting and citation style.","34.5",,"29","Score: 29/50 (58.0%)

The submission demonstrates a good understanding of CAPS alignment and provides some useful improvement suggestions. However, the analysis of second-order concepts and teaching strategies lacks depth, and the report often narrates rather than critically evaluates the lesson.

STRENGTHS:
? Good understanding of CAPS alignment.
? Provides practical improvement suggestions.

AREAS FOR IMPROVEMENT:
? Deeper analysis of second-order concepts.
? More evaluative commentary on teaching strategies.

CRITERIA BREAKDOWN:

CAPS Alignment & History Specific Aims: 8 (Good)
  The submission provides a good discussion of CAPS alignment, identifying specific aims such as expanding historical knowledge and critical thinking skills. However, the analysis lacks depth in evaluating how the lesson aligns with higher-order CAPS goals like interpretation and inquiry.

History Second-Order Concepts: 5 (Satisfactory)
  The report mentions second-order concepts like causation and change, but the understanding appears superficial. The analysis of how these concepts are promoted in the lesson is limited, and there is a lack of engagement with concepts like evidence and empathy.

Teaching & Learning Strategies Analysis: 5 (Satisfactory)
  The report identifies some teaching strategies such as direct instruction and questioning. However, the analysis is more descriptive than evaluative, and there is limited pedagogical rationale provided for the effectiveness of these strategies.

Grade-Level Appropriateness & Improvement Suggestions: 5 (Good)
  The evaluation of grade-level appropriateness is good, with some practical improvement suggestions provided. However, the rationale for these suggestions could be more detailed.

Critical Analysis & Depth (Not Narration): 2 (Satisfactory)
  The report contains a mix of analysis and narration. While some critical points are made, the report often reverts to describing what happened rather than evaluating it.

Report Structure, Formatting & Language: 4 (Good)
  The report is well-structured with a clear introduction, body, and conclusion. It mostly follows formatting requirements, with minor language errors that do not impede understanding.","27.5",,,,"68",,,
"42008395","KHUMALO, GM","","34","Score: 34.0/50.0 (68.0%)

The submission demonstrates a good understanding of the historical context and provides a clear argument about the tense relationship between the US and USSR post-World War II. However, the analysis would benefit from more depth and critical engagement with the complexities of the topic. Improvements in historical accuracy and integration of evidence would enhance the overall quality.

STRENGTHS:
? Clear thesis statement addressing the prompt.
? Use of relevant historical events to support the argument.

AREAS FOR IMPROVEMENT:
? Improve historical accuracy and integration of evidence.
? Enhance critical analysis and engagement with complexities.

CRITERIA BREAKDOWN:

Thesis Statement & Argument: 6.5 (Good)
  The thesis is clear and addresses the prompt by asserting the validity of the statement regarding the tense relationship between the US and USSR. The argument is generally logical and supported by relevant historical events, such as the Yalta and Potsdam Conferences. However, the analysis could benefit from more depth and nuance, particularly in exploring the complexities of the US-Soviet relationship.

Evidence & Historical Accuracy: 8.0 (Satisfactory)
  The submission uses a range of historical events and figures to support the argument, such as the Yalta and Potsdam Conferences, atomic diplomacy, and the division of Germany. However, some details are inaccurate or lack clarity, such as the incorrect date for the Yalta Conference. The evidence is sometimes listed rather than integrated into the analysis.

Analysis & Interpretation: 8.5 (Satisfactory)
  The analysis provides a basic explanation of key events and their significance, such as the impact of atomic diplomacy and the division of Germany. However, the analysis tends to be descriptive rather than critical, and the cause-effect relationships are sometimes simplistic. More insight into the nuances and complexities of the US-Soviet relationship would strengthen the analysis.

Structure & Organization: 3.5 (Good)
  The essay is generally well-structured, with a clear introduction, body, and conclusion. The table of contents suggests a logical flow of topics. However, some sections could benefit from smoother transitions and clearer focus within paragraphs.

Language, Style & Referencing: 7.5 (Satisfactory)
  The writing is generally clear, but there are frequent errors in grammar and punctuation that occasionally impede understanding. The referencing is inconsistent, with some sources cited in the text but not fully referenced in the reference list.","26",,"38","Score: 38/50 (76.0%)

The student demonstrates a strong understanding of both historical content and pedagogical application. The report is well-structured and provides insightful analysis of the lesson's alignment with CAPS and its promotion of second-order historical concepts. While the teaching strategies are well-identified, the analysis could be deepened with more detailed pedagogical rationale.

STRENGTHS:
? Effective identification and evaluation of second-order historical concepts.
? Clear and structured report that adheres to formatting requirements.

AREAS FOR IMPROVEMENT:
? Deeper engagement with the CAPS document for more nuanced insights.
? Provide more detailed pedagogical rationale for teaching strategies.

CRITERIA BREAKDOWN:

CAPS Alignment & History Specific Aims: 8 (Good)
  The submission demonstrates a good understanding of CAPS alignment, identifying specific aims such as 'Comprehending the interconnectedness of Events' and 'Developing Source-Based skills.' However, the analysis could benefit from deeper engagement with the CAPS document to provide more nuanced insights.

History Second-Order Concepts: 9 (Excellent)
  The student effectively identifies and evaluates second-order concepts such as causation, significance, and multi-perspectivity. The analysis is well-supported with examples from the lesson, demonstrating a sophisticated understanding of these concepts.

Teaching & Learning Strategies Analysis: 7 (Good)
  The student identifies several effective teaching strategies, such as the use of conceptual metaphors and interactive quizzing. While the analysis is generally strong, it could be enhanced by providing more detailed pedagogical rationale for each strategy's effectiveness.

Grade-Level Appropriateness & Improvement Suggestions: 6 (Good)
  The report provides a good evaluation of grade-level appropriateness and offers practical suggestions for improvement, such as integrating multi-perspectivity and primary source engagement. The rationale for these suggestions is present but could be more detailed.

Critical Analysis & Depth (Not Narration): 3 (Good)
  The report is mostly analytical with some evaluative depth. There are minor instances of narration, but overall, the student maintains a critical stance.

Report Structure, Formatting & Language: 5 (Excellent)
  The report is well-structured with a clear introduction, body, and conclusion. It follows all formatting requirements and uses professional academic language with minimal errors.","30.5",,,,"68",,,
"46106839","KHUTSOANE, N","","41","","32",,"32","Score: 32/50 (64.0%)

The submission demonstrates a solid understanding of CAPS alignment and teaching strategies, with some engagement with second-order concepts. While the report is well-structured and mostly analytical, deeper engagement with historical thinking skills and more detailed pedagogical rationale would enhance the evaluation.

STRENGTHS:
? Good understanding of CAPS alignment.
? Clear report structure and professional language.

AREAS FOR IMPROVEMENT:
? Deeper engagement with second-order concepts.
? More detailed rationale for teaching strategy improvements.

CRITERIA BREAKDOWN:

CAPS Alignment & History Specific Aims: 8 (Good)
  The submission provides a good discussion of CAPS alignment, identifying specific aims such as developing learners' understanding of the past and promoting critical thinking. However, the analysis lacks depth, particularly in evaluating how the lesson engages learners with multiple perspectives, a key CAPS requirement.

History Second-Order Concepts: 5 (Satisfactory)
  The report mentions some second-order concepts like cause and effect but does not deeply engage with others such as historical significance or change and continuity. The analysis remains largely content-driven, missing opportunities to explore these concepts in depth.

Teaching & Learning Strategies Analysis: 6 (Good)
  The student identifies teaching strategies such as the teacher-centered approach and evaluates their effectiveness. However, the rationale for why these strategies are limited is not fully developed, and there is little discussion on alternative strategies that could enhance learning.

Grade-Level Appropriateness & Improvement Suggestions: 5 (Good)
  The evaluation of grade-level appropriateness is good, with practical suggestions for improvement such as introducing source-based questions and guided questioning. However, the rationale for these suggestions could be more detailed.

Critical Analysis & Depth: 3 (Good)
  The report is mostly analytical with some evaluative depth. While there are minor instances of narration, the student maintains a critical stance overall. More original thinking and professional insight would enhance the analysis.

Report Structure, Formatting & Language: 5 (Excellent)
  The report is well-structured with a clear introduction, body, and conclusion. It follows all formatting requirements and uses professional academic language with minimal errors.","29.5",,,,"71",,,
"40853527","KODISANG, DP","","37","Score: 37.0/50.0 (74.0%)

Dineo Kodisang's submission demonstrates a solid understanding of the historical context and provides a generally well-argued analysis of the US-Soviet relationship during and after WWII. While the essay effectively uses historical evidence, it could benefit from deeper integration of this evidence into the argument and more nuanced analysis. Improvements in language clarity and referencing consistency would also enhance the submission.

STRENGTHS:
? Strong use of historical events to support the argument.
? Clear thesis that addresses the prompt effectively.

AREAS FOR IMPROVEMENT:
? Integrate evidence more deeply into the argument.
? Improve language clarity and grammatical accuracy.

CRITERIA BREAKDOWN:

Thesis Statement & Argument: 7.5 (Good)
  The thesis is clear and addresses the prompt effectively, arguing that the US-Soviet relationship was tense despite their alliance during WWII. The argument is generally well-structured, though some points could be more deeply analyzed to enhance persuasiveness.

Evidence & Historical Accuracy: 10.5 (Good)
  The submission uses a good range of historical evidence to support its claims, such as the Yalta and Potsdam conferences and the Truman Doctrine. However, some evidence could be more deeply integrated into the argument, and there are minor inaccuracies that need correction.

Analysis & Interpretation: 10.0 (Good)
  The analysis demonstrates good critical thinking, explaining key events and their significance. The submission connects cause and effect reasonably well, though it could engage more deeply with the complexities and nuances of the historical context.

Structure & Organization: 3.5 (Good)
  The essay is generally well-organized with a clear introduction, body, and conclusion. However, transitions between some paragraphs could be smoother to enhance the overall flow of the argument.

Language, Style & Referencing: 5.5 (Satisfactory)
  The writing is generally clear, but there are several grammatical errors and awkward phrasings that detract from the overall readability. Referencing is mostly accurate, but there are some inconsistencies.","32",,"24","Score: 24/50 (48.0%)

The submission demonstrates a basic understanding of the CAPS alignment and second-order concepts but lacks depth in analysis and critical evaluation. The report structure is good, but the content could benefit from more detailed examples and pedagogical rationale.

STRENGTHS:
? Identifies the need for learner-centered strategies.
? Acknowledges the importance of second-order concepts in History education.

AREAS FOR IMPROVEMENT:
? Provide deeper analysis of how the lesson aligns with CAPS specific aims.
? Include more specific examples and pedagogical rationale for suggested improvements.

CRITERIA BREAKDOWN:

CAPS Alignment & History Specific Aims: 5 (Satisfactory)
  The submission mentions CAPS alignment but lacks depth in connecting specific aims to the lesson. There is a superficial reference to critical thinking and inquiry-based learning, but it does not adequately evaluate how these are addressed in the lesson.

History Second-Order Concepts: 4 (Satisfactory)
  The report mentions second-order concepts like causation and historical relevance but does not provide a deep analysis of how these are promoted in the lesson. There is a lack of specific examples and structured activities to support these concepts.

Teaching & Learning Strategies Analysis: 4 (Satisfactory)
  The analysis identifies a teacher-centered approach but lacks evaluative depth. While it notes the absence of interactive strategies, it does not sufficiently analyze the effectiveness of the observed strategies or provide a strong pedagogical rationale.

Grade-Level Appropriateness & Improvement Suggestions: 5 (Good)
  The submission provides a good evaluation of the lesson's appropriateness for the grade level and suggests improvements. However, the rationale for these suggestions could be more detailed.

Critical Analysis & Depth (Not Narration): 2 (Satisfactory)
  The report contains a mix of analysis and narration. While some critical points are made, it often reverts to describing the lesson rather than evaluating it.

Report Structure, Formatting & Language: 4 (Good)
  The report is well-structured and mostly follows formatting requirements. There are minor language errors, but they do not impede understanding.","28.5",,,,"64",,,
"45982392","LEBOPA, M","","37","Score: 37.0/50.0 (74.0%)

The essay presents a clear thesis and uses a good range of evidence to support its argument. However, the analysis lacks depth and complexity, and there are issues with referencing and grammatical errors. Improving these areas would strengthen the essay's effectiveness in conveying historical understanding.

STRENGTHS:
? Clear thesis statement addressing the prompt.
? Good use of historical evidence such as Yalta and Potsdam conferences.

AREAS FOR IMPROVEMENT:
? Provide more nuanced analysis of the US-Soviet relationship.
? Improve referencing accuracy and grammatical correctness.

CRITERIA BREAKDOWN:

Thesis Statement & Argument: 7.0 (Good)
  The thesis is clear and addresses the prompt by asserting that the wartime alliance was a temporary convenience masking deeper ideological tensions. The argument is generally well-structured, but could benefit from more nuanced analysis of the complexities of the US-Soviet relationship.

Evidence & Historical Accuracy: 10.0 (Good)
  The essay uses a good range of evidence, such as the Yalta and Potsdam conferences, to support its claims. However, some sources are not accurately cited, and there are minor inaccuracies in the portrayal of historical events.

Analysis & Interpretation: 8.0 (Satisfactory)
  The analysis provides a basic explanation of the tensions between the US and the USSR. However, it often remains descriptive and lacks depth in exploring the nuances and complexities of the historical context.

Structure & Organization: 3.5 (Good)
  The essay is generally well-organized with a clear introduction, body, and conclusion. However, transitions between paragraphs could be smoother to enhance the flow of the argument.

Language, Style & Referencing: 8.5 (Satisfactory)
  The writing is generally clear, but there are several grammatical errors and issues with referencing format. Improving these areas would enhance the overall clarity and professionalism of the essay.","33",,"24","Score: 24/50 (48.0%)

The submission demonstrates a basic understanding of CAPS alignment and second-order concepts but lacks depth in analysis. The critique of teaching strategies and grade-level appropriateness is reasonable, with practical improvement suggestions. However, the report would benefit from more specific references to CAPS aims and a deeper engagement with second-order concepts.

STRENGTHS:
? Provides practical improvement suggestions for lesson effectiveness.
? Identifies key second-order concepts relevant to History teaching.

AREAS FOR IMPROVEMENT:
? Include specific references to CAPS aims and provide detailed evidence from the lesson.
? Engage more deeply with second-order concepts and provide specific examples from the lesson.

CRITERIA BREAKDOWN:

CAPS Alignment & History Specific Aims: 5 (Satisfactory)
  The report mentions CAPS alignment and the emphasis on historical knowledge, abilities, and values. However, it lacks specific references to CAPS aims by name and does not provide detailed evidence from the video to support the analysis.

History Second-Order Concepts: 4 (Satisfactory)
  The submission identifies second-order concepts like causation and evidence but does not deeply engage with them. The analysis of how these concepts were promoted in the lesson is superficial and lacks specific examples.

Teaching & Learning Strategies Analysis: 4 (Satisfactory)
  The report identifies the use of direct instruction but does not provide a thorough evaluation of its effectiveness. The critique of questioning techniques and lack of interactive methods is noted but lacks depth.

Grade-Level Appropriateness & Improvement Suggestions: 5 (Good)
  The report provides a reasonable evaluation of grade-level appropriateness and offers practical suggestions for improvement, such as using source-based exercises and learner-centred techniques.

Critical Analysis & Depth (Not Narration): 2 (Satisfactory)
  The report contains a mix of analysis and narration. While it attempts to critique the lesson, it often reverts to describing what happened rather than evaluating it critically.

Report Structure, Formatting & Language: 4 (Good)
  The report is well-structured and mostly follows formatting requirements. There are minor language errors, but they do not impede understanding.",,,,,"60",,,
"41034252","LEPOTA, K","","32.5","Score: 32.5/50.0 (65.0%)

The submission provides a solid overview of the tensions between the US and USSR at the end of World War II, with a clear thesis and good use of evidence. However, the analysis lacks depth and could benefit from more critical engagement with the complexities of the historical events discussed.

STRENGTHS:
? Clear thesis statement addressing the prompt
? Good range of historical evidence used to support the argument

AREAS FOR IMPROVEMENT:
? Provide more nuanced analysis of the complexities in US-USSR relations
? Improve integration of evidence and ensure accurate referencing

CRITERIA BREAKDOWN:

Thesis Statement & Argument: 7.0 (Good)
  The thesis is clear and directly addresses the prompt, arguing that the alliance between the US and USSR was based on mistrust and was doomed to fail. The argument is generally well-structured, but could benefit from more nuanced analysis of the complexities involved.

Evidence & Historical Accuracy: 10.5 (Good)
  The submission uses a good range of evidence to support the argument, including references to key events like the Yalta and Potsdam Conferences. However, some evidence is not fully integrated into the argument, and there are occasional inaccuracies.

Analysis & Interpretation: 8.0 (Satisfactory)
  The analysis is mostly descriptive and lacks depth in exploring the nuances and complexities of the US-USSR relationship. The submission could benefit from a more critical examination of the causes and effects of the events discussed.

Structure & Organization: 3.5 (Good)
  The essay is generally well-organized with a clear introduction, body, and conclusion. However, some paragraphs could be more focused and transitions between ideas could be smoother.

Language, Style & Referencing: 3.5 (Satisfactory)
  The writing is generally clear, but there are some grammatical errors and awkward phrasing. Referencing is mostly accurate, but some sources are not properly cited or integrated into the text.","36.5",,"32","Score: 32/50 (64.0%)

The submission demonstrates a solid understanding of CAPS alignment and provides practical improvement suggestions. However, the analysis of second-order concepts and teaching strategies could be more in-depth. The report is well-structured and adheres to formatting guidelines.

STRENGTHS:
? Good understanding of CAPS alignment and specific aims.
? Practical improvement suggestions with some pedagogical rationale.

AREAS FOR IMPROVEMENT:
? Deeper engagement with second-order historical concepts.
? More critical evaluation of teaching strategies.

CRITERIA BREAKDOWN:

CAPS Alignment & History Specific Aims: 8 (Good)
  The submission demonstrates a good understanding of CAPS alignment, identifying specific aims such as critical thinking and inquiry skills. However, the analysis could be more in-depth, particularly in evaluating how the lesson fails to meet inquiry-based objectives.

History Second-Order Concepts: 5 (Satisfactory)
  The report mentions second-order concepts like causation and multi-perspectivity, but the analysis is superficial. There is a need for deeper engagement with these concepts and how they were addressed or neglected in the lesson.

Teaching & Learning Strategies Analysis: 5 (Satisfactory)
  While some teaching strategies are identified, such as direct guidance and questioning, the analysis lacks depth. The report should evaluate the effectiveness of these strategies more critically.

Grade-Level Appropriateness & Improvement Suggestions: 6 (Good)
  The evaluation of grade-level appropriateness is good, with practical suggestions for improvement. The rationale for these suggestions is present but could be more detailed.

Critical Analysis & Depth (Not Narration): 3 (Good)
  The report maintains a mostly analytical stance, with some evaluative depth. However, there are minor instances of narration that could be replaced with more critical analysis.

Report Structure, Formatting & Language: 5 (Excellent)
  The report is well-structured with clear sections and follows all formatting requirements. The language is professional and free of significant errors.","26",,,,"67",,,
"45063486","LIZANI, A","","34.5","Score: 34.5/50.0 (69.0%)

Azukile Lizani's essay provides a clear thesis and generally supports it with relevant historical evidence. The analysis is mostly descriptive, and the argument could be strengthened by integrating evidence more seamlessly and exploring the complexities of the US-Soviet relationship in greater depth. The structure is logical, but transitions could be improved. Language and referencing need attention to detail.

STRENGTHS:
? Clear thesis statement addressing the prompt
? Good range of historical evidence

AREAS FOR IMPROVEMENT:
? Deeper analysis of US-Soviet relations
? Improved integration of evidence and smoother transitions

CRITERIA BREAKDOWN:

Thesis Statement & Argument: 7.0 (Good)
  The thesis is clear and addresses the prompt directly, asserting that the US-Soviet relationship was tense due to various factors. The argument is generally well-structured, with each section supporting the thesis. However, the analysis could benefit from deeper exploration of the nuances in the US-Soviet relationship.

Evidence & Historical Accuracy: 10.5 (Good)
  The essay uses a good range of historical evidence, such as the Yalta and Potsdam Conferences, the atomic bomb, and Soviet expansion in Eastern Europe. However, some evidence is presented in a list-like manner rather than being fully integrated into the argument.

Analysis & Interpretation: 8.0 (Satisfactory)
  The analysis is mostly descriptive, with some cause-and-effect relationships identified. The essay could benefit from a more nuanced exploration of the complexities and motivations behind the actions of the US and USSR.

Structure & Organization: 3.5 (Good)
  The essay is generally well-organized, with a clear introduction, body, and conclusion. Transitions between sections could be smoother to enhance the flow of the argument.

Language, Style & Referencing: 5.5 (Satisfactory)
  The writing is generally clear, but there are some grammatical errors and awkward phrasing. The referencing is inconsistent, with some sources appearing outdated or incorrectly formatted.","32.5",,"34","Score: 34/50 (68.0%)

The submission demonstrates a good overall understanding of CAPS alignment and teaching strategies, with some insightful suggestions for improvement. However, the analysis of second-order concepts could be deeper, and the pedagogical rationale for suggested improvements could be more detailed.

STRENGTHS:
? Good understanding of CAPS alignment and specific aims.
? Insightful suggestions for improving teaching strategies.

AREAS FOR IMPROVEMENT:
? Deeper engagement with second-order historical concepts.
? More detailed pedagogical rationale for improvement suggestions.

CRITERIA BREAKDOWN:

CAPS Alignment & History Specific Aims: 8 (Good)
  The submission demonstrates a good understanding of CAPS alignment, identifying Specific Aims 1, 2, and 3. However, the analysis lacks depth in connecting these aims to the lesson activities. The critique of the lesson's failure to incorporate source-based exercises is valid but could be expanded with more examples from the lesson.

History Second-Order Concepts: 5 (Satisfactory)
  The submission mentions second-order concepts like causation and significance but does not deeply engage with how these are addressed in the lesson. The critique is mostly descriptive, lacking a critical evaluation of how the lesson could better promote these concepts.

Teaching & Learning Strategies Analysis: 7 (Good)
  The report provides a good identification of the teaching strategies used, noting the teacher-centered approach. The suggestion to incorporate more interactive techniques like propaganda analysis is insightful, though the rationale for these suggestions could be more developed.

Grade-Level Appropriateness & Improvement Suggestions: 6 (Good)
  The evaluation of grade-level appropriateness is well-considered, noting the low cognitive demand of the lesson. The suggestions for improvement, such as using higher-order questioning, are practical but could benefit from a more detailed pedagogical rationale.

Critical Analysis & Depth (Not Narration): 3 (Good)
  The report maintains a mostly analytical stance with some evaluative depth. There are minor instances of narration, but overall, the student takes a critical position on the lesson quality.

Report Structure, Formatting & Language: 5 (Excellent)
  The report is well-structured with a clear introduction, body, and conclusion. It adheres to all formatting requirements and uses professional academic language with minimal errors.","24",,,,"66",,,
"48569887","MABULA, MBR","","34.5","Score: 34.5/50.0 (69.0%)

The submission demonstrates a solid understanding of the historical context and provides a coherent argument about the U.S.-Soviet relationship post-WWII. However, it could benefit from deeper analysis and more precise language. Attention to historical accuracy and consistent referencing would enhance the overall quality.

STRENGTHS:
? Good use of historical conferences to support the argument.
? Clear thesis that addresses the prompt.

AREAS FOR IMPROVEMENT:
? Improve historical accuracy, particularly in dates and events.
? Enhance the depth of analysis to explore complexities beyond surface-level descriptions.

CRITERIA BREAKDOWN:

Thesis Statement & Argument: 6.5 (Good)
  The thesis is clear and addresses the prompt by acknowledging the tension between the United States and the Soviet Union during and after WWII. The argument is generally logical, but could benefit from more nuanced analysis of the complexities involved.

Evidence & Historical Accuracy: 10.5 (Good)
  The essay uses a good range of evidence, such as the Tehran, Yalta, and Potsdam conferences, to support the argument. However, some details, like the incorrect date for the Yalta Conference, undermine accuracy.

Analysis & Interpretation: 8.0 (Satisfactory)
  The analysis provides a basic explanation of the tensions and ideological differences. However, it often remains descriptive and lacks depth in exploring the complexities of the U.S.-Soviet relationship.

Structure & Organization: 3.5 (Good)
  The essay is generally well-structured with clear sections. However, transitions between ideas could be smoother to enhance the flow of the argument.

Language, Style & Referencing: 6.0 (Satisfactory)
  The writing is mostly clear, but there are frequent grammatical errors and awkward phrasing. Referencing is present but inconsistent, with some inaccuracies in citation format.","33",,"44","Score: 44/50 (88.0%)

The submission demonstrates a sophisticated understanding of historical concepts and CAPS alignment, with insightful analysis of teaching strategies. While the report is well-structured and mostly analytical, further depth in critical analysis and rationale for improvement suggestions would enhance the evaluation.

STRENGTHS:
? Thorough CAPS alignment analysis
? Effective use of second-order concepts

AREAS FOR IMPROVEMENT:
? Explore moral dimensions more deeply
? Provide more detailed rationale for improvement suggestions

CRITERIA BREAKDOWN:

CAPS Alignment & History Specific Aims: 11 (Excellent)
  The submission provides a thorough analysis of CAPS alignment, identifying specific aims such as fostering passion for the past and building historical knowledge. The use of a balloon metaphor and quizzes aligns well with CAPS aims, demonstrating a deep understanding of the curriculum.

History Second-Order Concepts: 9 (Excellent)
  The report demonstrates an excellent understanding of second-order concepts such as causation, change, and multi-perspectivity. The use of maps and national symbolism effectively promotes these concepts, although the moral dimension could be explored further.

Teaching & Learning Strategies Analysis: 9 (Excellent)
  The analysis of teaching strategies is insightful, highlighting the use of interactive video pauses and multi-modal instruction. The strategies are well-suited to diverse learning profiles and align with CAPS skills progression.

Grade-Level Appropriateness & Improvement Suggestions: 6 (Good)
  The evaluation of grade-level appropriateness is good, with practical suggestions for improvement such as integrating primary sources and role-play debates. However, the rationale for these improvements could be more detailed.

Critical Analysis & Depth (Not Narration): 3 (Good)
  The report is mostly analytical with some evaluative depth. While it avoids narration, there are areas where the analysis could be more critical, particularly in evaluating the lesson's limitations.

Report Structure, Formatting & Language: 6 (Excellent)
  The report is well-structured and follows all formatting requirements. The language is professional with minimal errors, contributing to a clear and coherent analysis.",,,,,"68",,,
"39113582","MABUNDA, TC","","37.5","Score: 37.5/50.0 (75.0%)

The submission demonstrates a solid understanding of the historical context and provides a clear argument about the tensions between the US and the USSR. However, the analysis could be more nuanced, and the writing style needs refinement to improve clarity. The use of evidence is generally good, but integration into the argument could be improved.

STRENGTHS:
? Clear thesis statement addressing historical tensions
? Good range of historical evidence used

AREAS FOR IMPROVEMENT:
? Depth of analysis on US-Soviet relations
? Clarity and grammatical accuracy in writing

CRITERIA BREAKDOWN:

Thesis Statement & Argument: 7.5 (Good)
  The thesis is clear and addresses the prompt by arguing that tensions existed between the US and the USSR during WWII and were exposed rather than created by the war's end. The argument is generally well-structured, but could benefit from more consistent support throughout.

Evidence & Historical Accuracy: 10.5 (Good)
  The essay uses a good range of accurate historical evidence, such as the Lend-Lease program and the Berlin Blockade. However, some evidence is not fully integrated into the argument, and there are occasional inaccuracies, such as the incorrect date for the Berlin Blockade.

Analysis & Interpretation: 8.5 (Satisfactory)
  The analysis is generally descriptive, with some attempt to explain the significance of events like the Yalta Conference and the Marshall Plan. However, the essay often lacks depth in exploring the complexities of US-Soviet relations and the transition from WWII to the Cold War.

Structure & Organization: 3.5 (Good)
  The essay is generally well-organized with clear sections addressing different aspects of the US-Soviet relationship. However, some transitions between sections could be smoother, and the introduction could more clearly outline the essay's structure.

Language, Style & Referencing: 7.5 (Satisfactory)
  The writing is mostly clear, but there are frequent grammatical errors and awkward phrasing that occasionally impede understanding. Referencing is generally accurate, but some citations lack page numbers.","33.5",,"26","Score: 26/50 (52.0%)

The submission demonstrates a basic understanding of the lesson's alignment with CAPS and second-order concepts. However, the analysis lacks depth, particularly in evaluating how these concepts are integrated into the lesson. The student identifies teaching strategies but could provide a more detailed rationale for their effectiveness. Improvement suggestions are present but need more detailed pedagogical reasoning.

STRENGTHS:
? Identifies teaching strategies used in the lesson.
? Recognizes the importance of second-order concepts in History.

AREAS FOR IMPROVEMENT:
? Provide a deeper analysis of how the lesson aligns with CAPS specific aims.
? Develop a more detailed rationale for improvement suggestions.

CRITERIA BREAKDOWN:

CAPS Alignment & History Specific Aims: 5 (Satisfactory)
  The submission mentions CAPS alignment but lacks depth in evaluating how the lesson meets specific aims. The student lists some aims but does not provide a thorough analysis of how these are integrated into the lesson.

History Second-Order Concepts: 4 (Satisfactory)
  The student identifies some second-order concepts like cause and effect and differences but does not critically evaluate how these are promoted in the lesson. The analysis is superficial and lacks specific examples from the lesson.

Teaching & Learning Strategies Analysis: 6 (Good)
  The student identifies several teaching strategies and provides a basic evaluation of their effectiveness. However, the rationale behind these evaluations could be more developed.

Grade-Level Appropriateness & Improvement Suggestions: 5 (Good)
  The student evaluates the lesson's appropriateness for the grade level and provides some improvement suggestions. However, the rationale for these suggestions could be more detailed.

Critical Analysis & Depth (Not Narration): 2 (Satisfactory)
  The report contains a mix of analysis and narration. While some critical points are made, the student often reverts to describing the lesson rather than evaluating it.

Report Structure, Formatting & Language: 4 (Good)
  The report is well-structured and mostly follows formatting requirements. There are minor language errors, but they do not impede understanding.","22.5",,,,"63",,,
"45820694","MAFRIKA, SM","","32","Score: 32.0/50.0 (64.0%)

The essay demonstrates a solid understanding of the historical events and tensions between the US and the Soviet Union at the end of World War II. The argument is generally well-structured and supported by relevant evidence. However, the analysis could be more nuanced, and the writing style needs refinement to improve clarity. Greater engagement with primary sources and critical perspectives would enhance the depth of the analysis.

STRENGTHS:
? Good use of historical evidence to support the argument.
? Clear structure and organization of the essay.

AREAS FOR IMPROVEMENT:
? Deepen the analysis by exploring complexities and alternative perspectives.
? Refine writing style to improve clarity and coherence.

CRITERIA BREAKDOWN:

Thesis Statement & Argument: 6.5 (Good)
  The thesis is clear and addresses the prompt by stating that the alliance between the US and the Soviet Union was necessity-based and fraught with tension. The argument is generally well-structured, with each section supporting the thesis through analysis of key events. However, the argument could be more persuasive with deeper engagement with counterarguments or alternative perspectives.

Evidence & Historical Accuracy: 10.5 (Good)
  The essay uses a good range of accurate historical evidence, such as the Yalta and Potsdam Conferences, the Truman Doctrine, and the Berlin Airlift. The evidence is generally well-integrated into the argument. However, there are some minor inaccuracies and a tendency to rely heavily on secondary sources without critical engagement.

Analysis & Interpretation: 8.0 (Satisfactory)
  The analysis provides basic explanations of the events and their significance, such as the ideological differences between the US and the Soviet Union. However, the analysis often remains descriptive and lacks depth in exploring the complexities and nuances of the Cold War dynamics.

Structure & Organization: 3.5 (Good)
  The essay is generally well-organized with a clear introduction, body, and conclusion. Each section is focused on a specific aspect of the argument. Transitions between sections are mostly clear, though some paragraphs could be more tightly connected.

Language, Style & Referencing: 3.5 (Satisfactory)
  The writing is generally clear, but there are frequent minor errors and awkward phrasing that occasionally impede understanding. Referencing is mostly accurate, but some sources are not fully integrated into the analysis.","38.5",,"31","Score: 31/50 (62.0%)

The student provides a well-structured report with a good understanding of CAPS alignment and grade-level appropriateness. However, the analysis of second-order concepts and teaching strategies could be more in-depth. The report is mostly analytical, with some room for improvement in critical engagement.

STRENGTHS:
? Good understanding of CAPS alignment.
? Well-structured report with clear formatting.

AREAS FOR IMPROVEMENT:
? Deeper analysis of second-order concepts.
? More detailed evaluation of teaching strategies.

CRITERIA BREAKDOWN:

CAPS Alignment & History Specific Aims: 8 (Good)
  The student demonstrates a good understanding of CAPS alignment, identifying key aims such as critical thinking and questioning the past. However, the analysis lacks depth in discussing how the lesson could better meet these aims by encouraging more critical engagement.

History Second-Order Concepts: 5 (Satisfactory)
  The submission mentions second-order concepts like causation and significance but does not fully explore them. The analysis is somewhat superficial, as it does not delve deeply into how these concepts are addressed or could be enhanced in the lesson.

Teaching & Learning Strategies Analysis: 5 (Satisfactory)
  The student identifies the teacher-centered approach but does not provide a thorough evaluation of its effectiveness. The critique could be improved by suggesting specific strategies that align with CAPS, such as group discussions or source analysis.

Grade-Level Appropriateness & Improvement Suggestions: 5 (Good)
  The student provides a good evaluation of the lesson's grade-level appropriateness and offers practical suggestions for improvement. However, the rationale for these suggestions could be more detailed.

Critical Analysis & Depth: 3 (Good)
  The report is mostly analytical, with some evaluative depth. There are minor instances of narration, but overall, the student maintains a critical stance.

Report Structure, Formatting & Language: 5 (Excellent)
  The report is well-structured with a clear introduction, body, and conclusion. It follows all formatting requirements and uses professional academic language with minimal errors.","22.5",,,,"65",,,
"41115392","MAGANE, KM","","38.5","Score: 38.5/50.0 (77.0%)

The submission provides a solid analysis of the US-Soviet relationship during and immediately after World War II. It effectively uses historical evidence and demonstrates a good understanding of the period. However, the analysis could be deepened, and the integration of evidence could be more seamless. The structure is mostly clear, and the language is appropriate, though there is room for improvement in focus and precision.

STRENGTHS:
? Effective use of historical evidence to support claims.
? Clear thesis statement addressing the prompt.

AREAS FOR IMPROVEMENT:
? Provide more nuanced analysis of the complexities in the US-Soviet relationship.
? Enhance the integration of evidence into the argument.

CRITERIA BREAKDOWN:

Thesis Statement & Argument: 7.5 (Good)
  The thesis is clear and addresses the prompt effectively, arguing that the US-Soviet alliance was characterized by tension. The argument is generally well-structured and supported by relevant evidence, though it could benefit from more nuanced analysis of the complexities involved.

Evidence & Historical Accuracy: 10.5 (Good)
  The submission uses a good range of accurate evidence to support its claims, such as references to the Yalta and Potsdam conferences and the Lend-Lease program. However, the integration of evidence could be more seamless, and some points could benefit from additional detail.

Analysis & Interpretation: 9.5 (Good)
  The analysis demonstrates good critical thinking, explaining key events and their significance. The submission connects cause and effect reasonably well but could delve deeper into the nuances and complexities of the US-Soviet relationship.

Structure & Organization: 3.5 (Good)
  The essay is generally well-organized with a clear introduction, body, and conclusion. Transitions between paragraphs are mostly clear, though some sections could be more focused to enhance clarity.

Language, Style & Referencing: 7.5 (Good)
  The writing is generally clear and appropriate, with minor errors that do not impede understanding. Referencing is mostly accurate, though some citations could be more precise.","35.8",,"38","Score: 38/50 (76.0%)

The submission demonstrates a solid grasp of historical concepts and pedagogical strategies. The student effectively analyzes the lesson's alignment with CAPS and its promotion of second-order concepts. While the teaching strategies are identified, the rationale for their effectiveness could be expanded. The report is well-structured and mostly analytical, with practical suggestions for improvement.

STRENGTHS:
? Excellent understanding of second-order historical concepts.
? Clear and structured report following academic conventions.

AREAS FOR IMPROVEMENT:
? Provide deeper analysis of how CAPS aims are met with specific evidence.
? Expand on the pedagogical rationale for the effectiveness of teaching strategies.

CRITERIA BREAKDOWN:

CAPS Alignment & History Specific Aims: 8 (Good)
  The submission provides a good discussion of CAPS alignment, identifying specific aims such as understanding world events and cause-and-effect links. However, the analysis could be deeper, particularly in evaluating how each aim is met with evidence from the lesson.

History Second-Order Concepts: 9 (Excellent)
  The student demonstrates an excellent understanding of second-order concepts, such as causation, change and continuity, and significance. The report critically evaluates how these concepts are promoted through specific lesson activities.

Teaching & Learning Strategies Analysis: 7 (Good)
  The report identifies several teaching strategies, such as visual aids and discussion, and comments on their effectiveness. However, the rationale for their effectiveness could be more fully developed.

Grade-Level Appropriateness & Improvement Suggestions: 6 (Good)
  The evaluation of grade-level appropriateness is good, with practical suggestions for improvement. The rationale for these suggestions is present but could be more detailed.

Critical Analysis & Depth: 3 (Good)
  The report is mostly analytical with some evaluative depth. There are minor instances of narration, but overall, it maintains a critical stance.

Report Structure, Formatting & Language: 5 (Excellent)
  The report is well-structured with a clear introduction, body, and conclusion. It follows all formatting requirements and uses professional academic language with minimal errors.","22.5",,,,"70",,,
"45882932","MAILULA, TG","","41","Score: 41.0/50.0 (82.0%)

The submission demonstrates a strong understanding of the historical context and effectively translates this into a well-structured argument. The use of evidence is solid, though there is room for more seamless integration and deeper analysis in some areas. The essay is well-organized and mostly free of language errors, with accurate referencing.

STRENGTHS:
? The student effectively identifies and analyzes key historical events and tensions between the US and Soviet Union.
? The essay is well-structured, with a clear thesis and logical progression of ideas.

AREAS FOR IMPROVEMENT:
? Integrate evidence more seamlessly to strengthen the argument.
? Explore some complexities and nuances in greater depth to enhance analysis.

CRITERIA BREAKDOWN:

Thesis Statement & Argument: 9.0 (Excellent)
  The thesis is clear, focused, and directly addresses the prompt. The argument is well-structured and persuasive, consistently supporting the thesis with insightful analysis.

Evidence & Historical Accuracy: 10.5 (Good)
  The essay uses a good range of accurate evidence and demonstrates a solid understanding of the period. However, integration of evidence could be more seamless, and some claims could be better substantiated.

Analysis & Interpretation: 10.0 (Good)
  The analysis is strong, explaining key events and their significance. The essay connects cause and effect reasonably well, although some areas could benefit from deeper exploration of complexities.

Structure & Organization: 4.5 (Excellent)
  The essay is logically structured with a clear introduction, body, and conclusion. Transitions are smooth, and each paragraph is focused and contributes to the overall argument.

Language, Style & Referencing: 7.0 (Good)
  The writing is generally clear and appropriate, with minor errors that do not impede understanding. Referencing is mostly accurate, though some citations could be more precise.","32",,"35","Score: 35/50 (70.0%)

The submission demonstrates a good understanding of CAPS alignment and second-order concepts, with effective teaching strategies identified. The analysis is generally sound, though deeper evaluation and more detailed pedagogical rationale would enhance the report. The structure and language are excellent, contributing to a clear and professional presentation.

STRENGTHS:
? Solid understanding of CAPS History-specific aims.
? Identification of effective teaching strategies.

AREAS FOR IMPROVEMENT:
? Deeper analysis of second-order concepts.
? More detailed pedagogical rationale for improvement suggestions.

CRITERIA BREAKDOWN:

CAPS Alignment & History Specific Aims: 8 (Good)
  The submission demonstrates a solid understanding of CAPS History-specific aims. The student identifies key aims such as the development of historical knowledge, skills, and values, and connects them to the lesson content. However, the analysis could be more detailed, particularly in evaluating how well these aims are achieved in the lesson.

History Second-Order Concepts: 6 (Good)
  The student identifies several second-order concepts such as causation, significance, and continuity/change. However, the analysis lacks depth in explaining how these concepts are effectively integrated into the lesson. More examples and a deeper evaluation of the lesson's engagement with these concepts would enhance this section.

Teaching & Learning Strategies Analysis: 7 (Good)
  The student identifies various teaching strategies used in the lesson, such as questioning and the use of visual aids. The analysis of their effectiveness is present but could benefit from a more detailed pedagogical rationale. Suggestions for improvement, such as incorporating more learner-centered activities, are well-founded.

Grade-Level Appropriateness & Improvement Suggestions: 6 (Good)
  The student evaluates the lesson's appropriateness for Grade 9 learners and provides practical suggestions for improvement. The rationale for these suggestions is sound, though it could be more detailed to better support the recommendations.

Critical Analysis & Depth: 3 (Good)
  The report is mostly analytical with some evaluative depth. There are minor instances of narration, but overall, the student maintains a critical stance. More original thinking and professional insight would enhance this section.

Report Structure, Formatting & Language: 5 (Good)
  The report is well-structured and follows all formatting requirements. The language is professional with minimal errors, contributing to a clear and coherent presentation.","28.5",,,,"72",,,
"38219735","MAKAUKAU, BT","","23","Score: 23.0/50.0 (46.0%)

The submission demonstrates a basic understanding of the US-Soviet relationship during and after World War II. However, it lacks depth in analysis and historical accuracy. The argument is underdeveloped, and the reliance on a single source limits the breadth of evidence. Improvements in structure, referencing, and analytical depth are needed.

STRENGTHS:
? The student attempts to address the prompt and provide a thesis statement.
? The submission includes a range of historical events relevant to the topic.

AREAS FOR IMPROVEMENT:
? Provide a more nuanced analysis of the US-Soviet relationship and its complexities.
? Improve the integration of evidence and ensure accurate referencing from diverse sources.

CRITERIA BREAKDOWN:

Thesis Statement & Argument: 5.0 (Satisfactory)
  The thesis statement is present and addresses the prompt, but it lacks depth and specificity. The argument is somewhat underdeveloped, as the essay does not consistently support the thesis with insightful analysis. The argument is mostly descriptive rather than analytical.

Evidence & Historical Accuracy: 8.0 (Satisfactory)
  The essay provides some relevant evidence, but it is limited in scope and integration. There are inaccuracies and a lack of depth in the historical context provided. The reliance on a single source for multiple sections limits the breadth of evidence.

Analysis & Interpretation: 5.0 (Needs Improvement)
  The analysis is primarily descriptive and lacks depth. The essay fails to engage with the complexities of the US-Soviet relationship and the broader geopolitical context. There is little explanation of how and why events occurred.

Structure & Organization: 2.5 (Satisfactory)
  The essay has a basic structure with an introduction, body, and conclusion, but the organization is inconsistent. Some sections are abrupt and lack clear transitions, making it difficult to follow the argument.

Language, Style & Referencing: 2.5 (Needs Improvement)
  The writing contains several errors and lacks clarity in places. Referencing is inconsistent and often relies on a single source, which is not adequately cited. The style is basic and lacks sophistication.","28.5",,"24","Score: 24/50 (48.0%)

The submission demonstrates a basic understanding of the lesson's alignment with CAPS and second-order concepts. However, it lacks depth in analysis and critical evaluation. The teaching strategies are identified but not thoroughly evaluated. Improvement suggestions are minimal and lack a strong pedagogical rationale.

STRENGTHS:
? Identifies key second-order concepts such as causation and change.
? Mentions CAPS alignment and attempts to connect it to lesson activities.

AREAS FOR IMPROVEMENT:
? Provide a deeper analysis of how the lesson aligns with specific CAPS aims.
? Develop a more critical evaluation of teaching strategies and their effectiveness.

CRITERIA BREAKDOWN:

CAPS Alignment & History Specific Aims: 5 (Satisfactory)
  The submission mentions CAPS alignment but lacks depth in connecting specific CAPS aims to the lesson activities. The analysis is superficial and does not provide evidence from the video to support claims.

History Second-Order Concepts: 6 (Good)
  The student identifies several second-order concepts such as causation, change and continuity, and significance. However, the analysis of how these concepts are promoted in the lesson is not fully developed.

Teaching & Learning Strategies Analysis: 5 (Satisfactory)
  The submission identifies teaching strategies like direct instruction and group discussions but lacks evaluative depth. The rationale for their effectiveness is not well articulated.

Grade-Level Appropriateness & Improvement Suggestions: 4 (Satisfactory)
  The report comments on the lesson's engagement but provides limited suggestions for improvement. The rationale for the suggestions is weak.

Critical Analysis & Depth (Not Narration): 1 (Needs Improvement)
  The report predominantly narrates the lesson rather than critically analyzing it. There is little evidence of original thinking or professional insight.

Report Structure, Formatting & Language: 3 (Good)
  The report follows the basic structure and formatting requirements. However, there are minor language errors and the report lacks a clear analytical focus.","26.5",,,,"54",,,
"46556532","MAKHANTHISA, AV","","33.5","Score: 33.5/50.0 (67.0%)

The essay demonstrates a solid understanding of the historical context of US-Soviet relations during and immediately after WWII. While the thesis is clear and supported by relevant evidence, the analysis could be more nuanced and integrated. Improvements in language clarity and referencing would enhance the overall quality.

STRENGTHS:
? Good use of historical events to support thesis
? Clear thesis addressing the prompt

AREAS FOR IMPROVEMENT:
? Deeper analysis of the complexities in US-Soviet relations
? More consistent and accurate referencing

CRITERIA BREAKDOWN:

Thesis Statement & Argument: 6.5 (Good)
  The thesis is clear and addresses the prompt by focusing on the tensions within the US-Soviet alliance during WWII. The argument is generally logical and supported by relevant historical events, such as the Tehran, Yalta, and Potsdam conferences. However, the argument could be more persuasive with deeper analysis of how these tensions specifically impacted post-war relations.

Evidence & Historical Accuracy: 10.5 (Good)
  The essay uses a good range of historical evidence, such as the Tehran, Yalta, and Potsdam conferences, to support its claims. The evidence is generally accurate and relevant, though at times it could be better integrated into the argument. More primary source references would enhance the depth of historical understanding.

Analysis & Interpretation: 8.0 (Satisfactory)
  The analysis is mostly descriptive, with some attempt to explain the significance of events like the conferences. However, the essay often lacks depth in exploring the complexities and nuances of US-Soviet relations. Greater emphasis on cause and effect, and the implications of these events, would strengthen the analysis.

Structure & Organization: 3.5 (Good)
  The essay is generally well-structured with a clear introduction, body, and conclusion. Paragraphs are mostly organized, though transitions between ideas could be smoother. Some sections, particularly the conclusion, could more effectively summarize the main points.

Language, Style & Referencing: 5.0 (Satisfactory)
  The writing is mostly clear, though there are occasional grammatical errors and awkward phrasing that can impede understanding. Referencing is inconsistent, with some sources cited in-text but not all included in the reference list. Ensuring all sources are properly cited would improve the academic rigor.","41",,"42","",,,,,"78",,,
"45158533","MANENGENA, MH","","33.5","Score: 33.5/50.0 (67.0%)

The submission provides a solid analysis of the US-Soviet relationship post-WWII, supported by relevant historical evidence. The thesis is clear, and the argument is generally well-structured, though it could benefit from deeper analysis and more consistent referencing.

STRENGTHS:
? Clear thesis statement addressing the historical prompt.
? Good use of historical evidence to support the argument.

AREAS FOR IMPROVEMENT:
? Deeper integration and analysis of historical evidence.
? Consistent and accurate referencing style.

CRITERIA BREAKDOWN:

Thesis Statement & Argument: 7.0 (Good)
  The thesis is clear and addresses the prompt effectively, asserting that the US-Soviet relationship was tense despite their alliance during WWII. The argument is generally well-structured, but could benefit from more nuanced analysis of how these tensions manifested in specific events.

Evidence & Historical Accuracy: 10.5 (Good)
  The essay uses a good range of evidence, including references to key conferences and policies. However, some evidence could be more deeply integrated into the argument. The understanding of the period is solid, though there are minor inaccuracies in referencing.

Analysis & Interpretation: 9.5 (Good)
  The analysis demonstrates a reasonable understanding of the complexities of US-Soviet relations post-WWII. While the essay connects cause and effect, it occasionally lacks depth in exploring the nuances of these relationships.

Structure & Organization: 3.5 (Good)
  The essay is generally well-organized with a clear introduction, body, and conclusion. Some transitions between paragraphs could be smoother to enhance the flow of the argument.

Language, Style & Referencing: 3.0 (Satisfactory)
  The writing is mostly clear, though there are some grammatical errors and awkward phrasing. Referencing is present but inconsistent in style and accuracy.","31",,"24","Score: 24/50 (48.0%)

The report demonstrates a basic understanding of CAPS alignment and second-order concepts but lacks depth in analysis and evaluation. The teaching strategies are identified but not critically assessed. Suggestions for improvement are present but could be more thoroughly justified.

STRENGTHS:
? Identifies CAPS aims related to historical knowledge.
? Provides some suggestions for improving lesson engagement.

AREAS FOR IMPROVEMENT:
? Deepen analysis of second-order historical concepts.
? Provide a more thorough evaluation of teaching strategies with pedagogical rationale.

CRITERIA BREAKDOWN:

CAPS Alignment & History Specific Aims: 5 (Satisfactory)
  The submission identifies the CAPS aims related to historical knowledge but lacks depth in discussing the development of historical skills and critical thinking. The report mentions the lesson's alignment with the first CAPS aim but fails to provide sufficient evidence for the second and third aims.

History Second-Order Concepts: 4 (Satisfactory)
  The report mentions second-order concepts like causation and significance but does not deeply engage with how these are promoted in the lesson. There is a lack of specific examples or analysis of how these concepts are integrated into the teaching.

Teaching & Learning Strategies Analysis: 5 (Satisfactory)
  The analysis of teaching strategies is mostly descriptive. While the report identifies the teacher-centered approach, it lacks a thorough evaluation of its effectiveness and does not provide a strong pedagogical rationale.

Grade-Level Appropriateness & Improvement Suggestions: 5 (Good)
  The report evaluates the appropriateness of the lesson for Grade 9 and suggests improvements, such as using interactive exercises. However, the rationale for these suggestions could be more detailed.

Critical Analysis & Depth (Not Narration): 2 (Satisfactory)
  The report contains a mix of analysis and narration. While it attempts to critique the lesson, it often reverts to describing what happened rather than evaluating it.

Report Structure, Formatting & Language: 3 (Needs Improvement)
  The report structure is basic and does not fully adhere to formatting requirements. There are some language issues, and the report is slightly under the required length.","22.5",,,,"61",,,
"45202885","MANGANYI, X","","34.5","Score: 34.5/50.0 (69.0%)

The submission demonstrates a good understanding of the historical context and provides a coherent argument about the US-Soviet tensions post-World War II. However, the analysis could be deeper, and the use of more scholarly sources would enhance the historical accuracy.

STRENGTHS:
? Clear thesis statement addressing the historical prompt.
? Logical structure with a clear introduction and conclusion.

AREAS FOR IMPROVEMENT:
? Incorporate more primary and scholarly sources to strengthen historical accuracy.
? Develop deeper analysis to explore the complexities of historical events.

CRITERIA BREAKDOWN:

Thesis Statement & Argument: 7.0 (Good)
  The thesis is clear and addresses the prompt by asserting that the US-Soviet relationship was tense due to ideological differences and postwar developments. The argument is generally well-structured, but some points could be more directly tied to the thesis.

Evidence & Historical Accuracy: 8.5 (Satisfactory)
  The submission uses a range of evidence from various sources, but the reliance on non-academic sources like Reddit weakens the historical accuracy. More primary sources and scholarly references would strengthen the argument.

Analysis & Interpretation: 8.0 (Satisfactory)
  The analysis provides a basic explanation of key events and their significance. However, it often remains descriptive and lacks depth in exploring the complexities of the US-Soviet relationship.

Structure & Organization: 3.5 (Good)
  The essay is generally well-organized with a clear introduction, body, and conclusion. Some paragraphs could be more focused to enhance coherence.

Language, Style & Referencing: 7.5 (Satisfactory)
  The writing is mostly clear, but there are some errors and awkward phrasing. Referencing is inconsistent, with some sources not being academic.","32.5",,"33","Score: 33/50 (66.0%)

The submission demonstrates a good understanding of CAPS alignment and second-order historical concepts. The analysis of teaching strategies is competent, and the report is mostly analytical. However, deeper analysis and more detailed rationale for improvement suggestions would enhance the submission.

STRENGTHS:
? Good identification of CAPS alignment and second-order concepts.
? Effective analysis of teaching strategies used in the lesson.

AREAS FOR IMPROVEMENT:
? Provide deeper analysis of historical significance and more examples.
? Offer more detailed rationale for improvement suggestions.

CRITERIA BREAKDOWN:

CAPS Alignment & History Specific Aims: 8 (Good)
  The submission provides a good discussion of CAPS alignment, identifying specific aims such as promoting historical inquiry and contextualizing post-WWII conflicts. However, the analysis could be deeper, with more explicit connections to the CAPS document.

History Second-Order Concepts: 6 (Good)
  The student demonstrates a good understanding of second-order concepts like chronology, change and continuity, and multi-perspectivity. The analysis could be enhanced by providing more examples and a deeper exploration of historical significance.

Teaching & Learning Strategies Analysis: 7 (Good)
  The report identifies several effective teaching strategies, such as interactive tests and the use of graphics. The rationale for their effectiveness is present but could be more thoroughly developed.

Grade-Level Appropriateness & Improvement Suggestions: 5 (Good)
  The submission evaluates the lesson's suitability for Grade 9 and suggests improvements, such as using primary sources and relating content to the South African context. The rationale for these suggestions could be more detailed.

Critical Analysis & Depth (Not Narration): 3 (Good)
  The report is mostly analytical with some evaluative depth. There are minor instances of narration, but overall it maintains a critical stance.

Report Structure, Formatting & Language: 4 (Good)
  The report is well-structured and mostly follows formatting requirements. There are minor language errors, but they do not impede understanding.","29.5",,,,"68",,,
"39015653","MANHICANI, F","","28.5","Score: 28.5/50.0 (57.0%)

The submission provides a basic overview of the U.S.-Soviet relationship during and after WWII. While the thesis is clear, the argument lacks depth and detailed analysis. The use of evidence is limited, and there are issues with historical accuracy and referencing. Improving the integration of evidence and expanding on the analysis of events would enhance the overall quality.

STRENGTHS:
? Clear thesis statement addressing the prompt
? Recognizable structure with clear sections

AREAS FOR IMPROVEMENT:
? Improve depth and integration of historical evidence
? Enhance analysis of cause and effect in historical events

CRITERIA BREAKDOWN:

Thesis Statement & Argument: 6.5 (Good)
  The thesis is clear and addresses the prompt, focusing on the tension between the U.S. and the Soviet Union during and after WWII. The argument is generally logical, but lacks depth in exploring the nuances of the relationship. More detailed analysis of specific events would strengthen the argument.

Evidence & Historical Accuracy: 8.0 (Satisfactory)
  The submission uses some relevant evidence but lacks depth and integration. The evidence is often listed rather than analyzed in context. There are some inaccuracies and anachronisms, such as referencing future dates for sources.

Analysis & Interpretation: 7.0 (Satisfactory)
  The analysis is mostly descriptive and lacks depth. While key events are mentioned, the submission does not sufficiently explain the complexities and nuances of the U.S.-Soviet relationship. Greater focus on cause and effect would enhance the analysis.

Structure & Organization: 3.5 (Good)
  The essay is generally well-structured with a clear introduction and conclusion. However, some sections lack smooth transitions, and the organization within paragraphs could be improved for clarity.

Language, Style & Referencing: 3.5 (Satisfactory)
  The writing is generally clear, but there are frequent errors in referencing and some awkward phrasing. The use of future dates for sources is problematic and affects credibility.","27",,"33","Score: 33/50 (66.0%)

The student demonstrates a solid understanding of CAPS alignment and second-order historical concepts. The teaching strategies are identified well, though the pedagogical rationale could be expanded. The report is well-structured and mostly analytical, with some room for deeper critical evaluation.

STRENGTHS:
? Good understanding of CAPS alignment and second-order concepts.
? Well-structured report with clear formatting.

AREAS FOR IMPROVEMENT:
? Provide deeper analysis of how second-order concepts are promoted in the lesson.
? Expand on the pedagogical rationale for teaching strategies.

CRITERIA BREAKDOWN:

CAPS Alignment & History Specific Aims: 8 (Good)
  The submission provides a solid discussion of CAPS alignment, particularly in terms of chronological awareness and multi-perspectivity. However, the analysis could be deeper, especially in connecting specific aims to the lesson activities.

History Second-Order Concepts: 6 (Good)
  The student demonstrates a good understanding of second-order concepts such as cause and effect and historical significance. However, the analysis lacks depth in how these concepts are promoted in the lesson.

Teaching & Learning Strategies Analysis: 6 (Good)
  The student identifies several teaching strategies, such as the use of maps and visual prompts. While the effectiveness is noted, the pedagogical rationale could be more fully developed.

Grade-Level Appropriateness & Improvement Suggestions: 5 (Good)
  The evaluation of grade-level appropriateness is good, with some practical improvement suggestions. However, the rationale for these suggestions could be more detailed.

Critical Analysis & Depth (Not Narration): 3 (Good)
  The report is mostly analytical with some evaluative depth. There are minor instances of narration, but overall, it maintains a critical stance.

Report Structure, Formatting & Language: 5 (Excellent)
  The report is well-structured with a clear introduction, body, and conclusion. It follows all formatting requirements and uses professional academic language with minimal errors.","25.5",,,,"60",,,
"41107446","MANTYI, Z","","35","Score: 35.0/50.0 (70.0%)

The essay provides a comprehensive evaluation of the U.S.-Soviet alliance during and after World War II, effectively using historical evidence to support its argument. While the analysis is generally strong, further exploration of the complexities and nuances of the events discussed would enhance the depth of the argument. The structure and language are mostly effective, though some improvements in transitions and referencing consistency would benefit the overall presentation.

STRENGTHS:
? Effective use of historical evidence to support the argument.
? Clear understanding of the ideological divergence between the U.S. and the Soviet Union.

AREAS FOR IMPROVEMENT:
? Deeper analysis of the nuances and complexities of historical events.
? Improved transitions between sections to enhance essay flow.

CRITERIA BREAKDOWN:

Thesis Statement & Argument: 7.5 (Good)
  The thesis is clear and directly addresses the prompt, presenting a focused argument about the complex nature of the U.S.-Soviet alliance and the tensions that followed. The argument is generally well-structured and persuasive, though it could benefit from more explicit connections between the thesis and each piece of evidence presented.

Evidence & Historical Accuracy: 10.5 (Good)
  The essay uses a good range of accurate and relevant evidence, such as the Yalta and Potsdam conferences, the Truman Doctrine, and the Korean War. The evidence is generally well-integrated into the argument, demonstrating a solid understanding of the period. However, some evidence could be more deeply analyzed to enhance the argument.

Analysis & Interpretation: 10.0 (Good)
  The analysis demonstrates good critical thinking skills, explaining key events and their significance. The essay connects cause and effect reasonably well, particularly in discussing the ideological divergence and the impact of atomic diplomacy. However, some sections could delve deeper into the nuances and complexities of the events.

Structure & Organization: 3.5 (Good)
  The essay is generally well-structured with a clear introduction, body, and conclusion. Most paragraphs are organized and contribute to the overall argument. Transitions between sections are mostly clear, though some could be smoother to enhance the flow of the essay.

Language, Style & Referencing: 3.5 (Good)
  The writing is generally clear and appropriate, with minor errors that do not impede understanding. Vocabulary is precise, and referencing is mostly accurate, though there are some inconsistencies in citation style that could be addressed.","19",,"32","Score: 32/50 (64.0%)

The submission demonstrates a solid understanding of the CAPS requirements and History teaching strategies. While the report is well-structured and mostly analytical, it could benefit from deeper engagement with second-order concepts and more detailed pedagogical rationale for improvement suggestions.

STRENGTHS:
? Good identification of CAPS alignment and specific aims.
? Clear structure and adherence to formatting requirements.

AREAS FOR IMPROVEMENT:
? Provide deeper analysis of second-order concepts.
? Enhance pedagogical rationale for improvement suggestions.

CRITERIA BREAKDOWN:

CAPS Alignment & History Specific Aims: 8 (Good)
  The submission provides a good discussion of CAPS alignment, identifying specific aims such as critical thinking and multi-perspectivity. However, the analysis lacks depth in evaluating how these aims are integrated into the lesson. The critique of the lesson's failure to incorporate source-based activities is valid, but more evidence from the video could strengthen the argument.

History Second-Order Concepts: 5 (Satisfactory)
  The submission mentions several second-order concepts like causation and change but does not fully explore their application in the lesson. The critique correctly points out the lack of explicit teaching of these concepts, yet the analysis could benefit from more detailed examples of how these concepts could be integrated into the lesson.

Teaching & Learning Strategies Analysis: 6 (Good)
  The analysis identifies key teaching strategies such as the use of visual aids and structured content delivery. However, the critique could delve deeper into the pedagogical implications of these strategies and suggest more interactive methods to enhance learner engagement.

Grade-Level Appropriateness & Improvement Suggestions: 5 (Good)
  The submission evaluates the lesson's appropriateness for Grade 9 effectively and provides practical improvement suggestions. However, the rationale for these suggestions could be more detailed to demonstrate a deeper understanding of learner development.

Critical Analysis & Depth: 3 (Good)
  The report maintains a mostly analytical stance, with some evaluative depth. There are minor instances of narration, but overall, the submission takes a critical approach to evaluating the lesson.

Report Structure, Formatting & Language: 5 (Excellent)
  The report is well-structured with a clear introduction, body, and conclusion. It adheres to all formatting requirements and uses professional academic language with minimal errors.","30.5",,,,"62",,,
"45064199","MANYAMA, TP","","30.5","Score: 30.5/50.0 (61.0%)

The submission demonstrates a solid understanding of the historical context of US-Soviet relations at the end of WWII. While the thesis is clear and the structure is logical, the analysis lacks depth, and the evidence could be better integrated. Improvements in referencing and language clarity would enhance the overall quality.

STRENGTHS:
? Clear thesis statement addressing the prompt.
? Logical structure with a clear introduction and conclusion.

AREAS FOR IMPROVEMENT:
? Integrate evidence more seamlessly to support arguments.
? Enhance analysis by exploring the complexities of historical events.

CRITERIA BREAKDOWN:

Thesis Statement & Argument: 7.0 (Good)
  The thesis is clear and directly addresses the prompt by acknowledging the tension in the US-Soviet alliance during WWII. The argument is generally logical and supported by relevant historical events, though it could benefit from more nuanced analysis.

Evidence & Historical Accuracy: 8.5 (Satisfactory)
  The essay provides a range of historical events, such as the Yalta and Potsdam conferences, to support its claims. However, the evidence is sometimes presented in a list-like fashion and lacks depth. Greater integration and analysis of sources would strengthen the historical accuracy.

Analysis & Interpretation: 8.0 (Satisfactory)
  The essay offers basic explanations of key events but often remains descriptive. The analysis could be enhanced by exploring the complexities and nuances of the US-Soviet relationship, such as the ideological underpinnings and their impact on post-war policies.

Structure & Organization: 3.5 (Good)
  The essay is organized with a clear introduction, body, and conclusion. However, some transitions between sections are abrupt, and the flow could be improved for better coherence.

Language, Style & Referencing: 3.5 (Satisfactory)
  The writing is generally clear, though there are occasional grammatical errors and awkward phrasing. Referencing is present but inconsistent, with some sources lacking full citation details.","37.5",,"44","Score: 44/50 (88.0%)

The submission demonstrates a sophisticated understanding of historical concepts and pedagogical application. The student effectively analyzes the lesson's alignment with CAPS aims and the promotion of second-order concepts. Teaching strategies are evaluated insightfully, and the report is well-structured and analytical.

STRENGTHS:
? Thorough understanding of CAPS alignment and second-order concepts.
? Insightful evaluation of teaching strategies and effective use of pedagogical rationale.

AREAS FOR IMPROVEMENT:
? Provide more detailed rationale for improvement suggestions.
? Consider integrating more higher-order cognitive activities in lesson evaluations.

CRITERIA BREAKDOWN:

CAPS Alignment & History Specific Aims: 11 (Excellent)
  The submission provides a thorough analysis of how the lesson aligns with CAPS History specific aims. The student identifies specific aims, such as creating an interest in the past and understanding different perspectives, and evaluates them with evidence from the lesson. The use of visual materials and contrasting ideologies are well-connected to CAPS aims.

History Second-Order Concepts: 9 (Excellent)
  The report demonstrates an excellent understanding of second-order concepts such as chronology, causation, and multi-perspectivity. The student critically evaluates how these concepts are promoted in the lesson, providing specific examples like the timeline of the Cold War and the comparative analysis of capitalism and communism.

Teaching & Learning Strategies Analysis: 9 (Excellent)
  The student offers insightful commentary on the teaching strategies used in the lesson, such as the flipped-classroom model and the use of visual LTSM. The evaluation of these strategies is grounded in pedagogical rationale, highlighting their effectiveness in promoting historical understanding.

Grade-Level Appropriateness & Improvement Suggestions: 6 (Good)
  The report provides a good evaluation of the lesson's appropriateness for Grade 9, noting the balance between accessibility and academic rigor. The suggestion to incorporate higher-order cognitive activities is well-reasoned, though the rationale could be more detailed.

Critical Analysis & Depth (Not Narration): 5 (Excellent)
  The report is analytical and evaluative throughout, avoiding narration. The student takes a clear position on the lesson's quality and supports it with evidence, demonstrating original thinking and professional insight.

Report Structure, Formatting & Language: 4 (Excellent)
  The report is well-structured with a clear introduction, body, and conclusion. It follows all formatting requirements and uses professional academic language with minimal errors.","28.5",,,,"74",,,
"42193850","MANYISA, L","","33","Score: 33.0/50.0 (66.0%)

The essay presents a clear thesis and uses a good range of historical evidence to support its argument. However, it would benefit from deeper analysis and more nuanced interpretation of the events discussed. The structure is generally effective, but some transitions could be smoother. Language and referencing are mostly clear, though there are minor inconsistencies.

STRENGTHS:
? Clear thesis and logical argument structure.
? Good range of historical evidence used.

AREAS FOR IMPROVEMENT:
? Engage more deeply with the complexities of US-Soviet relations.
? Improve integration of evidence into the argument.

CRITERIA BREAKDOWN:

Thesis Statement & Argument: 7.0 (Good)
  The thesis is clear and addresses the prompt effectively, stating that the US-Soviet alliance was based on necessity rather than trust. The argument is generally logical and supported by relevant historical events, though it could benefit from deeper analysis of the complexities of these relationships.

Evidence & Historical Accuracy: 10.0 (Good)
  The essay uses a good range of historical evidence, including key events and policies such as the Yalta and Potsdam conferences, the Marshall Plan, and the Berlin Airlift. However, some evidence is not fully integrated into the argument, and there are occasional inaccuracies in the portrayal of events.

Analysis & Interpretation: 8.0 (Satisfactory)
  The analysis is mostly descriptive, with some attempts at explaining cause and effect. The essay could improve by engaging more deeply with the complexities and nuances of US-Soviet relations, particularly in terms of ideological differences and geopolitical strategies.

Structure & Organization: 3.5 (Good)
  The essay is generally well-organized with a clear introduction, body, and conclusion. However, some sections could benefit from smoother transitions and clearer connections between paragraphs.

Language, Style & Referencing: 4.5 (Satisfactory)
  The writing is mostly clear and appropriate, with some minor errors that do not impede understanding. Referencing is generally accurate, but there are inconsistencies in citation style and some missing page numbers.","33",,"32","Score: 32/50 (64.0%)

The report demonstrates a solid understanding of CAPS alignment and provides good suggestions for improvement. However, the analysis of second-order concepts and teaching strategies could be more in-depth. The report is well-structured and mostly analytical, with some areas needing more detailed evaluation.

STRENGTHS:
? Good understanding of CAPS alignment and specific aims.
? Clear structure and professional language.

AREAS FOR IMPROVEMENT:
? Deeper analysis of second-order historical concepts.
? More thorough evaluation of teaching strategies' effectiveness.

CRITERIA BREAKDOWN:

CAPS Alignment & History Specific Aims: 8 (Good)
  The report demonstrates a good understanding of CAPS alignment, particularly in using multimedia to enhance historical understanding. However, it lacks depth in discussing enquiry-based skills, which are crucial for fully meeting CAPS aims.

History Second-Order Concepts: 5 (Satisfactory)
  The report mentions second-order concepts like causation and multi-perspectivity but does not explore them deeply. The analysis of how these concepts are promoted in the lesson is limited.

Teaching & Learning Strategies Analysis: 5 (Satisfactory)
  The report identifies the teacher-centered approach and mentions some strategies but lacks a thorough evaluation of their effectiveness. The pedagogical rationale is not fully developed.

Grade-Level Appropriateness & Improvement Suggestions: 6 (Good)
  The report provides a good evaluation of the lesson's appropriateness for Grade 9 and offers practical suggestions for improvement. However, the rationale for these suggestions could be more detailed.

Critical Analysis & Depth (Not Narration): 3 (Good)
  The report maintains a mostly analytical stance with some evaluative depth. There are minor instances of narration, but overall, it avoids merely summarizing the lesson.

Report Structure, Formatting & Language: 5 (Good)
  The report is well-structured with clear sections and follows formatting requirements. Language is professional with minimal errors.","28.5",,,,"67",,,
"45142262","MASHALE, TB","","30","Score: 30.0/50.0 (60.0%)

The submission demonstrates a solid understanding of the historical context and provides a coherent argument about the tensions between the United States and the Soviet Union. However, it could benefit from deeper analysis and more precise integration of evidence. Improvements in language clarity and referencing would enhance the overall quality.

STRENGTHS:
? Clear thesis statement addressing the historical prompt
? Good use of historical events to support arguments

AREAS FOR IMPROVEMENT:
? Provide more nuanced analysis of ideological differences
? Improve language clarity and consistency in referencing

CRITERIA BREAKDOWN:

Thesis Statement & Argument: 6.5 (Good)
  The thesis is clear and addresses the prompt, highlighting the tension between the United States and the Soviet Union during and after World War II. The argument is generally well-structured, but could benefit from more nuanced analysis of the complexities in their relationship.

Evidence & Historical Accuracy: 9.5 (Good)
  The submission uses a good range of evidence to support the argument, including references to key events like the Yalta and Potsdam Conferences. However, some sources are not well-integrated, and there are minor inaccuracies in the portrayal of events.

Analysis & Interpretation: 7.5 (Satisfactory)
  The analysis is basic and often descriptive, focusing on events rather than exploring deeper causes and implications. The submission could benefit from a more critical examination of the ideological differences and their impact on post-war relations.

Structure & Organization: 3.5 (Good)
  The submission is generally well-organized with a clear introduction and conclusion. However, some sections could be more logically connected, and transitions between paragraphs are occasionally abrupt.

Language, Style & Referencing: 3.0 (Satisfactory)
  The writing is mostly clear, but there are frequent grammatical errors and awkward phrasing. The referencing is inconsistent, with some sources lacking proper citation format.","32.5",,"36","Score: 36/50 (72.0%)

The student demonstrates a solid grasp of historical concepts and teaching strategies, with a good alignment to CAPS aims. The report is mostly analytical, though some areas could benefit from deeper analysis and more detailed pedagogical rationale.

STRENGTHS:
? Good identification of CAPS alignment and second-order concepts.
? Effective use of teaching strategies like visual aids and questioning.

AREAS FOR IMPROVEMENT:
? Provide deeper analysis of how second-order concepts are integrated into the lesson.
? Offer more detailed pedagogical rationale for suggested improvements.

CRITERIA BREAKDOWN:

CAPS Alignment & History Specific Aims: 8 (Good)
  The student provides a good discussion of CAPS alignment, identifying specific aims such as historical knowledge and understanding. However, the analysis could be deeper, particularly in explaining how the lesson could better promote historical enquiry and interpretation.

History Second-Order Concepts: 6 (Good)
  The student demonstrates a good understanding of second-order concepts like causation and change/continuity. However, the analysis lacks depth in explaining how these concepts are integrated into the lesson and how they could be enhanced.

Teaching & Learning Strategies Analysis: 6 (Good)
  The student identifies several teaching strategies such as visual sources and question-and-answer techniques. The evaluation of their effectiveness is present but could benefit from a more detailed pedagogical rationale.

Grade-Level Appropriateness & Improvement Suggestions: 5 (Good)
  The student evaluates the lesson's appropriateness for the grade level and suggests improvements like incorporating more source-based activities. The rationale for these suggestions could be more detailed.

Critical Analysis & Depth: 3 (Good)
  The report is mostly analytical with some evaluative depth. There are minor instances of narration, but overall, the student maintains a critical stance.

Report Structure, Formatting & Language: 8 (Good)
  The report is well-structured and mostly follows formatting requirements. There are minor language errors, but they do not impede understanding.","0",,,,"66",,,
"42374642","MASHIGO, SE","","31.5","Score: 31.5/50.0 (63.0%)

The submission demonstrates a solid understanding of the historical period and effectively identifies key events that contributed to the tension between the US and the Soviet Union. However, the analysis could be more nuanced, and the integration of evidence into the argument could be improved.

STRENGTHS:
? Identifies key historical events and their significance.
? Clear structure with a logical progression of ideas.

AREAS FOR IMPROVEMENT:
? Provide deeper analysis of the motivations and implications of historical events.
? Integrate evidence more seamlessly into the argument to support claims.

CRITERIA BREAKDOWN:

Thesis Statement & Argument: 6.5 (Good)
  The thesis is clear and addresses the prompt, focusing on the tension between the US and the Soviet Union due to ideological differences. The argument is generally logical, but lacks depth in exploring the nuances of the relationship.

Evidence & Historical Accuracy: 10.5 (Good)
  The submission uses a good range of evidence, referencing key events like the Yalta and Potsdam Conferences, and the atomic bombings. However, some evidence is not deeply integrated into the argument.

Analysis & Interpretation: 8.0 (Satisfactory)
  The analysis provides basic explanations of events but often remains descriptive. The submission could benefit from deeper exploration of the complexities and motivations behind actions.

Structure & Organization: 3.5 (Good)
  The structure is generally clear with a logical flow from introduction to conclusion. Some sections could benefit from smoother transitions and clearer focus.

Language, Style & Referencing: 3.0 (Good)
  The writing is generally clear with minor errors that do not impede understanding. Referencing is mostly accurate, but some citations could be more precise.","29",,"31","Score: 31/50 (62.0%)

The student demonstrates a solid understanding of CAPS alignment and second-order concepts, with room for deeper analysis. Teaching strategies are identified but need more evaluative commentary. The report is well-structured, with practical improvement suggestions.

STRENGTHS:
? Clear identification of CAPS History specific aims.
? Good understanding of second-order historical concepts.

AREAS FOR IMPROVEMENT:
? Provide deeper analysis of how second-order concepts are integrated into the lesson.
? Enhance the evaluative commentary on teaching strategies with a stronger pedagogical rationale.

CRITERIA BREAKDOWN:

CAPS Alignment & History Specific Aims: 8 (Good)
  The submission provides a good discussion of CAPS alignment, identifying key aims such as critical thinking and multiple perspectives. However, the analysis could be deeper, particularly in how the lesson could more strongly align with CAPS by fostering independent enquiry.

History Second-Order Concepts: 6 (Good)
  The student demonstrates a good understanding of second-order concepts like historical significance and change/continuity. However, the analysis lacks depth, particularly in how these concepts are promoted or could be better integrated into the lesson.

Teaching & Learning Strategies Analysis: 5 (Satisfactory)
  The submission identifies some teaching strategies, such as questioning techniques and teacher explanations. However, the analysis is more descriptive than evaluative, and the pedagogical rationale for their effectiveness is limited.

Grade-Level Appropriateness & Improvement Suggestions: 5 (Good)
  The student provides a good evaluation of grade-level appropriateness, noting the lack of higher-order thinking challenges. The improvement suggestions are practical but could benefit from a more detailed pedagogical rationale.

Critical Analysis & Depth (Not Narration): 3 (Good)
  The report is mostly analytical with some evaluative depth. There are minor instances of narration, but overall, the student maintains a critical stance.

Report Structure, Formatting & Language: 4 (Good)
  The report is well-structured and mostly follows formatting requirements. There are minor language errors, but they do not impede understanding.",,,,,"60",,,
"45066477","MASHITATONA, K","","36.5","Score: 36.5/50.0 (73.0%)

Kabelo Mashitatona's essay presents a clear thesis and uses relevant historical evidence to support the argument that US-Soviet relations were tense during and after World War II. The analysis could be more nuanced, and the integration of evidence into the argument could be improved. The structure is generally effective, though transitions could be smoother. Language use is mostly clear but could benefit from more careful editing.

STRENGTHS:
? Clear thesis statement addressing the prompt.
? Good range of historical evidence used.

AREAS FOR IMPROVEMENT:
? Deeper analysis of the complexities in US-Soviet relations.
? Improve the integration of evidence into the argument.

CRITERIA BREAKDOWN:

Thesis Statement & Argument: 6.5 (Good)
  The thesis is clear and addresses the prompt, arguing that the relationship between the US and the Soviet Union was tense due to ideological differences and mistrust. The argument is generally logical, though it could be more persuasive with deeper analysis of the nuances in their relationship.

Evidence & Historical Accuracy: 10.5 (Good)
  The essay uses a good range of evidence from key events like the Yalta and Potsdam Conferences and Soviet expansion in Eastern Europe. However, the integration of evidence could be improved by connecting it more directly to the thesis.

Analysis & Interpretation: 8.0 (Satisfactory)
  The analysis is mostly descriptive, focusing on events rather than exploring the complexities and nuances of US-Soviet relations. There is some explanation of cause and effect, but it lacks depth.

Structure & Organization: 3.5 (Good)
  The essay is generally well-structured with a clear introduction, body, and conclusion. However, some transitions between sections could be smoother to enhance the flow of the argument.

Language, Style & Referencing: 8.0 (Satisfactory)
  The language is generally clear, though there are some grammatical errors and awkward phrasing. Referencing is mostly accurate, but some sources lack proper citation format.","32",,"40","Score: 40/50 (80.0%)

The submission demonstrates a solid grasp of historical concepts and competent teaching strategies. The student effectively aligns the lesson with CAPS aims and provides insightful suggestions for improvement. However, the analysis of second-order concepts and teaching strategies could be deeper, particularly in incorporating evidence-based learning.

STRENGTHS:
? Strong alignment with CAPS specific aims.
? Practical and well-reasoned improvement suggestions.

AREAS FOR IMPROVEMENT:
? Deeper analysis of second-order concepts, particularly evidence.
? More detailed evaluation of teaching strategies' effectiveness.

CRITERIA BREAKDOWN:

CAPS Alignment & History Specific Aims: 9 (Good)
  The student demonstrates a good understanding of CAPS alignment by identifying specific aims such as working with sources, understanding historical concepts, and understanding bias and perspective. However, the analysis could be deeper, particularly in integrating source-based tasks to enhance the lesson's alignment with CAPS.

History Second-Order Concepts: 7 (Good)
  The student provides a good discussion of second-order concepts like causation, change and continuity, and perspective. However, the analysis of evidence is weak, and the student could improve by suggesting how to incorporate evidence-based learning.

Teaching & Learning Strategies Analysis: 7 (Good)
  The student identifies several teaching strategies such as direct instruction and the use of maps. However, the analysis lacks depth in evaluating the effectiveness of these strategies and could benefit from a more detailed pedagogical rationale.

Grade-Level Appropriateness & Improvement Suggestions: 8 (Excellent)
  The student provides an excellent evaluation of grade-level appropriateness and offers practical, well-reasoned suggestions for improvement. The rationale for changes is clear and demonstrates an understanding of learner development.

Critical Analysis & Depth (Not Narration): 3 (Good)
  The report is mostly analytical with some evaluative depth. There are minor instances of narration, but overall, the student maintains a critical stance. More original thinking and professional insight would enhance the analysis.

Report Structure, Formatting & Language: 6 (Excellent)
  The report is well-structured with a clear introduction, body, and conclusion. It follows all formatting requirements and uses professional academic language with minimal errors.","26.5",,,,"71",,,
"45296014","MASUKU, MP","","34","Score: 34.0/50.0 (68.0%)

The submission demonstrates a good understanding of the historical context and effectively argues the validity of the statement regarding US-Soviet relations during and after WWII. While the use of evidence is solid, the analysis could be deeper, and more reliable sources should be prioritized.

STRENGTHS:
? Clear thesis and structured argument
? Good range of historical evidence

AREAS FOR IMPROVEMENT:
? Engage more deeply with historical complexities
? Use more reliable academic sources

CRITERIA BREAKDOWN:

Thesis Statement & Argument: 7.5 (Good)
  The thesis is clear and addresses the prompt effectively, arguing that the alliance between the US and the Soviet Union was fraught with ideological differences and mistrust. The argument is generally well-structured, though it could benefit from more nuanced exploration of the complexities involved.

Evidence & Historical Accuracy: 10.5 (Good)
  The essay uses a good range of evidence, including events like the Yalta and Potsdam Conferences, and the use of the atomic bomb. However, some sources, such as Wikipedia, are less reliable, and the integration of evidence could be more seamless.

Analysis & Interpretation: 8.0 (Satisfactory)
  The analysis is generally sound, explaining key events and their significance. However, the essay often leans towards description rather than deep analysis, and it could engage more with the complexities and nuances of the historical context.

Structure & Organization: 3.5 (Good)
  The essay is well-organized with a clear introduction, body, and conclusion. Transitions between sections are mostly smooth, though some paragraphs could be more focused.

Language, Style & Referencing: 4.5 (Satisfactory)
  The writing is generally clear, with a few minor errors. The referencing is mostly accurate, though reliance on sources like Wikipedia should be minimized in academic work.","33",,"41","Score: 41/50 (82.0%)

The student has demonstrated a strong understanding of CAPS alignment and second-order concepts, with insightful suggestions for lesson improvement. The analysis of teaching strategies is good, though could benefit from deeper pedagogical rationale. The report is well-structured and adheres to formatting requirements.

STRENGTHS:
? Thorough analysis of CAPS alignment.
? Insightful improvement suggestions with pedagogical rationale.

AREAS FOR IMPROVEMENT:
? Deeper engagement with multi-perspectivity and empathy.
? More developed rationale for the effectiveness of teaching strategies.

CRITERIA BREAKDOWN:

CAPS Alignment & History Specific Aims: 11 (Excellent)
  The submission provides a thorough analysis of how the lesson aligns with CAPS History specific aims. The student identifies specific aims such as 'developing an understanding of the world and South Africa?s place in it' and 'the acquisition of historical knowledge,' and evaluates them with evidence from the lesson. This demonstrates a deep understanding of the CAPS document.

History Second-Order Concepts: 7 (Good)
  The student demonstrates a good understanding of second-order concepts, particularly causation and change/continuity. The analysis could be deeper, especially in terms of multi-perspectivity and empathy, which are not explicitly addressed.

Teaching & Learning Strategies Analysis: 7 (Good)
  The student identifies and discusses several teaching strategies such as direct instruction and visual scaffolding. While the effectiveness of these strategies is commented on, the rationale could be more developed, particularly in terms of how these strategies support historical thinking.

Grade-Level Appropriateness & Improvement Suggestions: 8 (Excellent)
  The evaluation of grade-level appropriateness is thorough, and the student provides practical improvement suggestions with clear pedagogical rationale. The suggestion to incorporate primary source analysis is particularly insightful.

Critical Analysis & Depth (Not Narration): 3 (Good)
  The report is mostly analytical with some evaluative depth. There are minor instances of narration, but overall, the student maintains a critical stance.

Report Structure, Formatting & Language: 5 (Excellent)
  The report is well-structured with a clear introduction, body, and conclusion. It follows all formatting requirements and uses professional academic language with minimal errors.","30.5",,,,"73",,,
"38985950","MASUMBE, AP","","34.5","Score: 34.5/50.0 (69.0%)

The submission demonstrates a solid understanding of the historical events that contributed to the tension between the US and the Soviet Union at the end of WWII. However, the analysis lacks depth and critical engagement with the complexities of the period. Improved clarity in writing and more consistent referencing would enhance the overall quality.

STRENGTHS:
? Clear thesis statement addressing the prompt.
? Inclusion of a range of historical events and evidence.

AREAS FOR IMPROVEMENT:
? Provide more nuanced analysis of historical events.
? Improve grammatical accuracy and consistency in referencing.

CRITERIA BREAKDOWN:

Thesis Statement & Argument: 7.0 (Good)
  The thesis is clear and addresses the prompt by asserting that the relationship between the US and the Soviet Union was tense. The argument is generally logical and supported by relevant historical events, although it could benefit from more nuanced analysis of the complexities involved.

Evidence & Historical Accuracy: 8.5 (Satisfactory)
  The essay provides a range of historical events and evidence, such as the Yalta Conference and the Berlin Airlift. However, some details are either oversimplified or lack depth, and there are occasional inaccuracies in the presentation of events.

Analysis & Interpretation: 8.0 (Satisfactory)
  The analysis is mostly descriptive, with limited critical engagement with the complexities of the US-Soviet relationship. The essay could improve by exploring the motivations and implications of the events discussed in more depth.

Structure & Organization: 3.5 (Good)
  The essay is generally well-structured with a clear introduction and conclusion. However, some sections could benefit from clearer transitions and more focused paragraphs.

Language, Style & Referencing: 7.5 (Satisfactory)
  The writing is mostly clear, but there are frequent grammatical errors and awkward phrasing. Referencing is present but inconsistent in style and formatting.","30",,"24","Score: 24/50 (48.0%)

The submission demonstrates a basic understanding of the CAPS requirements and second-order historical concepts but lacks depth in critical analysis. The student provides some practical suggestions for improvement, yet the rationale could be more developed. The report is well-structured, but the analysis often reverts to narration.

STRENGTHS:
? Provides practical improvement suggestions for grade-level appropriateness.
? Identifies the need for learner engagement and critical thinking.

AREAS FOR IMPROVEMENT:
? Deepen the analysis of how the lesson aligns with CAPS specific aims.
? Provide a more detailed evaluation of teaching strategies and their effectiveness.

CRITERIA BREAKDOWN:

CAPS Alignment & History Specific Aims: 5 (Satisfactory)
  The submission mentions CAPS aims such as critical thinking and questioning but lacks depth in connecting these aims to the lesson. The critique notes the lesson's focus on content delivery rather than deeper historical thinking, yet it doesn't fully explore how the lesson could better align with CAPS aims.

History Second-Order Concepts: 4 (Satisfactory)
  The report identifies second-order concepts like causation and evidence but does not critically evaluate how the lesson promotes these. Suggestions for improvement are made but lack specific examples from the lesson.

Teaching & Learning Strategies Analysis: 4 (Satisfactory)
  The analysis of teaching strategies is mostly descriptive. The student identifies the lesson as teacher-centered but does not provide a detailed evaluation of its effectiveness or suggest alternative strategies.

Grade-Level Appropriateness & Improvement Suggestions: 5 (Good)
  The student evaluates the lesson's appropriateness for Grade 9 and provides practical suggestions for improvement, such as using primary sources and encouraging group work. However, the rationale for these improvements could be more detailed.

Critical Analysis & Depth (Not Narration): 2 (Satisfactory)
  The report contains a mix of analysis and narration. While some critical points are made, the student often reverts to describing the lesson rather than evaluating it.

Report Structure, Formatting & Language: 4 (Good)
  The report is well-structured and mostly follows formatting requirements. There are minor language errors, but they do not impede understanding.","21.5",,,,"58",,,
"49164937","MATSEBE, TP","","26.5","Score: 26.5/50.0 (53.0%)

The submission demonstrates a basic understanding of the historical events that contributed to the tension between the US and USSR at the end of World War II. However, the analysis lacks depth and clarity, and the essay would benefit from a more focused thesis and better integration of evidence. Improving the structure and language would also enhance the overall quality of the work.

STRENGTHS:
? Inclusion of relevant historical events and concepts.
? Attempt to address the prompt by discussing multiple events.

AREAS FOR IMPROVEMENT:
? Clarify and develop the thesis to provide a focused argument.
? Enhance the depth of analysis by exploring the complexities of historical events.

CRITERIA BREAKDOWN:

Thesis Statement & Argument: 5.5 (Satisfactory)
  The thesis is present but somewhat vague and underdeveloped. While the student attempts to address the prompt by listing several key events and concepts, the central argument lacks clarity and depth. The essay could benefit from a more focused thesis that directly ties these events to the overall tension between the US and USSR.

Evidence & Historical Accuracy: 8.0 (Satisfactory)
  The submission includes a range of historical events and concepts relevant to the prompt, such as the Yalta and Potsdam Conferences, the Truman Doctrine, and the Berlin Wall. However, the evidence is not always accurately integrated or contextualized, and there are some factual inaccuracies and anachronisms present.

Analysis & Interpretation: 7.0 (Satisfactory)
  The analysis is mostly descriptive and lacks depth. While the student identifies key events, the explanation of how these events contributed to the tension between the US and USSR is often simplistic. The essay would benefit from a more nuanced exploration of the complexities and interconnections between these events.

Structure & Organization: 2.5 (Satisfactory)
  The essay has a basic structure with an introduction, body, and conclusion. However, the organization within the body paragraphs is inconsistent, and transitions between ideas are abrupt. Each paragraph should have a clear focus and contribute to the overall argument.

Language, Style & Referencing: 3.5 (Satisfactory)
  The writing is generally clear, but there are frequent grammatical errors and awkward phrasing that impede understanding. The referencing is inconsistent, with some sources cited inappropriately or missing. Improving language precision and ensuring accurate referencing would enhance the essay.","35.5",,"34","Score: 34/50 (68.0%)

The submission demonstrates a good understanding of CAPS alignment and second-order concepts, with practical suggestions for improvement. However, deeper analysis of teaching strategies and second-order concepts would enhance the report. The structure and language are excellent.

STRENGTHS:
? Good understanding of CAPS alignment and specific aims.
? Effective use of analogies and visual aids in teaching strategies.

AREAS FOR IMPROVEMENT:
? Deeper analysis of how second-order concepts are promoted in the lesson.
? More detailed rationale for improvement suggestions to demonstrate understanding of learner development.

CRITERIA BREAKDOWN:

CAPS Alignment & History Specific Aims: 8 (Good)
  The submission demonstrates a good understanding of CAPS alignment, identifying specific aims such as promoting interest and enjoyment in history and developing knowledge of the past. However, the analysis could be deeper, particularly in connecting lesson activities to CAPS aims.

History Second-Order Concepts: 6 (Good)
  The student identifies several second-order concepts such as causation and multi-perspectivity. However, the analysis of how these concepts are promoted in the lesson is somewhat superficial and lacks depth in exploring how learners engage with these concepts.

Teaching & Learning Strategies Analysis: 7 (Good)
  The submission provides a good overview of teaching strategies, such as the use of analogies and visual aids. However, the evaluation of these strategies could be more detailed, especially regarding their effectiveness in promoting higher-order thinking.

Grade-Level Appropriateness & Improvement Suggestions: 5 (Good)
  The student evaluates the lesson's appropriateness for Grade 9 and provides practical improvement suggestions. However, the rationale for these suggestions could be more detailed to demonstrate a deeper understanding of learner development.

Critical Analysis & Depth (Not Narration): 3 (Good)
  The report maintains a mostly analytical stance with some evaluative depth. There are minor instances of narration, but overall, the student takes a critical position on the lesson quality.

Report Structure, Formatting & Language: 5 (Excellent)
  The report is well-structured with a clear introduction, body, and conclusion. It follows all formatting requirements, and the language is professional with minimal errors.","26.5",,,,"65",,,
"41847776","MAYEYE, S","","34.5","Score: 34.5/50.0 (69.0%)

The essay provides a solid analysis of the post-war tensions between the US and the USSR, supported by relevant historical evidence. While the thesis is clear and the argument generally well-structured, further depth in analysis and smoother integration of evidence would enhance the overall quality.

STRENGTHS:
? Effective use of historical evidence to support the thesis.
? Clear understanding of key post-war events and their significance.

AREAS FOR IMPROVEMENT:
? Provide deeper analysis of the complexities and nuances of US-Soviet relations.
? Improve the integration of evidence to create a more seamless argument.

CRITERIA BREAKDOWN:

Thesis Statement & Argument: 7.5 (Good)
  The thesis is clear and addresses the prompt by stating that the US-Soviet alliance was strategic rather than trustworthy. The argument is generally logical and supported by relevant evidence, but could benefit from a more nuanced exploration of the complexities of the wartime alliance.

Evidence & Historical Accuracy: 10.5 (Good)
  The essay uses a good range of accurate historical evidence, integrating it to support the thesis. References to key events like the Yalta and Potsdam Conferences and the atomic bombings are well-chosen, though the integration of evidence could be more seamless.

Analysis & Interpretation: 9.5 (Good)
  The analysis demonstrates good understanding of the causes and effects of post-war tensions. The student explains the significance of ideological differences and strategic rivalries, though the analysis could delve deeper into the nuances and complexities of these issues.

Structure & Organization: 3.5 (Good)
  The essay is generally well-structured with a clear introduction, body, and conclusion. However, some sections could benefit from clearer transitions to enhance the flow of the argument.

Language, Style & Referencing: 3.5 (Good)
  The writing is generally clear and appropriate, with minor errors that do not impede understanding. Referencing is mostly accurate, though there are some inconsistencies in citation style.","32",,,,"23.5",,,,"48",,,
"48435783","MELATO, ED","","34.5","Score: 34.5/50.0 (69.0%)

The submission demonstrates a solid understanding of the historical context and effectively addresses the prompt. The use of evidence is good, but the analysis could be more insightful. The structure is clear, and the language is generally appropriate. With more critical engagement and nuanced interpretation, the work could be elevated to a higher level.

STRENGTHS:
? Clear thesis and logical structure
? Good range of historical evidence

AREAS FOR IMPROVEMENT:
? Enhance depth of analysis and interpretation
? Improve integration and contextualization of evidence

CRITERIA BREAKDOWN:

Thesis Statement & Argument: 7.5 (Good)
  The thesis is clear and addresses the prompt directly, arguing that the tension between the US and the Soviet Union was inherent and long-standing. The argument is generally well-supported with historical events, but could benefit from more nuanced analysis of the complexities involved.

Evidence & Historical Accuracy: 11.5 (Good)
  The submission uses a good range of historical evidence, referencing key events and figures accurately. However, the integration of evidence could be more seamless, and some claims would benefit from additional context or explanation.

Analysis & Interpretation: 8.5 (Satisfactory)
  The analysis is mostly descriptive, with some effort to explain cause and effect. However, it lacks depth and fails to fully engage with the complexities of the historical events discussed. More critical thinking and interpretation would enhance the analysis.

Structure & Organization: 3.5 (Good)
  The essay is well-organized with a clear structure, including an introduction, body, and conclusion. Transitions between sections are mostly smooth, but some paragraphs could be more focused.

Language, Style & Referencing: 3.5 (Good)
  The writing is generally clear and appropriate, with minor errors that do not impede understanding. Referencing is mostly accurate, though there are occasional inconsistencies.","38",,"32","Score: 32/50 (64.0%)

The submission demonstrates a good grasp of CAPS alignment and second-order concepts, with some insightful analysis of teaching strategies. However, the evaluation could benefit from deeper analysis and more specific examples from the lesson video. The report is well-structured and mostly maintains an analytical tone.

STRENGTHS:
? Good understanding of CAPS alignment and second-order concepts.
? Clear report structure and professional language.

AREAS FOR IMPROVEMENT:
? Provide more detailed analysis and specific examples from the lesson video.
? Develop a more thorough evaluation of teaching strategies with pedagogical rationale.

CRITERIA BREAKDOWN:

CAPS Alignment & History Specific Aims: 8 (Good)
  The submission demonstrates a good understanding of CAPS alignment, identifying specific aims such as engaging students in historical debates and critical thinking. However, the analysis could be deeper, as it lacks detailed evidence from the video to support the claims.

History Second-Order Concepts: 6 (Good)
  The student shows a good understanding of second-order concepts like causation and significance, but the analysis is somewhat superficial. More specific examples from the lesson video could strengthen the evaluation.

Teaching & Learning Strategies Analysis: 5 (Satisfactory)
  The submission identifies some teaching strategies such as quizzes and debates but lacks a thorough evaluation of their effectiveness. The rationale for why these strategies are effective in a History context is not fully developed.

Grade-Level Appropriateness & Improvement Suggestions: 5 (Good)
  The student evaluates the lesson's appropriateness for Grade 9 well, noting its alignment with CAPS. However, improvement suggestions are vague and lack detailed pedagogical rationale.

Critical Analysis & Depth (Not Narration): 3 (Good)
  The report maintains a mostly analytical tone with some evaluative depth. However, it occasionally slips into narration rather than maintaining a critical stance throughout.

Report Structure, Formatting & Language: 5 (Good)
  The report is well-structured with a clear introduction, body, and conclusion. It follows the formatting requirements and uses professional language with minimal errors.","30.5",,,,"71",,,
"48946478","MHLUNGU, DS","","37","Score: 37.0/50.0 (74.0%)

The essay demonstrates a good understanding of the historical context of US-Soviet relations at the end of WWII. While the thesis is clear and supported by relevant evidence, the analysis could be more nuanced. The structure is logical, though transitions could be improved. Language and referencing are satisfactory but could benefit from refinement.

STRENGTHS:
? Good use of historical evidence to support the thesis.
? Clear thesis statement addressing the prompt.

AREAS FOR IMPROVEMENT:
? Deeper analysis of the complexities in US-Soviet relations.
? Improved transitions and smoother integration of evidence.

CRITERIA BREAKDOWN:

Thesis Statement & Argument: 7.5 (Good)
  The thesis is clear and addresses the prompt, focusing on the tense relationship between the US and the USSR during and after WWII. The argument is generally well-structured, though it could benefit from more nuanced exploration of the complexities involved.

Evidence & Historical Accuracy: 10.5 (Good)
  The essay provides a good range of evidence, including references to the Yalta and Potsdam Conferences and the Marshall Plan. However, some evidence could be more deeply integrated to enhance the argument.

Analysis & Interpretation: 8.0 (Satisfactory)
  The analysis is mostly descriptive, with some attempts at explaining cause and effect. The essay could benefit from deeper critical thinking and exploration of the nuances of US-Soviet relations.

Structure & Organization: 3.5 (Good)
  The essay has a recognizable structure with clear sections on different events and conferences. Transitions between sections could be smoother to enhance the overall flow.

Language, Style & Referencing: 7.5 (Satisfactory)
  The writing is generally clear, though there are some grammatical errors and awkward phrasing. Referencing is mostly accurate but could be more consistent.","36.5",,"47","Score: 47/50 (94.0%)

The submission demonstrates exceptional historical understanding and pedagogical application. The student effectively aligns the lesson with CAPS aims, promotes second-order concepts, and provides insightful teaching strategy analysis. The report is analytical and evaluative, though minor formatting issues are noted.

STRENGTHS:
? Exceptional alignment with CAPS History specific aims.
? Insightful integration of second-order concepts into lesson analysis.

AREAS FOR IMPROVEMENT:
? Ensure strict adherence to formatting requirements.
? Maintain concise language to avoid exceeding page limits.

CRITERIA BREAKDOWN:

CAPS Alignment & History Specific Aims: 12 (Excellent)
  The submission demonstrates a thorough and insightful analysis of CAPS alignment. The student identifies specific aims by name and evaluates each with evidence from the lesson, showing a deep understanding of the CAPS document.

History Second-Order Concepts: 10 (Excellent)
  The report demonstrates an excellent understanding of second-order concepts, integrating them seamlessly into the lesson's intellectual architecture. The student critically evaluates how the lesson promotes these concepts with specific examples.

Teaching & Learning Strategies Analysis: 10 (Excellent)
  The student provides insightful commentary on teaching and learning strategies observed in the lesson. They identify specific strategies and evaluate their effectiveness for History education, providing rationale grounded in pedagogy.

Grade-Level Appropriateness & Improvement Suggestions: 8 (Excellent)
  The student critically evaluates the lesson's appropriateness for the grade level and provides practical, well-reasoned suggestions for improvement with clear pedagogical rationale.

Critical Analysis & Depth (Not Narration): 5 (Excellent)
  The report is analytical and evaluative throughout, taking a clear position on the lesson quality and supporting it with evidence. It shows original thinking and professional insight.

Report Structure, Formatting & Language: 2 (Good)
  The report has a basic structure and follows most formatting requirements. However, there are minor language issues, and the report is slightly over the page limit.","27.5",,,,"77",,,
"44802927","MKHUMA, NSS","","28","Score: 28.0/50.0 (56.0%)

The submission demonstrates a basic understanding of the tensions between the US and USSR during and after WWII. While it provides some relevant evidence and maintains a clear structure, the analysis lacks depth, and the inclusion of irrelevant details detracts from the central argument. Improving focus and coherence, as well as deepening the analysis, would enhance the essay.

STRENGTHS:
? Recognizable structure with a table of contents.
? Addresses key historical events like the Yalta and Potsdam conferences.

AREAS FOR IMPROVEMENT:
? Focus more closely on the prompt and avoid irrelevant details.
? Enhance the depth of analysis and interpretation of historical events.

CRITERIA BREAKDOWN:

Thesis Statement & Argument: 6.5 (Good)
  The thesis is present and addresses the prompt, focusing on the tensions between the US and USSR during and after WWII. However, the argument could be more focused and cohesive. The essay sometimes diverges into unrelated topics, such as the post-Cold War era, which detracts from the central argument.

Evidence & Historical Accuracy: 8.0 (Satisfactory)
  The essay provides some relevant evidence, particularly regarding the Yalta and Potsdam conferences. However, there are inaccuracies and irrelevant details, such as the focus on China and post-Cold War events, which are not pertinent to the prompt.

Analysis & Interpretation: 7.0 (Satisfactory)
  The analysis is basic and often descriptive rather than analytical. While the essay identifies key events, it lacks depth in explaining the complexities and nuances of the US-USSR relationship during this period.

Structure & Organization: 3.5 (Good)
  The essay has a recognizable structure with a table of contents and sections. However, the organization within sections could be improved for better coherence and flow.

Language, Style & Referencing: 3.0 (Good)
  The writing is generally clear, but there are occasional grammatical errors and awkward phrasing. Referencing is mostly accurate, though some sources are not directly relevant to the topic.","34.5",,"29","Score: 29/50 (58.0%)

The student demonstrates a solid understanding of CAPS alignment and second-order concepts, though the analysis could be more detailed. The teaching strategies are identified but not deeply evaluated, and while improvement suggestions are offered, they lack detailed pedagogical rationale. The report structure is mostly compliant with formatting requirements.

STRENGTHS:
? Good identification of CAPS History specific aims.
? Solid understanding of second-order concepts like causation and multi-perspectivity.

AREAS FOR IMPROVEMENT:
? Provide deeper analysis of how lesson activities align with CAPS aims.
? Offer more detailed evaluation of teaching strategies and their effectiveness.

CRITERIA BREAKDOWN:

CAPS Alignment & History Specific Aims: 8 (Good)
  The student demonstrates a good understanding of CAPS alignment by identifying key aims such as historical investigation and analytical reasoning. However, the analysis could be deeper, particularly in connecting these aims explicitly to the lesson activities observed in the video.

History Second-Order Concepts: 6 (Good)
  The student identifies second-order concepts like causation and multi-perspectivity, but the analysis lacks depth. More specific examples from the lesson could strengthen the evaluation of how these concepts are promoted.

Teaching & Learning Strategies Analysis: 5 (Satisfactory)
  The student identifies some teaching strategies, such as the use of slides and maps, but the analysis is more descriptive than evaluative. There is limited discussion on the effectiveness of these strategies for History education.

Grade-Level Appropriateness & Improvement Suggestions: 5 (Good)
  The evaluation of grade-level appropriateness is good, with relevant suggestions for improvement. However, the rationale for these suggestions could be more detailed to better demonstrate understanding of learner development.

Critical Analysis & Depth (Not Narration): 2 (Satisfactory)
  The report contains a mix of analysis and narration. While some critical points are made, the student often reverts to describing the lesson rather than evaluating it.

Report Structure, Formatting & Language: 3 (Good)
  The report is generally well-structured and follows most formatting requirements. There are minor language errors, but they do not impede understanding.","28",,,,"63",,,
"33094330","MNGUNI, NY","","33.5","Score: 33.5/50.0 (67.0%)

The submission demonstrates a basic understanding of the historical context and key events surrounding the US-USSR alliance during WWII. However, it lacks depth in analysis and integration of evidence. The argument could be more cohesive, and the writing style needs improvement for clarity and consistency.

STRENGTHS:
? Identifies key events and figures in US-USSR relations.
? Attempts to address ideological differences as a root cause of tension.

AREAS FOR IMPROVEMENT:
? Provide deeper analysis of how events are interconnected.
? Improve clarity and consistency in writing and referencing.

CRITERIA BREAKDOWN:

Thesis Statement & Argument: 6.5 (Good)
  The thesis is present and addresses the prompt by acknowledging the temporary nature of the US-USSR alliance during WWII. However, the argument could be more focused and cohesive. The essay sometimes drifts into listing events without clearly tying them back to the thesis.

Evidence & Historical Accuracy: 8.0 (Satisfactory)
  The submission provides a range of historical events and evidence, but some claims lack depth or are not fully substantiated. There is a tendency to list events rather than integrate them into a cohesive argument.

Analysis & Interpretation: 8.5 (Satisfactory)
  The analysis is primarily descriptive and lacks depth in exploring the complexities of the US-USSR relationship. The essay could benefit from more critical engagement with the causes and implications of the events discussed.

Structure & Organization: 3.5 (Good)
  The essay has a recognizable structure with an introduction, body, and conclusion. However, transitions between paragraphs could be smoother, and some sections feel disjointed.

Language, Style & Referencing: 7.0 (Satisfactory)
  The writing is generally clear, but there are frequent grammatical errors and awkward phrasing that impede understanding. Referencing is present but inconsistent in style.","32",,"29","Score: 29/50 (58.0%)

The submission demonstrates a good effort in aligning the lesson with CAPS aims and providing improvement suggestions. However, it lacks depth in analyzing second-order concepts and teaching strategies. The report could benefit from more critical analysis and a clearer structure.

STRENGTHS:
? Good understanding of CAPS alignment.
? Practical improvement suggestions for grade-level appropriateness.

AREAS FOR IMPROVEMENT:
? Deeper analysis of second-order historical concepts.
? More evaluative commentary on teaching strategies.

CRITERIA BREAKDOWN:

CAPS Alignment & History Specific Aims: 8 (Good)
  The submission demonstrates a good understanding of CAPS alignment, particularly in how the lesson addresses conflict and tension related to the Cold War. However, it lacks depth in connecting the lesson to broader CAPS aims, such as critical thinking and current global issues.

History Second-Order Concepts: 5 (Satisfactory)
  The submission mentions second-order concepts like causation and evidence but lacks depth in analysis. The explanation of how these concepts are promoted in the lesson is limited and could benefit from more specific examples.

Teaching & Learning Strategies Analysis: 5 (Satisfactory)
  The submission identifies some teaching strategies, such as the use of visual aids, but the analysis is more descriptive than evaluative. There is limited discussion on the effectiveness of these strategies in promoting historical thinking.

Grade-Level Appropriateness & Improvement Suggestions: 6 (Good)
  The evaluation of grade-level appropriateness is good, with practical suggestions for improvement. The rationale for these suggestions is present but could be more detailed.

Critical Analysis & Depth (Not Narration): 2 (Satisfactory)
  The report contains a mix of analysis and narration. While some critical points are made, the submission often reverts to describing the lesson rather than evaluating it.

Report Structure, Formatting & Language: 3 (Satisfactory)
  The report follows basic structure and formatting requirements but contains some language issues. The structure could be more coherent, and the language more precise.","26.5",,,,"64",,,
"42930006","MNYAYIZA, L","","32","Score: 32.0/50.0 (64.0%)

The submission demonstrates a solid understanding of the historical context and provides relevant evidence to support the thesis. However, the analysis could be more nuanced, and the integration of evidence could be improved to strengthen the argument. The structure is generally clear, but language and style could benefit from refinement.

STRENGTHS:
? The student effectively identifies key historical events and tensions between the United States and the Soviet Union.
? The submission demonstrates a good understanding of the historical context of World War II and the early Cold War period.

AREAS FOR IMPROVEMENT:
? Provide more in-depth analysis of the causes and implications of the tensions between the United States and the Soviet Union.
? Enhance the integration of evidence and improve the flow of the argument by refining transitions between paragraphs.

CRITERIA BREAKDOWN:

Thesis Statement & Argument: 6.5 (Good)
  The thesis is clear and addresses the prompt, stating that the relationship between the United States and the Soviet Union was strained even during their alliance. The argument is generally logical and supported by relevant points, though it could be more nuanced in exploring the complexities of the relationship.

Evidence & Historical Accuracy: 10.5 (Good)
  The submission provides a good range of evidence, such as the Yalta and Potsdam Conferences, Soviet control in Eastern Europe, and the atomic bomb. However, the integration of evidence could be improved by providing more depth and connecting it more explicitly to the thesis.

Analysis & Interpretation: 8.0 (Satisfactory)
  The analysis is basic and tends to be more descriptive than analytical. While the submission identifies key events and tensions, it lacks depth in explaining the underlying causes and implications of these tensions.

Structure & Organization: 3.5 (Good)
  The essay is generally well-structured with a clear introduction, body, and conclusion. However, some transitions between paragraphs could be smoother to enhance the flow of the argument.

Language, Style & Referencing: 3.5 (Satisfactory)
  The writing is generally clear, but there are minor grammatical errors and some awkward phrasing. Referencing is not explicitly required, but more precise vocabulary and stylistic refinement would improve clarity.","44",,"25","Score: 25/50 (50.0%)

The report demonstrates a basic understanding of the CAPS alignment and second-order concepts but lacks depth in critical evaluation. The student provides some practical suggestions for improvement, which is commendable. Greater engagement with second-order concepts and a more analytical approach would enhance the report.

STRENGTHS:
? Provides practical improvement suggestions for teaching strategies.
? Identifies some second-order historical concepts.

AREAS FOR IMPROVEMENT:
? Deepen the analysis of CAPS alignment with specific aims.
? Provide a more evaluative analysis of teaching strategies.

CRITERIA BREAKDOWN:

CAPS Alignment & History Specific Aims: 5 (Satisfactory)
  The submission mentions CAPS alignment but lacks depth in connecting specific aims to the lesson. The student notes the teacher-centered approach but does not sufficiently evaluate how this impacts the CAPS aims of critical thinking and learner engagement.

History Second-Order Concepts: 4 (Satisfactory)
  The student identifies some second-order concepts like causation and significance but does not critically evaluate their application in the lesson. There is a missed opportunity to explore multi-perspectivity and evidence more deeply.

Teaching & Learning Strategies Analysis: 4 (Satisfactory)
  The student describes the teaching strategy as direct instruction but does not provide an evaluative analysis of its effectiveness. Suggestions for more interactive strategies are mentioned but not deeply explored.

Grade-Level Appropriateness & Improvement Suggestions: 5 (Good)
  The student evaluates the appropriateness of the lesson for the grade level and provides practical suggestions for improvement, such as using historical sources and encouraging learner participation.

Critical Analysis & Depth (Not Narration): 2 (Satisfactory)
  The report contains a mix of analysis and narration. While some critical points are made, the student often reverts to describing the lesson rather than evaluating it.

Report Structure, Formatting & Language: 5 (Good)
  The report is well-structured and follows most formatting requirements. Language is mostly clear, with minor errors that do not impede understanding.","0",,,,"66",,,
"41430093","MODIMAKWANE, KE","","32","Score: 32.0/50.0 (64.0%)

The submission demonstrates a solid understanding of the tensions between the US and the Soviet Union during and after World War II. The thesis is clear, and the use of evidence is generally effective, though the analysis could be more nuanced. The structure is logical, but some areas could benefit from clearer transitions and more focused paragraphs.

STRENGTHS:
? Good use of historical evidence to support claims.
? Clear thesis statement addressing the prompt.

AREAS FOR IMPROVEMENT:
? Engage more deeply with the complexities of the ideological differences.
? Improve the integration of evidence into the argument.

CRITERIA BREAKDOWN:

Thesis Statement & Argument: 7.0 (Good)
  The thesis is clear and addresses the prompt, arguing that the US-Soviet alliance was tense due to ideological differences and historical mistrust. The argument is generally well-structured, but there is some repetition in the introduction that could be streamlined for clarity.

Evidence & Historical Accuracy: 10.0 (Good)
  The submission uses a good range of evidence to support its claims, referencing key events like the Yalta and Potsdam Conferences. However, some evidence is presented in a list-like fashion rather than being fully integrated into the argument.

Analysis & Interpretation: 8.0 (Satisfactory)
  The analysis provides a basic explanation of the tensions between the US and the Soviet Union, but it often remains descriptive. There is a lack of deeper engagement with the complexities of the ideological and political differences.

Structure & Organization: 3.5 (Good)
  The essay is generally well-organized with a clear structure, including an introduction, body, and conclusion. However, some paragraphs could be more focused, and transitions between sections could be smoother.

Language, Style & Referencing: 3.5 (Good)
  The writing is generally clear and appropriate, with minor errors that do not impede understanding. Referencing is mostly accurate, though some citations could be more precise.","31",,"29","Score: 29/50 (58.0%)

The submission demonstrates a good understanding of CAPS alignment and teaching strategies but lacks depth in analyzing second-order concepts. The report is well-structured and mostly follows formatting requirements. Improvement suggestions are practical but could be more detailed.

STRENGTHS:
? Good understanding of CAPS alignment.
? Identification of effective teaching strategies.

AREAS FOR IMPROVEMENT:
? Deeper analysis of second-order historical concepts.
? More detailed rationale for improvement suggestions.

CRITERIA BREAKDOWN:

CAPS Alignment & History Specific Aims: 8 (Good)
  The submission demonstrates a good understanding of CAPS alignment, mentioning specific aims such as knowledge and understanding of historical phenomena. However, the analysis could be deeper, with more explicit links to specific CAPS aims.

History Second-Order Concepts: 4 (Satisfactory)
  The report mentions second-order concepts like causation and significance but lacks depth in exploring other concepts such as evidence and multi-perspectivity. The analysis is somewhat superficial.

Teaching & Learning Strategies Analysis: 6 (Good)
  The submission identifies several teaching strategies, such as analogies and visual aids, and evaluates their effectiveness. However, the critique of the teacher-centered approach could be more developed.

Grade-Level Appropriateness & Improvement Suggestions: 5 (Good)
  The report evaluates the lesson's appropriateness for Grade 9 well and suggests improvements like incorporating learner-centered methods. The rationale could be more detailed.

Critical Analysis & Depth: 2 (Satisfactory)
  The report contains a mix of analysis and narration. While some critical points are made, the report often reverts to describing the lesson rather than evaluating it.

Report Structure, Formatting & Language: 4 (Good)
  The report is well-structured with a clear introduction, body, and conclusion. It follows most formatting requirements, though there are minor language errors.","28.5",,,,"64",,,
"42396506","MOKGALAKA, R","","32.5","Score: 32.5/50.0 (65.0%)

The submission provides a clear thesis and uses a good range of evidence to support its argument about the strained US-USSR relationship. While the analysis is satisfactory, it could benefit from deeper exploration of the complexities and nuances of the historical events discussed. The structure is generally effective, though transitions could be smoother.

STRENGTHS:
? Good use of historical evidence to support the thesis.
? Clear thesis statement addressing the prompt.

AREAS FOR IMPROVEMENT:
? Deeper analysis of cause and effect in historical events.
? Smoother transitions between paragraphs for better flow.

CRITERIA BREAKDOWN:

Thesis Statement & Argument: 7.0 (Good)
  The thesis is clear and addresses the prompt, arguing that the US-USSR relationship was strained despite their alliance. The argument is mostly logical and supported by relevant evidence, though it could benefit from deeper analysis of the nuances in their relationship.

Evidence & Historical Accuracy: 10.5 (Good)
  The submission uses a good range of accurate evidence, such as the Yalta and Potsdam Conferences and the ideological differences. However, the integration of evidence could be improved to enhance the argument's depth.

Analysis & Interpretation: 8.5 (Satisfactory)
  The analysis provides basic explanations of events but often remains descriptive. The submission could benefit from deeper exploration of cause and effect, particularly regarding the transition from alliance to Cold War.

Structure & Organization: 3.5 (Good)
  The essay is generally well-structured with a clear introduction, body, and conclusion. However, transitions between paragraphs could be smoother to enhance the flow of the argument.

Language, Style & Referencing: 3.0 (Good)
  The writing is generally clear with minor errors that do not impede understanding. Referencing is mostly accurate, though some in-text citations could be more precise.","28",,"29","Score: 29/50 (58.0%)

The student demonstrates a basic understanding of CAPS alignment and second-order concepts but needs to deepen their analysis and critical evaluation. The report includes some good suggestions for improvement but lacks detailed pedagogical rationale. The structure and formatting need attention to meet academic standards.

STRENGTHS:
? Identifies partial alignment with CAPS aims.
? Suggests practical improvements for teaching strategies.

AREAS FOR IMPROVEMENT:
? Provide deeper analysis of second-order concepts.
? Enhance report structure and adhere to formatting requirements.

CRITERIA BREAKDOWN:

CAPS Alignment & History Specific Aims: 8 (Good)
  The student demonstrates a good understanding of CAPS alignment, identifying the lesson's partial alignment with CAPS aims. However, the analysis could be deeper, particularly in connecting specific CAPS aims to lesson activities.

History Second-Order Concepts: 5 (Satisfactory)
  The student mentions second-order concepts like causation and consequence but does not fully develop these ideas. The analysis lacks depth and fails to critically evaluate how the lesson promotes these concepts.

Teaching & Learning Strategies Analysis: 6 (Good)
  The student identifies teaching strategies and suggests improvements but could provide a more detailed pedagogical rationale for these suggestions.

Grade-Level Appropriateness & Improvement Suggestions: 5 (Good)
  The student evaluates the lesson's appropriateness for Grade 9 and suggests improvements. However, the rationale for these suggestions could be more detailed.

Critical Analysis & Depth (Not Narration): 2 (Satisfactory)
  The report includes a mix of analysis and narration. While some critical points are made, the student often reverts to describing the lesson rather than evaluating it.

Report Structure, Formatting & Language: 3 (Needs Improvement)
  The report structure is basic and does not fully adhere to formatting requirements. Some language issues are present, and the report appears to be under the required length.","26.5",,,,"61",,,
"38999765","MOKOENA, KP","","36.5","Score: 36.5/50.0 (73.0%)

The essay demonstrates a solid understanding of the tensions between the US and the Soviet Union during and after WWII. While the thesis is clear and supported by relevant evidence, the analysis could be more nuanced, and the writing style needs improvement for clarity. The student shows potential in historical thinking but should focus on integrating evidence more effectively and refining their writing.

STRENGTHS:
? Good use of historical events like the Yalta and Potsdam conferences to support the thesis.
? Clear thesis statement that addresses the prompt.

AREAS FOR IMPROVEMENT:
? Provide deeper analysis of the complexities in US-Soviet relations.
? Improve writing clarity and consistency in referencing.

CRITERIA BREAKDOWN:

Thesis Statement & Argument: 6.5 (Good)
  The thesis is clear and addresses the prompt by stating that the US-Soviet alliance was tense due to ideological differences and strategic necessity. The argument is generally logical, but could benefit from more nuanced analysis of how these tensions specifically influenced post-war events.

Evidence & Historical Accuracy: 10.5 (Good)
  The essay uses a good range of evidence, such as the Yalta and Potsdam conferences, to support its claims. However, some evidence is presented without sufficient integration into the argument, and there are minor inaccuracies, such as the extent of Stalin's knowledge about the atomic bomb.

Analysis & Interpretation: 8.0 (Satisfactory)
  The analysis is mostly descriptive, with some attempt at explaining the significance of events like the Yalta and Potsdam conferences. However, the essay often lacks depth in exploring the complexities of US-Soviet relations and the causes of the Cold War.

Structure & Organization: 3.5 (Good)
  The essay is well-structured with a clear introduction, body, and conclusion. However, some transitions between sections could be smoother to enhance the flow of the argument.

Language, Style & Referencing: 8.0 (Satisfactory)
  The writing is generally clear, but there are frequent grammatical errors and awkward phrasing that occasionally impede understanding. Referencing is mostly accurate but could be more consistent.","31",,"27","Score: 24/50 (48.0%)

The submission demonstrates a basic understanding of the CAPS alignment and second-order historical concepts. While the student identifies some teaching strategies and provides practical improvement suggestions, the analysis lacks depth and critical engagement. The report structure is generally good, but the content could benefit from more evaluative commentary.

STRENGTHS:
? Provides practical improvement suggestions for grade-level appropriateness.
? Identifies some second-order historical concepts.

AREAS FOR IMPROVEMENT:
? Provide a deeper analysis of CAPS alignment with specific aims.
? Enhance the evaluation of teaching strategies with a stronger pedagogical rationale.

CRITERIA BREAKDOWN:

CAPS Alignment & History Specific Aims: 5 (Satisfactory)
The submission provides a basic mention of CAPS alignment but lacks depth. The student lists some CAPS aims, but the connection to the lesson is not thoroughly explored. The critique mentions the lack of learner engagement and historical enquiry, which is relevant, but does not delve into specific CAPS aims by name.

History Second-Order Concepts: 4 (Satisfactory)
The report mentions several second-order concepts but does not provide a deep analysis of how these are addressed in the lesson. There is a basic understanding of concepts like causation and multi-perspectivity, but the evaluation is superficial.

Teaching & Learning Strategies Analysis: 5 (Satisfactory)
The student identifies the teacher-centred approach and mentions some strategies like explanation and limited Q&A. However, the analysis is more descriptive than evaluative, lacking a strong pedagogical rationale.

Grade-Level Appropriateness & Improvement Suggestions: 5 (Good)
The student provides a good evaluation of the grade-level appropriateness, noting that the cognitive level is too low. Suggestions for improvement are practical and include higher-order questions and source-based activities, though the rationale could be more detailed.

Critical Analysis & Depth (Not Narration): 2 (Satisfactory)
The report contains a mix of analysis and narration. While there are some critical points, the student often reverts to describing what happened rather than evaluating it.

Report Structure, Formatting & Language: 3 (Good)
The report is generally well-structured with a clear introduction, body, and conclusion. It mostly follows formatting requirements, although there are minor language errors.","28.5",,,,"65",,,
"42786339","MOKOENA, M","",,,"32.5",,"32","Score: 32/50 (64.0%)

The student demonstrates a good understanding of CAPS alignment and provides practical improvement suggestions. However, the analysis of second-order concepts and teaching strategies could be more detailed. The report is well-structured and adheres to formatting requirements.

STRENGTHS:
? Identifies CAPS aims and evaluates lesson alignment.
? Provides practical improvement suggestions.

AREAS FOR IMPROVEMENT:
? Deepen analysis of second-order historical concepts.
? Provide more detailed pedagogical rationale for improvement suggestions.

CRITERIA BREAKDOWN:

CAPS Alignment & History Specific Aims: 8 (Good)
  The student identifies several CAPS aims, such as developing historical knowledge and understanding, and attempts to evaluate the lesson's alignment with these aims. However, the analysis lacks depth in connecting specific lesson activities to the CAPS aims, particularly in terms of critical engagement and enquiry-based learning.

History Second-Order Concepts: 5 (Satisfactory)
  The student mentions second-order concepts like cause and consequence, but the analysis is superficial. There is limited discussion on how the lesson addresses these concepts, and the student does not provide specific examples from the lesson to illustrate their points.

Teaching & Learning Strategies Analysis: 6 (Good)
  The student identifies the use of direct instruction and evaluates its strengths and weaknesses. However, the analysis could be more detailed, particularly in discussing alternative strategies that could enhance learner engagement and critical thinking.

Grade-Level Appropriateness & Improvement Suggestions: 5 (Good)
  The student evaluates the lesson's appropriateness for the grade level and provides several practical improvement suggestions. While the suggestions are relevant, the pedagogical rationale could be more developed to strengthen the argument.

Critical Analysis & Depth (Not Narration): 3 (Good)
  The report is mostly analytical, with some evaluative depth. There are minor instances of narration, but overall, the student maintains a critical stance. More original thinking and professional insight would enhance the analysis.

Report Structure, Formatting & Language: 5 (Excellent)
  The report is well-structured with a clear introduction, body, and conclusion. It adheres to all formatting requirements and uses professional academic language with minimal errors.",,,,,"45",,,
"43541550","MOKOENA, N","","34.5","Score: 34.5/50.0 (69.0%)

The submission demonstrates a good understanding of the historical context and uses a range of evidence to support its points. However, the analysis could be deeper, and the argument more cohesive. Improvements in language and referencing would enhance clarity.

STRENGTHS:
? Good use of historical evidence from multiple sources.
? Clear identification of ideological differences as a source of tension.

AREAS FOR IMPROVEMENT:
? Develop a more cohesive and focused argument.
? Improve grammatical accuracy and consistency in referencing.

CRITERIA BREAKDOWN:

Thesis Statement & Argument: 6.5 (Good)
  The thesis is clear and addresses the prompt, highlighting the tension between the US and the Soviet Union during WWII. However, the argument could be more focused and cohesive, as it tends to meander through various points without a strong central thread.

Evidence & Historical Accuracy: 10.5 (Good)
  The submission uses a good range of evidence from various sources, demonstrating a solid understanding of the period. However, some evidence is not fully integrated into the argument, and there are occasional inaccuracies in the presentation of historical facts.

Analysis & Interpretation: 8.0 (Satisfactory)
  The analysis is generally descriptive, with some attempts at explaining cause and effect. However, it often lacks depth and fails to engage with the complexities of the historical events discussed.

Structure & Organization: 3.5 (Good)
  The essay has a recognizable structure with an introduction, body, and conclusion. However, transitions between paragraphs could be smoother, and some sections feel disjointed.

Language, Style & Referencing: 6.0 (Satisfactory)
  The writing is generally clear, but there are frequent grammatical errors and awkward phrasing that impede understanding. Referencing is present but inconsistent in format.","36",,"30","Score: 30/50 (60.0%)

The submission demonstrates a solid understanding of CAPS alignment and teaching strategies, with good suggestions for improvement. However, the analysis of second-order concepts and critical evaluation could be deeper. The report is well-structured and mostly adheres to formatting guidelines.

STRENGTHS:
? Good identification of CAPS specific aims.
? Practical improvement suggestions for teaching strategies.

AREAS FOR IMPROVEMENT:
? Deeper analysis of second-order concepts.
? More critical evaluation rather than narration.

CRITERIA BREAKDOWN:

CAPS Alignment & History Specific Aims: 8 (Good)
  The submission provides a good discussion of CAPS alignment, identifying several specific aims such as developing historical knowledge and understanding, and promoting critical thinking. However, the analysis lacks depth in evaluating how the lesson activities align with these aims. More specific examples from the lesson video could strengthen this section.

History Second-Order Concepts: 4 (Satisfactory)
  The submission mentions several second-order concepts such as causation and significance but provides a superficial analysis of how these are addressed in the lesson. The student notes the lack of source analysis but does not deeply explore how the lesson could better promote these concepts.

Teaching & Learning Strategies Analysis: 6 (Good)
  The student identifies several teaching strategies such as lecture-style delivery and question and answer sessions. There is a basic evaluation of their effectiveness, noting the lack of learner autonomy. However, the analysis could benefit from a more detailed pedagogical rationale.

Grade-Level Appropriateness & Improvement Suggestions: 5 (Good)
  The report provides a good evaluation of grade-level appropriateness and offers several practical improvement suggestions, such as introducing source analysis tasks and differentiating instruction. The rationale for these suggestions is present but could be more detailed.

Critical Analysis & Depth (Not Narration): 2 (Satisfactory)
  The report contains a mix of analysis and narration. While some critical points are made, the submission often reverts to describing the lesson rather than evaluating it. More original thinking and professional insight are needed.

Report Structure, Formatting & Language: 5 (Good)
  The report is well-structured with a clear introduction, body, and conclusion. It follows all formatting requirements and uses professional academic language with minimal errors.","26.5",,,,"67",,,
"32596758","MOLEFE, KM","","32.5","Score: 32.5/50.0 (65.0%)

The submission demonstrates a solid understanding of the tensions between the US and the Soviet Union during and after WWII. The thesis is clear, and the argument is generally supported by relevant evidence. However, the analysis could be more nuanced, and the essay would benefit from better integration of sources and more consistent referencing.

STRENGTHS:
? Clear thesis and logical argument structure.
? Good range of historical evidence used.

AREAS FOR IMPROVEMENT:
? Deeper analysis of the complexities in US-Soviet relations.
? More consistent referencing and attention to typographical errors.

CRITERIA BREAKDOWN:

Thesis Statement & Argument: 7.0 (Good)
  The thesis is clear and addresses the prompt by focusing on the tensions between the US and the Soviet Union during and after WWII. The argument is generally logical and supported by relevant evidence, though it could benefit from more nuanced analysis of the complexities involved.

Evidence & Historical Accuracy: 10.5 (Good)
  The essay uses a good range of historical evidence to support its claims, such as the Yalta and Potsdam conferences, the Berlin Blockade, and the Truman Doctrine. However, some sources are not well-integrated into the argument, and there are minor inaccuracies, such as the incorrect year for the Yalta Conference.

Analysis & Interpretation: 8.0 (Satisfactory)
  The analysis is mostly descriptive, with some attempts to explain cause and effect. The essay could benefit from deeper engagement with the complexities of US-Soviet relations and more critical analysis of the events discussed.

Structure & Organization: 3.5 (Good)
  The essay is generally well-structured with a clear introduction and conclusion. However, some sections could be better organized to enhance the flow of the argument.

Language, Style & Referencing: 3.5 (Satisfactory)
  The writing is clear but contains several typographical errors and inconsistencies in style. Referencing is mostly accurate but could be more consistent in format.","35",,"34","Score: 34/50 (68.0%)

The student demonstrates a solid grasp of the CAPS alignment and second-order concepts, with good insights into teaching strategies and grade-level appropriateness. The report is well-structured and mostly analytical, though deeper evaluative insights and more detailed rationales for improvement suggestions would enhance the submission.

STRENGTHS:
? Identifies and connects CAPS specific aims effectively.
? Demonstrates understanding of second-order historical concepts.

AREAS FOR IMPROVEMENT:
? Provide deeper analysis of how well CAPS aims are achieved.
? Offer more detailed rationale for improvement suggestions.

CRITERIA BREAKDOWN:

CAPS Alignment & History Specific Aims: 8 (Good)
  The submission demonstrates a good understanding of CAPS alignment, identifying specific aims such as historical knowledge development and historical enquiry skills. The student connects these aims to the lesson activities, though the analysis could be deeper, particularly in evaluating how well these aims are achieved.

History Second-Order Concepts: 7 (Good)
  The student demonstrates a good understanding of second-order concepts like causation, change and continuity, and significance. The lesson's promotion of these concepts is discussed with relevant examples, though the analysis could benefit from a more critical evaluation of how effectively these concepts are integrated.

Teaching & Learning Strategies Analysis: 6 (Good)
  The student identifies several effective teaching strategies, such as scaffolding and the use of metaphors. While the strategies are well-described, the analysis could be more evaluative, discussing the potential limitations or areas for enhancement.

Grade-Level Appropriateness & Improvement Suggestions: 5 (Good)
  The evaluation of grade-level appropriateness is good, with practical suggestions for improvement, such as using more relatable examples. However, the rationale for these suggestions could be more detailed, particularly in explaining how they would enhance learning outcomes.

Critical Analysis & Depth (Not Narration): 3 (Good)
  The report maintains a mostly analytical stance with some evaluative depth. There are minor instances of narration, but overall, the student provides a critical perspective on the lesson quality.

Report Structure, Formatting & Language: 5 (Excellent)
  The report is well-structured with a clear introduction, body, and conclusion. It adheres to all formatting requirements and uses professional academic language with minimal errors.","22.5",,,,"65",,,
"44227396","MOLETE, L","","36.5","Score: 36.5/50.0 (73.0%)

The essay demonstrates a solid understanding of the historical context and provides a clear thesis. While the evidence used is generally accurate and relevant, the analysis could benefit from greater depth and integration of evidence. The structure is mostly logical, though some transitions are abrupt. Language and referencing need improvement for clarity and consistency.

STRENGTHS:
? Clear thesis statement addressing the prompt.
? Good range of historical evidence used to support arguments.

AREAS FOR IMPROVEMENT:
? Enhance depth of analysis and interpretation of historical events.
? Improve language clarity and consistency in referencing.

CRITERIA BREAKDOWN:

Thesis Statement & Argument: 7.5 (Good)
  The thesis is clear and addresses the prompt effectively, providing a focused argument about the tense relationship between the United States and the Soviet Union during and after WWII. The argument is generally well-structured, though some sections could benefit from more nuanced analysis.

Evidence & Historical Accuracy: 10.5 (Good)
  The essay uses a good range of evidence to support its claims, referencing key events and conferences. However, some evidence is not fully integrated into the argument, and there are occasional inaccuracies in the presentation of historical facts.

Analysis & Interpretation: 8.0 (Satisfactory)
  The analysis provides basic explanations of events and their significance. While the essay identifies key causes and effects, the interpretation often remains descriptive and lacks depth in exploring the complexities of US-Soviet relations.

Structure & Organization: 3.5 (Good)
  The essay is generally well-organized, with a clear introduction and conclusion. However, some paragraphs lack focus and transitions between sections could be smoother.

Language, Style & Referencing: 7.0 (Satisfactory)
  The writing is generally clear, but there are frequent grammatical errors and awkward phrasing that occasionally impede understanding. Referencing is inconsistent and some sources are not cited properly.","35",,"31","Score: 31/50 (62.0%)

The submission demonstrates a solid understanding of CAPS alignment and provides some practical improvement suggestions. However, it could benefit from a deeper engagement with second-order historical concepts and a more evaluative analysis of teaching strategies.

STRENGTHS:
? Clear identification of CAPS alignment with historical concepts.
? Well-structured report with professional language.

AREAS FOR IMPROVEMENT:
? Engage more deeply with second-order historical concepts like empathy and multi-perspectivity.
? Provide a more evaluative analysis of teaching strategies and their effectiveness.

CRITERIA BREAKDOWN:

CAPS Alignment & History Specific Aims: 8 (Good)
  The submission provides a good discussion of CAPS alignment, identifying key historical concepts such as the Cold War and ideologies. However, it lacks depth in evaluating how these align with specific CAPS aims beyond mentioning cause and effect. The critique notes the absence of source-based learning, which is a crucial CAPS requirement.

History Second-Order Concepts: 5 (Satisfactory)
  The submission mentions some second-order concepts such as cause and effect and critical thinking through questioning. However, it does not deeply engage with other second-order concepts like empathy, multi-perspectivity, or significance, which are crucial for a comprehensive historical understanding.

Teaching & Learning Strategies Analysis: 5 (Satisfactory)
  The analysis identifies several teaching methods such as lecture and question-and-answer but remains largely descriptive. The critique lacks a deeper evaluation of their effectiveness or pedagogical rationale, particularly in fostering historical thinking skills.

Grade-Level Appropriateness & Improvement Suggestions: 5 (Good)
  The submission provides some practical suggestions for improvement, such as incorporating source-based activities and visual aids. However, the rationale for these suggestions could be more detailed, particularly in terms of how they enhance grade-level appropriateness.

Critical Analysis & Depth: 3 (Good)
  The report maintains a mostly analytical stance, identifying strengths and areas for improvement. However, it occasionally lapses into description, particularly in the lesson description section.

Report Structure, Formatting & Language: 5 (Excellent)
  The report is well-structured with a clear introduction, body, and conclusion. It adheres to all formatting requirements and uses professional academic language with minimal errors.",,,,,"68",,,
"37747177","MOLOI, NP","","24","Score: 24.0/50.0 (48.0%)

The submission demonstrates a basic understanding of the historical context of US-Soviet relations during and after WWII. However, the thesis lacks clarity, and the argument is not consistently supported with well-integrated evidence. The analysis is mostly descriptive, and the structure is disorganized. Improvements in language and referencing are needed to enhance clarity and credibility.

STRENGTHS:
? Identifies key historical events like the Yalta and Potsdam conferences.
? Acknowledges the ideological differences between the US and USSR.

AREAS FOR IMPROVEMENT:
? Clarify and focus the thesis statement to provide a clear argument.
? Improve the organization and coherence of the essay structure.

CRITERIA BREAKDOWN:

Thesis Statement & Argument: 5.0 (Satisfactory)
  The thesis is present but lacks clarity and focus. It is somewhat repetitive and does not clearly outline the argument. The argument is not consistently supported throughout the essay, leading to a lack of coherence.

Evidence & Historical Accuracy: 8.0 (Satisfactory)
  The submission provides some relevant evidence but lacks depth and integration. Key events like the Yalta and Potsdam conferences are mentioned, but the explanation lacks detail and context. The Berlin Airlift is noted, but its significance is not fully explored.

Analysis & Interpretation: 7.0 (Satisfactory)
  The analysis is mostly descriptive, with limited critical engagement with the complexities of the US-Soviet relationship. The essay touches on important themes like ideological differences but does not delve into their implications or nuances.

Structure & Organization: 2.5 (Satisfactory)
  The essay lacks a clear structure, making it difficult to follow the argument. Paragraphs are not well-defined, and transitions between ideas are abrupt. A more organized approach would improve clarity.

Language, Style & Referencing: 1.5 (Needs Improvement)
  The writing is often unclear, with frequent grammatical errors that impede understanding. There is no referencing of sources, which weakens the credibility of the evidence presented.","27.5",,"30","Score: 30/50 (60.0%)

The student demonstrates a good understanding of CAPS alignment and second-order concepts, but the analysis lacks depth in some areas. The report is well-structured, but the evaluation of teaching strategies could be more critical and detailed.

STRENGTHS:
? Identifies CAPS aim and links it to lesson content
? Mentions second-order concepts like causation and continuity

AREAS FOR IMPROVEMENT:
? Provide deeper analysis of how CAPS aims are addressed
? Critically evaluate the effectiveness of teaching strategies

CRITERIA BREAKDOWN:

CAPS Alignment & History Specific Aims: 8 (Good)
  The student identifies CAPS aim 1 and links it to the lesson content, specifically mentioning key historical concepts such as causation and continuity. However, the analysis lacks depth as it only briefly mentions the alignment without exploring how each aim is addressed in detail.

History Second-Order Concepts: 6 (Good)
  The student demonstrates a good understanding of second-order concepts by mentioning causation and change/continuity. However, the analysis could be deeper, with more examples and discussion of how these concepts are promoted throughout the lesson.

Teaching & Learning Strategies Analysis: 5 (Satisfactory)
  The student identifies teaching strategies such as lecture, discussion, and source analysis. However, the analysis is descriptive rather than evaluative, lacking a critical examination of the effectiveness of these strategies.

Grade-Level Appropriateness & Improvement Suggestions: 5 (Good)
  The student evaluates the lesson's appropriateness for grade 10 and suggests improvements such as incorporating more learner-centered activities. The suggestions are practical but could benefit from a more detailed pedagogical rationale.

Critical Analysis & Depth (Not Narration): 2 (Satisfactory)
  The report contains a mix of analysis and narration. While some critical points are made, the report often reverts to describing the lesson rather than evaluating it.

Report Structure, Formatting & Language: 4 (Good)
  The report is well-structured with a clear introduction, body, and conclusion. It follows most formatting requirements, with minor language errors that do not impede understanding.","26.5",,,,"57",,,
"43662846","MONALELI, FB","","35","Score: 35.0/50.0 (70.0%)

Felicia's submission demonstrates a solid understanding of the topic and effectively addresses the prompt. The use of evidence is generally good, but the analysis could be more nuanced. Improvements in language clarity and referencing would enhance the overall quality.

STRENGTHS:
? Effective use of historical conferences to support the argument
? Clear thesis statement addressing the prompt

AREAS FOR IMPROVEMENT:
? Provide deeper analysis of the complexities in U.S.-Soviet relations
? Improve language clarity and consistency in referencing

CRITERIA BREAKDOWN:

Thesis Statement & Argument: 7.0 (Good)
  The thesis is clear and addresses the prompt directly, arguing that the U.S.-Soviet relationship was tense despite their wartime alliance. The argument is generally well-structured, though it could benefit from more nuanced analysis of the complexities involved in the U.S.-Soviet relationship.

Evidence & Historical Accuracy: 10.0 (Good)
  The submission uses a good range of evidence from various conferences and events to support the thesis. However, some evidence is not fully integrated into the argument, and there are occasional inaccuracies in the portrayal of events.

Analysis & Interpretation: 8.0 (Satisfactory)
  The analysis provides basic explanations of key events but often remains descriptive. There is a lack of depth in exploring the nuances and complexities of the U.S.-Soviet relationship and the causes of the Cold War.

Structure & Organization: 3.5 (Good)
  The essay is generally well-organized with a clear structure. However, some sections could benefit from smoother transitions and a more cohesive flow of ideas.

Language, Style & Referencing: 6.5 (Satisfactory)
  The language is mostly clear, but there are frequent errors that occasionally impede understanding. Referencing is inconsistent, and some sources are not cited correctly.","37",,"31","Score: 31/50 (62.0%)

The submission demonstrates a good understanding of CAPS alignment and teaching strategies but lacks depth in analyzing second-order concepts and critical evaluation. The report is well-structured and follows formatting guidelines.

STRENGTHS:
? Good identification of CAPS specific aims.
? Clear structure and adherence to formatting requirements.

AREAS FOR IMPROVEMENT:
? Deeper analysis of second-order concepts like causation and significance.
? More detailed evaluation of teaching strategies and their effectiveness.

CRITERIA BREAKDOWN:

CAPS Alignment & History Specific Aims: 8 (Good)
  The submission provides a good discussion of CAPS alignment, identifying specific aims such as promoting enquiry skills and developing historical literacy. However, the analysis could be deeper, particularly in evaluating how the lesson activities align with these aims.

History Second-Order Concepts: 5 (Satisfactory)
  The report mentions second-order concepts like change and continuity but lacks depth in analyzing how these were promoted in the lesson. The understanding of causation and significance is not fully developed, and the connection to the lesson is limited.

Teaching & Learning Strategies Analysis: 6 (Good)
  The submission identifies the teacher-led method and critiques its effectiveness. However, the analysis could benefit from a more detailed evaluation of how alternative strategies could enhance learning.

Grade-Level Appropriateness & Improvement Suggestions: 5 (Good)
  The report evaluates the lesson's appropriateness for Grade 9 and suggests improvements. The suggestions are practical but could be more detailed in terms of pedagogical rationale.

Critical Analysis & Depth: 2 (Satisfactory)
  The report includes some analysis but often reverts to describing the lesson rather than critically evaluating it. More original thinking and professional insight are needed.

Report Structure, Formatting & Language: 5 (Good)
  The report is well-structured and follows formatting requirements. Language is professional with minimal errors.","28.5",,,,"69",,,
"41145372","MOROKE, SM","","32.5","Score: 32.5/50.0 (65.0%)

The submission demonstrates a basic understanding of the historical events at the end of World War II and their impact on US-Soviet relations. While the student provides relevant evidence, the analysis lacks depth, and the argument is not clearly articulated. Improvements in thesis clarity, integration of evidence, and critical analysis would enhance the essay.

STRENGTHS:
? Good range of historical evidence provided.
? Recognizable essay structure with clear sections.

AREAS FOR IMPROVEMENT:
? Clarify and develop the thesis statement to provide a stronger argument.
? Enhance analysis by exploring the complexities and significance of events.

CRITERIA BREAKDOWN:

Thesis Statement & Argument: 5.5 (Satisfactory)
  The thesis is present but somewhat vague and underdeveloped. While the student attempts to address the prompt, the argument lacks clarity and depth. The repeated phrase 'This is why during World War II, the United States and the Soviet Union fought together as allies against the Axis powers' does not effectively advance the argument.

Evidence & Historical Accuracy: 9.5 (Good)
  The submission provides a good range of accurate historical evidence, such as the discussions at the Yalta and Potsdam conferences. However, the integration of evidence could be improved to better support the argument.

Analysis & Interpretation: 7.5 (Satisfactory)
  The analysis is mostly descriptive and lacks depth. While the student identifies key events, the explanation of their significance and the complexities involved is limited. More critical thinking and insight into the causes and effects would strengthen the analysis.

Structure & Organization: 3.5 (Good)
  The essay has a recognizable structure with an introduction, body, and conclusion. However, some paragraphs lack focus, and transitions between ideas could be smoother.

Language, Style & Referencing: 6.5 (Satisfactory)
  The writing is generally clear, but there are frequent errors that impede understanding. Referencing is inconsistent, and some sources are not fully cited.","27",,"30","Score: 30/50 (60.0%)

The submission demonstrates a solid understanding of CAPS alignment and provides relevant improvement suggestions. However, the analysis of second-order concepts and teaching strategies lacks depth. The report is well-structured but could benefit from more critical analysis rather than description.

STRENGTHS:
? Good understanding of CAPS alignment.
? Relevant improvement suggestions for grade-level appropriateness.

AREAS FOR IMPROVEMENT:
? Deeper analysis of second-order concepts.
? More evaluative commentary on teaching strategies.

CRITERIA BREAKDOWN:

CAPS Alignment & History Specific Aims: 8 (Good)
  The submission demonstrates a good understanding of CAPS alignment by discussing the goals of CAPS, such as inquiry-based learning and critical thinking. However, the analysis could be deeper, particularly in connecting specific lesson activities to CAPS aims.

History Second-Order Concepts: 5 (Satisfactory)
  The report mentions second-order concepts like causation and significance but lacks depth in analysis. The student identifies the presence of these concepts but does not critically evaluate how well they are promoted in the lesson.

Teaching & Learning Strategies Analysis: 5 (Satisfactory)
  The student identifies some teaching strategies, such as direct instruction and questioning. However, the analysis is more descriptive than evaluative, lacking a thorough pedagogical rationale.

Grade-Level Appropriateness & Improvement Suggestions: 6 (Good)
  The evaluation of grade-level appropriateness is good, with relevant improvement suggestions. The rationale for these suggestions is present but could be more detailed.

Critical Analysis & Depth: 2 (Satisfactory)
  The report contains a mix of analysis and narration. While some critical points are made, the student often reverts to describing what happened rather than evaluating it.

Report Structure, Formatting & Language: 4 (Good)
  The report is well-structured with a clear introduction, body, and conclusion. It mostly follows formatting requirements, with minor language errors that do not impede understanding.","26.5",,,,"61",,,
"42195217","MPE, LJ","","33","Score: 33.0/50.0 (66.0%)

The essay demonstrates a good understanding of the historical context and key events that shaped US-Soviet relations during and after WWII. However, the analysis could be deeper, and the integration of evidence more seamless. Improving the clarity of the argument and refining the use of sources would enhance the overall quality.

STRENGTHS:
? Good range of historical events covered.
? Clear thesis addressing the prompt.

AREAS FOR IMPROVEMENT:
? Enhance depth of analysis and critical thinking.
? Improve integration and consistency of evidence.

CRITERIA BREAKDOWN:

Thesis Statement & Argument: 7.0 (Good)
  The thesis is clear and addresses the prompt by acknowledging the alliance and tension between the US and USSR during WWII. However, the argument could be more focused and persuasive by integrating the thesis more consistently throughout the essay.

Evidence & Historical Accuracy: 10.0 (Good)
  The essay uses a good range of historical evidence, referencing key events like the Tehran, Yalta, and Potsdam Conferences. However, some details could be more accurately presented, and the integration of evidence could be improved.

Analysis & Interpretation: 8.0 (Satisfactory)
  The analysis provides a basic explanation of events and their significance. However, it often remains descriptive and lacks depth in exploring the complexities of US-Soviet relations. More critical thinking and nuanced interpretation are needed.

Structure & Organization: 3.5 (Good)
  The essay is generally well-structured with a clear introduction, body, and conclusion. However, some paragraphs could be more focused, and transitions between sections could be smoother.

Language, Style & Referencing: 4.5 (Satisfactory)
  The writing is generally clear, but there are frequent minor errors in grammar and punctuation. Referencing is present but inconsistent, with some sources not fully cited.","36.5",,"25","Score: 25/50 (50.0%)

The submission shows an understanding of the CAPS curriculum and attempts to engage with second-order concepts and teaching strategies. However, the analysis often lacks depth and critical engagement. Improvement suggestions are practical but could benefit from a more detailed pedagogical rationale.

STRENGTHS:
? Identifies specific CAPS aims and attempts to align them with the lesson.
? Provides practical suggestions for improving grade-level appropriateness.

AREAS FOR IMPROVEMENT:
? Expand on the analysis of second-order concepts and how they are addressed in the lesson.
? Provide a more detailed pedagogical rationale for teaching strategies.

CRITERIA BREAKDOWN:

CAPS Alignment & History Specific Aims: 6 (Satisfactory)
  The submission mentions CAPS alignment and identifies some specific aims, such as teamwork and critical evaluation. However, the analysis lacks depth and does not thoroughly connect these aims to the lesson activities. The critique of missing learning objectives is valid but could be expanded with more specific examples from the lesson.

History Second-Order Concepts: 2 (Needs Improvement)
  The report identifies the potential for second-order concepts like communism and capitalism but fails to demonstrate how these were addressed in the lesson. The critique focuses more on what was missing rather than analyzing what was present.

Teaching & Learning Strategies Analysis: 5 (Satisfactory)
  The submission identifies some teaching strategies, such as using practical examples and questioning techniques. However, the analysis is more descriptive than evaluative, lacking a detailed pedagogical rationale.

Grade-Level Appropriateness & Improvement Suggestions: 5 (Good)
  The student provides a reasonable evaluation of the lesson's appropriateness for Grade 9, noting issues with complexity and scaffolding. Improvement suggestions are practical, though the rationale could be more detailed.

Critical Analysis & Depth: 2 (Satisfactory)
  The report contains a mix of analysis and narration. While it attempts to critique the lesson, it often reverts to describing what happened rather than evaluating it critically.

Report Structure, Formatting & Language: 5 (Good)
  The report follows the required structure and formatting guidelines. Language is mostly clear, with minor errors that do not impede understanding.","26.5",,,,"64",,,
"40776158","MPEBE, ME","","43","Score: 43.0/50.0 (86.0%)

The submission demonstrates a strong understanding of the historical context and effectively argues that tension was inherent in the U.S.-Soviet wartime alliance. The use of evidence is solid, though further integration could enhance the analysis. The structure and language are well-executed, contributing to a coherent and persuasive essay.

STRENGTHS:
? Clear and focused thesis statement.
? Logical structure and organization.

AREAS FOR IMPROVEMENT:
? Integrate evidence more deeply into the analysis.
? Explore complexities in the analysis more thoroughly.

CRITERIA BREAKDOWN:

Thesis Statement & Argument: 9.0 (Excellent)
  The thesis is clear and directly addresses the prompt, arguing that the tension between the U.S. and the Soviet Union was inherent in their wartime alliance. The argument is well-structured and persuasive, consistently supported by historical evidence.

Evidence & Historical Accuracy: 11.0 (Good)
  The essay uses a good range of accurate evidence, including references to key events and figures. However, some evidence could be more deeply integrated into the analysis to strengthen the argument.

Analysis & Interpretation: 10.0 (Good)
  The analysis demonstrates good critical thinking, explaining key events and their significance. The essay connects cause and effect reasonably well, though some areas could benefit from deeper exploration of complexities.

Structure & Organization: 5.0 (Excellent)
  The essay is logically structured with a clear introduction, body, and conclusion. Transitions between paragraphs are smooth, and each section contributes to the overall argument.

Language, Style & Referencing: 8.0 (Good)
  The writing is generally clear and appropriate, with minor errors that do not impede understanding. Referencing is mostly accurate, though some citations could be more precise.","32",,"31","Score: 31/50 (62.0%)

The submission provides a solid evaluation of the lesson with good alignment to CAPS and some insightful suggestions for improvement. However, the analysis of second-order concepts and teaching strategies could be more in-depth.

STRENGTHS:
? Good understanding of CAPS alignment.
? Clear structure and professional language.

AREAS FOR IMPROVEMENT:
? Deeper analysis of second-order concepts.
? More thorough evaluation of teaching strategies.

CRITERIA BREAKDOWN:

CAPS Alignment & History Specific Aims: 8 (Good)
  The submission demonstrates a good understanding of CAPS alignment, identifying specific aims such as critical thinking and historical enquiry skills. However, the analysis lacks depth in evaluating how these aims are achieved in the lesson.

History Second-Order Concepts: 5 (Satisfactory)
  The report mentions second-order concepts like causation and significance but does not deeply analyze how these are promoted in the lesson. The explanation of how ideology is treated lacks depth.

Teaching & Learning Strategies Analysis: 5 (Satisfactory)
  The analysis identifies a teacher-centered approach but does not provide a thorough evaluation of its effectiveness. Limited discussion on alternative strategies such as source-based learning.

Grade-Level Appropriateness & Improvement Suggestions: 5 (Good)
  The evaluation of grade-level appropriateness is good, with practical suggestions for improvement. However, the pedagogical rationale for these suggestions could be more detailed.

Critical Analysis & Depth (Not Narration): 3 (Good)
  The report is mostly analytical with some evaluative depth. There are minor instances of narration, but overall, it maintains a critical stance.

Report Structure, Formatting & Language: 5 (Excellent)
  The report is well-structured with a clear introduction, body, and conclusion. It follows all formatting requirements and uses professional academic language with minimal errors.","26.5",,,,"70",,,
"45900817","MQOLO, U","","32.5","Score: 32.5/50.0 (65.0%)

Uyanda's essay provides a clear thesis and covers a range of relevant historical events. However, the analysis lacks depth, and the evidence is not always well-integrated into the argument. Improvements in language clarity and referencing are needed.

STRENGTHS:
? Clear thesis addressing the prompt
? Coverage of key historical events like the Yalta and Potsdam Conferences

AREAS FOR IMPROVEMENT:
? Integrate evidence more effectively into the argument
? Enhance depth of analysis and explore complexities of US-Soviet relations

CRITERIA BREAKDOWN:

Thesis Statement & Argument: 6.5 (Good)
  The thesis is clear and addresses the prompt, highlighting the tension between the US and the Soviet Union during and after WWII. However, the argument could be more persuasive with deeper analysis of the ideological differences and their impact on post-war relations.

Evidence & Historical Accuracy: 8.0 (Satisfactory)
  The essay provides a range of historical events and policies, such as the Yalta and Potsdam Conferences, the Truman Doctrine, and the Berlin Airlift. However, the evidence is sometimes presented in a list-like manner and lacks integration into the argument. Some inaccuracies and lack of depth in explaining the events weaken the historical accuracy.

Analysis & Interpretation: 7.5 (Satisfactory)
  The essay demonstrates basic analytical skills, explaining key events and their significance. However, the analysis is often descriptive and lacks depth in exploring the complexities of the US-Soviet relationship. The cause-effect relationships are sometimes simplistic.

Structure & Organization: 3.5 (Good)
  The essay has a recognizable structure with an introduction, body, and conclusion. However, some paragraphs lack focus, and transitions between ideas could be smoother.

Language, Style & Referencing: 7.0 (Satisfactory)
  The writing is generally clear, but there are frequent grammatical errors and awkward phrasing that impede understanding. The referencing is inconsistent, with some sources not properly cited.","33.5",,"26","Score: 26/50 (52.0%)

The submission demonstrates a basic understanding of CAPS alignment and second-order concepts but lacks depth in analysis. The student identifies teaching strategies but does not evaluate them thoroughly. Suggestions for improvement are practical but could be more detailed.

STRENGTHS:
? Provides practical suggestions for improvement.
? Identifies key teaching strategies used in the lesson.

AREAS FOR IMPROVEMENT:
? Provide deeper analysis of second-order concepts.
? Evaluate the effectiveness of teaching strategies with more depth.

CRITERIA BREAKDOWN:

CAPS Alignment & History Specific Aims: 5 (Satisfactory)
  The submission mentions CAPS aims but lacks depth in connecting them to the lesson. The analysis is superficial, and there is limited evidence from the video to support claims. The student notes the absence of clear goals and historical context, which is a crucial component of CAPS.

History Second-Order Concepts: 4 (Satisfactory)
  The student mentions second-order concepts but does not provide a deep analysis of how the lesson promotes these concepts. There is a lack of connection between ideology and the causes of the Cold War, and no use of primary or secondary sources is noted.

Teaching & Learning Strategies Analysis: 5 (Satisfactory)
  The student identifies some teaching strategies but does not evaluate their effectiveness thoroughly. The analysis is more descriptive than evaluative, and there is limited pedagogical rationale provided.

Grade-Level Appropriateness & Improvement Suggestions: 5 (Good)
  The student provides a good evaluation of the lesson's appropriateness for the grade level and offers practical suggestions for improvement. However, the rationale for these suggestions could be more detailed.

Critical Analysis & Depth (Not Narration): 2 (Satisfactory)
  The report contains a mix of analysis and narration. While some critical points are made, the student often reverts to describing what happened rather than evaluating it.

Report Structure, Formatting & Language: 5 (Good)
  The report is well-structured and mostly follows formatting requirements. There are minor language errors, but they do not impede understanding. The report length is appropriate.","20.5",,,,"59",,,
"46904212","MTHETHWA, N","","35.5","Score: 35.5/50.0 (71.0%)

The submission demonstrates a solid understanding of the historical context of US-Soviet relations at the end of World War II. The student effectively uses evidence and provides a coherent argument, though some areas could benefit from deeper analysis and more precise language.

STRENGTHS:
? Effective use of historical evidence to support arguments.
? Clear thesis statement addressing the prompt.

AREAS FOR IMPROVEMENT:
? Integrate evidence more seamlessly into the argument.
? Enhance the depth of analysis by exploring more nuanced perspectives.

CRITERIA BREAKDOWN:

Thesis Statement & Argument: 7.5 (Good)
  The student presents a clear and arguable thesis that addresses the prompt effectively. The argument is generally well-structured and supported by relevant evidence. However, the thesis could be more focused on specific aspects of the US-Soviet tensions rather than broadly stating the tension.

Evidence & Historical Accuracy: 11.0 (Good)
  The student uses a good range of accurate evidence to support the argument, including references to the Yalta and Potsdam Conferences and the atomic bomb. However, some evidence could be better integrated into the argument to enhance coherence.

Analysis & Interpretation: 10.5 (Good)
  The analysis demonstrates good critical thinking and connects historical events to the broader context of US-Soviet relations. The student explains the significance of events like the atomic bomb effectively, but some interpretations could delve deeper into the complexities of the historical context.

Structure & Organization: 3.5 (Good)
  The essay is generally well-organized with a clear introduction, body, and conclusion. However, some transitions between paragraphs could be smoother to enhance the flow of the argument.

Language, Style & Referencing: 3.0 (Satisfactory)
  The writing is generally clear, but there are occasional grammatical errors and awkward phrasing. Referencing is present but could be more consistent and precise.","37.5",,"35","Score: 35/50 (70.0%)

The submission demonstrates a solid grasp of historical concepts and teaching strategies, with good alignment to CAPS and effective use of second-order concepts. However, the analysis could be deeper, particularly in evaluating the lesson's ability to foster critical thinking and historical investigation.

STRENGTHS:
? Good understanding of second-order concepts like causation and significance.
? Effective identification of teaching strategies such as analogies and visual aids.

AREAS FOR IMPROVEMENT:
? Provide deeper analysis of how the lesson meets CAPS aims, particularly in fostering critical thinking.
? Develop a more detailed rationale for suggested improvements to teaching strategies.

CRITERIA BREAKDOWN:

CAPS Alignment & History Specific Aims: 8 (Good)
  The submission provides a good discussion of CAPS alignment, identifying specific aims such as the development of historical knowledge and critical thinking. However, the analysis lacks depth in evaluating how the lesson fully meets these aims, particularly in fostering critical thinking and historical investigation.

History Second-Order Concepts: 7 (Good)
  The student demonstrates a good understanding of second-order concepts such as causation and significance. The report provides relevant examples, like the use of analogies to explain cause and consequence. However, the analysis could be deeper, particularly in explicitly naming and integrating these concepts into the lesson.

Teaching & Learning Strategies Analysis: 7 (Good)
  The report identifies effective teaching strategies such as the use of analogies and visual aids, and evaluates their effectiveness. However, the rationale for why these strategies are effective could be more developed, and the critique of the teacher-centered approach could be more detailed.

Grade-Level Appropriateness & Improvement Suggestions: 5 (Good)
  The evaluation of grade-level appropriateness is good, with practical suggestions for improvement such as incorporating higher-order thinking tasks. However, the rationale for these suggestions could be more detailed.

Critical Analysis & Depth (Not Narration): 3 (Good)
  The report is mostly analytical with some evaluative depth. There are minor instances of narration, but overall, the student maintains a critical stance and provides original insights.

Report Structure, Formatting & Language: 5 (Excellent)
  The report is well-structured with a clear introduction, body, and conclusion. It follows all formatting requirements and uses professional academic language with minimal errors.","28.5",,,,"72",,,
"42568056","MTSHABE, AS","","32.5","Score: 32.5/50.0 (65.0%)

This essay demonstrates a solid understanding of the historical context of US-USSR relations during and after WWII. The thesis is clear, and the argument is supported by a good range of evidence. However, the analysis could be more critical and focused on specific events. The structure is generally effective, though some transitions could be improved.

STRENGTHS:
? Good use of historical evidence to support claims.
? Clear thesis statement addressing the prompt.

AREAS FOR IMPROVEMENT:
? Provide deeper analysis of key events to enhance critical understanding.
? Improve transitions between paragraphs for better flow.

CRITERIA BREAKDOWN:

Thesis Statement & Argument: 7.0 (Good)
  The thesis is clear and addresses the prompt by acknowledging the tension between the US and USSR during and after WWII. The argument is generally well-structured, but could benefit from more focused analysis on specific events at the end of WWII that exemplify the tension.

Evidence & Historical Accuracy: 10.5 (Good)
  The essay uses a good range of historical evidence, referencing key events and figures such as the Russian Revolution, WWII alliances, and the Cold War. However, some evidence could be more directly tied to the thesis to strengthen the argument.

Analysis & Interpretation: 8.5 (Satisfactory)
  The analysis is present but often descriptive rather than critical. The essay explains events but could delve deeper into the complexities and nuances of US-USSR relations during the transition from WWII to the Cold War.

Structure & Organization: 3.5 (Good)
  The essay is generally well-organized with a clear introduction and conclusion. Some paragraphs could be more focused, and transitions between ideas could be smoother.

Language, Style & Referencing: 3.0 (Good)
  The writing is generally clear, with appropriate vocabulary. There are minor grammatical errors, and the referencing is mostly accurate, though some citations could be more precise.","42",,"25","Score: 25/50 (50.0%)

The submission demonstrates a basic understanding of the CAPS curriculum and History teaching. While it identifies key areas for improvement, the analysis lacks depth, particularly in promoting second-order concepts and evaluating teaching strategies. The report would benefit from more detailed examples and a stronger pedagogical rationale.

STRENGTHS:
? Identifies CAPS specific aims and evaluates lesson alignment.
? Provides practical suggestions for improving grade-level appropriateness.

AREAS FOR IMPROVEMENT:
? Develop a deeper understanding of second-order concepts and their application.
? Provide a more evaluative analysis of teaching strategies with a clear pedagogical rationale.

CRITERIA BREAKDOWN:

CAPS Alignment & History Specific Aims: 6 (Satisfactory)
  The submission identifies the three main CAPS History specific aims and evaluates the lesson's alignment with these aims. However, the analysis lacks depth, particularly in discussing how the lesson could better promote critical thinking and enquiry skills. The suggestions for improvement are relevant but not fully developed.

History Second-Order Concepts: 4 (Satisfactory)
  The report mentions second-order concepts such as cause and effect, but the understanding appears superficial. The analysis does not clearly demonstrate how these concepts are promoted or neglected in the lesson. Suggestions for improvement are provided but lack specific examples from the lesson.

Teaching & Learning Strategies Analysis: 5 (Satisfactory)
  The submission identifies the teacher-centered approach used in the lesson and suggests alternative strategies. However, the analysis is more descriptive than evaluative, and the pedagogical rationale for the suggested improvements is not fully developed.

Grade-Level Appropriateness & Improvement Suggestions: 5 (Good)
  The report evaluates the lesson's grade-level appropriateness and provides practical suggestions for improvement. The rationale for these suggestions is present but could be more detailed to better demonstrate understanding of learner development.

Critical Analysis & Depth: 2 (Satisfactory)
  The report contains a mix of analysis and narration. While some critical points are made, the submission often reverts to describing what happened rather than evaluating it. More original thinking and professional insight are needed.

Report Structure, Formatting & Language: 3 (Good)
  The report is generally well-structured and follows most formatting requirements. There are minor language errors, but they do not impede understanding. The structure could be improved with a clearer distinction between sections.","28.5",,,,"68",,,
"44917708","MUKHADI, M","","41.5","Score: 41.5/50.0 (83.0%)

This essay demonstrates a strong understanding of the historical context and effectively argues the thesis regarding the US-Soviet alliance during WWII. The use of evidence and analysis is solid, though there is room for deeper integration and exploration of complexities. The structure is excellent, aiding in the clarity of the argument.

STRENGTHS:
? Clear and focused thesis statement.
? Strong organizational structure.

AREAS FOR IMPROVEMENT:
? Integrate evidence more deeply to support claims.
? Explore nuances and complexities in analysis.

CRITERIA BREAKDOWN:

Thesis Statement & Argument: 9.0 (Excellent)
  The thesis is clear and directly addresses the prompt, presenting a focused argument about the nature of the US-Soviet alliance during WWII. The argument is well-structured and persuasive, consistently supported by insightful analysis.

Evidence & Historical Accuracy: 10.5 (Good)
  The essay uses a good range of accurate evidence to support its claims, demonstrating a solid understanding of the period. However, some sections could benefit from deeper integration of evidence to enhance the argument.

Analysis & Interpretation: 11.0 (Good)
  The analysis is strong, explaining key events and their significance. The essay connects cause and effect reasonably well, though some areas could explore the nuances and complexities in greater depth.

Structure & Organization: 4.5 (Excellent)
  The essay is well-organized with a clear introduction, body, and conclusion. Transitions are smooth, and each paragraph contributes effectively to the overall argument.

Language, Style & Referencing: 6.5 (Good)
  The writing is generally clear and appropriate, with minor errors that do not impede understanding. Referencing is mostly accurate, though some citations could be more precise.","34",,"37","Score: 37/50 (74.0%)

The submission demonstrates a good understanding of CAPS alignment and second-order concepts, with effective teaching strategies identified. The report is well-structured and mostly analytical, though the analysis could be deeper in some areas. Improvement suggestions are practical and well-reasoned.

STRENGTHS:
? Good identification of CAPS alignment and second-order concepts.
? Practical and well-reasoned improvement suggestions.

AREAS FOR IMPROVEMENT:
? Deeper analysis of second-order concepts and their application.
? More developed rationale for the effectiveness of teaching strategies.

CRITERIA BREAKDOWN:

CAPS Alignment & History Specific Aims: 8 (Good)
  The submission demonstrates a good understanding of CAPS alignment, identifying specific aims such as fostering historical knowledge and skills. However, the analysis lacks depth in discussing how the lesson could better advance advanced historical skills like source analysis and diverse perspectives.

History Second-Order Concepts: 6 (Good)
  The report identifies several second-order concepts such as causation, significance, and change/continuity. However, the engagement with these concepts is mostly implicit, and the analysis could be deeper, especially in terms of applying these concepts through learner activities.

Teaching & Learning Strategies Analysis: 7 (Good)
  The report provides a good identification of teaching strategies such as direct instruction and use of analogies. The evaluation of these strategies is somewhat descriptive, and the rationale for their effectiveness could be more developed.

Grade-Level Appropriateness & Improvement Suggestions: 7 (Excellent)
  The evaluation of grade-level appropriateness is strong, with practical and well-reasoned suggestions for improvement. The rationale for these suggestions is clear and demonstrates an understanding of learner development.

Critical Analysis & Depth: 3 (Good)
  The report is mostly analytical with some evaluative depth. There are minor instances of narration, but overall, it maintains a critical stance.

Report Structure, Formatting & Language: 6 (Good)
  The report is well-structured with a clear introduction, body, and conclusion. It mostly follows formatting requirements, and the language is professional with minor errors.","29.5",,,,"75",,,
"45047790","MULAUDZI, F","","32","Score: 32.0/50.0 (64.0%)

The submission demonstrates a solid understanding of the historical context of US-Soviet relations at the end of World War II. The thesis is clear, and the use of evidence is generally effective, though the analysis could be more nuanced. The essay is well-organized, but some transitions and deeper insights into the complexities of the Cold War origins would strengthen the argument.

STRENGTHS:
? Good use of historical evidence to support claims.
? Clear thesis statement addressing the prompt.

AREAS FOR IMPROVEMENT:
? Deeper analysis of the complexities in US-Soviet relations.
? Smoother transitions between paragraphs for better flow.

CRITERIA BREAKDOWN:

Thesis Statement & Argument: 6.5 (Good)
  The thesis is clear and addresses the prompt, stating that the US-Soviet relationship was tense despite their alliance. The argument is generally logical, but could benefit from deeper insight into the complexities of the relationship.

Evidence & Historical Accuracy: 10.5 (Good)
  The essay uses a good range of historical evidence, such as the Yalta Conference and the division of Germany, to support its claims. However, some evidence is presented in a list-like manner rather than being fully integrated into the argument.

Analysis & Interpretation: 8.0 (Satisfactory)
  The analysis is basic and often descriptive. While the essay explains events, it lacks depth in exploring the nuances and complexities of US-Soviet relations. Greater emphasis on cause and effect would enhance the analysis.

Structure & Organization: 3.5 (Good)
  The essay is generally well-structured with clear sections. However, some transitions between paragraphs could be smoother to enhance the flow of the argument.

Language, Style & Referencing: 3.5 (Good)
  The writing is generally clear and appropriate, with minor errors that do not impede understanding. Referencing is mostly accurate, though some citations could be more precise.","37",,"31","Score: 31/50 (62.0%)

The submission demonstrates a good understanding of CAPS alignment and teaching strategies, but the analysis of second-order concepts and critical evaluation could be deeper. The report is well-structured and formatted correctly.

STRENGTHS:
? Good identification of CAPS aims and teaching strategies.
? Well-structured report with clear formatting.

AREAS FOR IMPROVEMENT:
? Deeper analysis of second-order concepts and their integration into the lesson.
? More critical evaluation rather than narration of the lesson.

CRITERIA BREAKDOWN:

CAPS Alignment & History Specific Aims: 8 (Good)
  The submission provides a good discussion of CAPS alignment, identifying the main aims of the CAPS curriculum such as understanding the past, developing history skills, and encouraging critical thinking. However, the analysis could be deeper, particularly in linking specific lesson activities to these aims.

History Second-Order Concepts: 5 (Satisfactory)
  The report mentions some second-order concepts such as causation and historical significance. However, the understanding appears superficial, and there is limited connection to the lesson. The report could benefit from a deeper analysis of how these concepts are integrated into the teaching.

Teaching & Learning Strategies Analysis: 6 (Good)
  The submission identifies several teaching strategies such as metaphors, questions, and visual aids. While the effectiveness of these strategies is noted, the rationale for their use could be more fully developed. The critique of the lesson being teacher-centred is valid but could be expanded with suggestions for improvement.

Grade-Level Appropriateness & Improvement Suggestions: 5 (Good)
  The report evaluates the lesson's suitability for the grade level and provides some practical improvement suggestions. However, the rationale for these suggestions could be more detailed, particularly in terms of how they align with learner development.

Critical Analysis & Depth (Not Narration): 2 (Satisfactory)
  The report contains a mix of analysis and narration. While there are some critical points, the report often reverts to describing the lesson rather than evaluating it, which limits the depth of the analysis.

Report Structure, Formatting & Language: 5 (Excellent)
  The report is well-structured with a clear introduction, body, and conclusion. It follows all formatting requirements and uses professional academic language with minimal errors.","22.5",,,,"64",,,
"45514062","MUNYAI, A","","38.5","Score: 38.5/50.0 (77.0%)

The submission demonstrates a solid understanding of the historical context and effectively uses evidence to support the argument. The analysis is generally insightful, though it could benefit from deeper exploration of the complexities involved. The structure is coherent, and the language is mostly clear, with minor referencing issues.

STRENGTHS:
? Effective use of historical evidence to support arguments.
? Clear understanding of key events and their significance.

AREAS FOR IMPROVEMENT:
? Enhance the depth of analysis by exploring nuances and complexities.
? Improve the focus and clarity of the thesis statement.

CRITERIA BREAKDOWN:

Thesis Statement & Argument: 7.5 (Good)
  The thesis is clear and addresses the prompt by acknowledging the alliance between the US and USSR during WWII and the underlying tensions. The argument is generally logical and supported by relevant historical events, such as the Yalta and Potsdam conferences. However, the thesis could be more focused by explicitly stating the significance of these events in leading to the Cold War.

Evidence & Historical Accuracy: 10.5 (Good)
  The submission uses a good range of accurate historical evidence, including references to key conferences and ideological differences. The evidence is generally well-integrated, demonstrating a solid understanding of the period. However, more primary source references could enhance the depth of analysis.

Analysis & Interpretation: 10.0 (Good)
  The analysis provides a reasonable explanation of key events and their significance, such as the ideological differences and the development of nuclear weapons. The cause and effect are connected well, but the interpretation could delve deeper into the nuances and complexities of the US-USSR relationship.

Structure & Organization: 3.5 (Good)
  The essay is generally well-structured with clear sections for introduction, body, and conclusion. Transitions between paragraphs are mostly smooth, though some sections could benefit from clearer topic sentences to enhance focus.

Language, Style & Referencing: 7.0 (Good)
  The writing is generally clear and appropriate, with minor errors that do not impede understanding. The vocabulary is precise, and referencing is mostly accurate. However, there are minor inconsistencies in the reference list formatting.","30",,"31","Score: 31/50 (62.0%)

The submission demonstrates a good understanding of CAPS alignment and provides practical suggestions for improvement. However, the analysis of second-order concepts and teaching strategies could be more in-depth. The report is well-structured and follows formatting guidelines.

STRENGTHS:
? Good understanding of CAPS alignment.
? Well-structured report with clear formatting.

AREAS FOR IMPROVEMENT:
? Deeper analysis of second-order historical concepts.
? More evaluative commentary on teaching strategies.

CRITERIA BREAKDOWN:

CAPS Alignment & History Specific Aims: 8 (Good)
  The submission provides a good discussion of CAPS alignment, identifying the three primary goals for teaching history as outlined in the CAPS curriculum. However, the analysis could be deeper, particularly in connecting lesson activities to these aims.

History Second-Order Concepts: 4 (Satisfactory)
  The report mentions second-order concepts such as cause and effect, but the understanding appears superficial. There is limited connection to how these concepts are promoted in the lesson.

Teaching & Learning Strategies Analysis: 5 (Satisfactory)
  The submission identifies the teacher-centered approach but lacks a thorough evaluation of its effectiveness. The analysis is more descriptive than evaluative.

Grade-Level Appropriateness & Improvement Suggestions: 6 (Good)
  The report provides a good evaluation of grade-level appropriateness and offers practical suggestions for improvement, though the rationale for these suggestions could be more detailed.

Critical Analysis & Depth (Not Narration): 3 (Good)
  The report is mostly analytical with some evaluative depth. There are minor instances of narration, but overall it maintains a critical stance.

Report Structure, Formatting & Language: 5 (Excellent)
  The report is well-structured with a clear introduction, body, and conclusion. It follows all formatting requirements and uses professional academic language with minimal errors.","27.5",,,,"67",,,
"38947269","MUTISSE, J","","29.5","Score: 29.5/50.0 (59.0%)

Josephine's essay demonstrates a basic understanding of the US-Soviet relationship during and after WWII. While the essay includes relevant historical events and some analysis, it lacks depth and critical engagement with the topic. Improvements in thesis clarity, evidence integration, and analytical depth would enhance the overall quality.

STRENGTHS:
? Inclusion of key historical events like the Yalta and Potsdam Conferences.
? Basic understanding of the ideological differences between the US and USSR.

AREAS FOR IMPROVEMENT:
? Develop a clearer and more focused thesis statement.
? Enhance the depth of analysis by exploring the complexities of post-war US-Soviet relations.

CRITERIA BREAKDOWN:

Thesis Statement & Argument: 5.5 (Satisfactory)
  The thesis is present but somewhat vague and underdeveloped. The argument lacks a clear focus and does not consistently support the thesis with insightful analysis. The essay provides a general overview of the US-Soviet relationship but does not delve deeply into the complexities of the post-war period.

Evidence & Historical Accuracy: 9.5 (Good)
  The essay uses a good range of evidence, such as references to the Yalta and Potsdam Conferences, but the integration of this evidence is uneven. Some claims are well-supported, while others lack depth. The historical accuracy is generally solid, but the analysis could benefit from more precise details.

Analysis & Interpretation: 8.0 (Satisfactory)
  The analysis is often descriptive rather than critical. While the essay touches on key events, it lacks depth in explaining the 'how' and 'why' of these events. The connections between cause and effect are not consistently clear, and the essay does not fully engage with the complexities of the period.

Structure & Organization: 3.5 (Good)
  The essay has a recognizable structure with an introduction, body, and conclusion. However, the organization within paragraphs is sometimes lacking, and transitions between ideas are not always smooth. The overall flow could be improved for better coherence.

Language, Style & Referencing: 3.0 (Satisfactory)
  The writing is generally clear but contains several informal expressions and grammatical errors that detract from the academic tone. Referencing is present but inconsistent, with some sources not properly cited.","28.5",,"38","Score: 38/50 (76.0%)

Josephine Mutisse's report demonstrates a strong understanding of historical concepts and pedagogical strategies. The analysis of CAPS alignment and second-order concepts is particularly commendable. While the teaching strategies analysis is good, it could be enhanced with more detailed pedagogical reasoning. The report is well-structured and adheres to formatting guidelines.

STRENGTHS:
? Strong understanding of history second-order concepts.
? Clear alignment with CAPS aims and thoughtful improvement suggestions.

AREAS FOR IMPROVEMENT:
? Deeper analysis of specific CAPS aims.
? More detailed pedagogical rationale for teaching strategies.

CRITERIA BREAKDOWN:

CAPS Alignment & History Specific Aims: 8 (Good)
  The submission demonstrates a good understanding of CAPS alignment, specifically mentioning the curriculum's aim to foster a love for history and the importance of source-based evaluation skills. However, the analysis could be deeper, with more specific CAPS aims identified and evaluated.

History Second-Order Concepts: 9 (Excellent)
  The student demonstrates an excellent understanding of second-order concepts such as causation, similarity and difference, and continuity and change. The examples provided show a critical evaluation of how these concepts are promoted in the lesson.

Teaching & Learning Strategies Analysis: 7 (Good)
  The student identifies several effective teaching strategies, such as the use of metaphors and formative assessments. However, the analysis could benefit from a more detailed pedagogical rationale.

Grade-Level Appropriateness & Improvement Suggestions: 6 (Good)
  The evaluation of grade-level appropriateness is solid, and the suggestion to incorporate primary sources is practical. The rationale for this improvement is clear and aligns with CAPS requirements.

Critical Analysis & Depth (Not Narration): 3 (Good)
  The report maintains a mostly analytical stance with some evaluative depth. There are minor instances of narration, but overall, the student takes a critical position on the lesson quality.

Report Structure, Formatting & Language: 5 (Excellent)
  The report is well-structured, following all formatting requirements. The language is professional and clear, with minimal errors.","28.5",,,,"66",,,
"43202578","MZIMBA, N","","36.5","Score: 36.5/50.0 (73.0%)

The submission demonstrates a good understanding of the historical context and provides relevant evidence to support the argument. However, the analysis lacks depth, and the writing could be clearer. Improving the integration of evidence and refining the thesis would enhance the overall quality.

STRENGTHS:
? Good use of historical evidence such as the Yalta and Potsdam Conferences.
? Clear thesis that addresses the prompt.

AREAS FOR IMPROVEMENT:
? Provide deeper analysis of the complexities in US-Soviet relations.
? Improve the clarity and coherence of writing and referencing.

CRITERIA BREAKDOWN:

Thesis Statement & Argument: 6.5 (Good)
  The thesis is clear and addresses the prompt by acknowledging the tension between the US and USSR during WWII. The argument is generally logical and supported by relevant evidence, though it could be more focused and cohesive.

Evidence & Historical Accuracy: 10.5 (Good)
  The submission uses a good range of accurate evidence, such as the Yalta and Potsdam Conferences, to support the argument. However, some evidence is not fully integrated into the analysis, and there are minor inaccuracies in the description of events.

Analysis & Interpretation: 8.0 (Satisfactory)
  The analysis provides basic explanations of events and their significance, but it often remains descriptive. The submission lacks depth in exploring the complexities and nuances of US-Soviet relations.

Structure & Organization: 3.5 (Good)
  The essay is generally well-structured with a clear introduction and conclusion. However, some paragraphs lack focus and transitions could be smoother.

Language, Style & Referencing: 8.0 (Satisfactory)
  The writing is mostly clear, but there are frequent grammatical errors and awkward phrasing. Referencing is inconsistent and not always accurate.","32",,"32","Score: 32/50 (64.0%)

The student demonstrates a good understanding of CAPS alignment and provides practical suggestions for improvement. However, the analysis of second-order concepts and teaching strategies lacks depth. The report is well-structured and formatted, maintaining a mostly analytical stance.

STRENGTHS:
? Good understanding of CAPS alignment.
? Well-structured report with clear formatting.

AREAS FOR IMPROVEMENT:
? Deepen analysis of second-order concepts.
? Provide more detailed pedagogical rationale for suggested strategies.

CRITERIA BREAKDOWN:

CAPS Alignment & History Specific Aims: 8 (Good)
  The student demonstrates a good understanding of CAPS alignment, identifying the goal of expanding historical knowledge and critical thinking. However, the analysis lacks depth, particularly in connecting lesson activities to specific CAPS aims.

History Second-Order Concepts: 5 (Satisfactory)
  The student mentions second-order concepts like cause and effect but does not deeply engage with them or provide sufficient examples of how these were promoted in the lesson. The report lacks a critical evaluation of multi-perspectivity and evidence.

Teaching & Learning Strategies Analysis: 5 (Satisfactory)
  The report identifies the teacher-centered approach but lacks a thorough evaluation of its effectiveness. The student suggests alternative strategies but does not provide a detailed pedagogical rationale.

Grade-Level Appropriateness & Improvement Suggestions: 6 (Good)
  The student evaluates the lesson's appropriateness for Grade 9 well and provides practical suggestions for improvement, such as incorporating higher-order thinking tasks.

Critical Analysis & Depth: 3 (Good)
  The report maintains a mostly analytical stance with some evaluative depth. However, it occasionally lapses into description rather than critical analysis.

Report Structure, Formatting & Language: 5 (Excellent)
  The report is well-structured with a clear introduction, body, and conclusion. It follows all formatting requirements and uses professional academic language with minimal errors.",,,,,"63",,,
"41910567","NAKENG, T","","31","Score: 31.0/50.0 (62.0%)

The submission demonstrates a solid understanding of the historical context and provides a coherent argument about the tensions between the United States and the Soviet Union. However, the analysis could be more nuanced, and the essay would benefit from improved integration of evidence and more precise language.

STRENGTHS:
? Good use of historical events to support the argument.
? Clear thesis statement addressing the prompt.

AREAS FOR IMPROVEMENT:
? Provide deeper analysis and interpretation of events.
? Improve language precision and consistency in referencing.

CRITERIA BREAKDOWN:

Thesis Statement & Argument: 7.0 (Good)
  The thesis is clear and addresses the prompt, arguing that the alliance was one of convenience rather than trust. The argument is generally logical and supported by relevant historical events, but it could be more focused and nuanced.

Evidence & Historical Accuracy: 9.5 (Good)
  The essay uses a good range of evidence, such as the Yalta and Potsdam Conferences and Soviet expansion. However, some evidence lacks depth and integration, and there are minor inaccuracies, such as the date of the Encyclopaedia Britannica reference.

Analysis & Interpretation: 8.0 (Satisfactory)
  The analysis is mostly descriptive, focusing on events rather than deeper interpretation. The essay explains key events but lacks critical engagement with their complexities and significance.

Structure & Organization: 3.5 (Good)
  The essay is generally well-structured with a clear introduction, body, and conclusion. However, some transitions between paragraphs are abrupt, and the table of contents is unnecessary for such a short essay.

Language, Style & Referencing: 3.0 (Satisfactory)
  The writing is generally clear, but there are frequent typographical errors and awkward phrasing. Referencing is inconsistent, with some sources lacking proper citation details.","37",,"34","Score: 34/50 (68.0%)

The submission demonstrates a good understanding of CAPS alignment and second-order historical concepts. The analysis of teaching strategies is competent, and the report is well-structured. However, deeper critical analysis and more detailed pedagogical rationale would enhance the evaluation.

STRENGTHS:
? Good understanding of CAPS alignment and second-order concepts.
? Well-structured report with clear formatting.

AREAS FOR IMPROVEMENT:
? Provide deeper analysis of how lesson activities align with CAPS aims.
? Develop more detailed pedagogical rationale for improvement suggestions.

CRITERIA BREAKDOWN:

CAPS Alignment & History Specific Aims: 8 (Good)
  The submission demonstrates a good understanding of CAPS alignment, identifying specific aims such as creating interest in the past and developing historical enquiry skills. However, the analysis could be deeper, particularly in connecting the lesson activities to these aims.

History Second-Order Concepts: 7 (Good)
  The student shows a good grasp of second-order concepts like causation, change and continuity, and multi-perspectivity. The examples provided are relevant, but the analysis could be more critical and detailed.

Teaching & Learning Strategies Analysis: 6 (Good)
  The report identifies several teaching strategies, such as visual literacy and scaffolding through language. The effectiveness of these strategies is discussed, but the rationale could be more thoroughly developed.

Grade-Level Appropriateness & Improvement Suggestions: 5 (Good)
  The evaluation of grade-level appropriateness is good, with practical suggestions for improvement. However, the pedagogical rationale for these suggestions could be more detailed.

Critical Analysis & Depth (Not Narration): 3 (Good)
  The report is mostly analytical with some evaluative depth. There are minor instances of narration, but overall, it maintains a critical stance.

Report Structure, Formatting & Language: 5 (Excellent)
  The report is well-structured with a clear introduction, body, and conclusion. It follows all formatting requirements and uses professional academic language with minimal errors.","28.5",,,,"69",,,
"42441978","NDLOVU, AE","","26","Score: 26.0/50.0 (52.0%)

The submission demonstrates a basic understanding of the historical events surrounding the end of WWII and the early Cold War. However, the analysis lacks depth, and the argument could be more focused. Improvements in writing clarity and referencing are needed.

STRENGTHS:
? Inclusion of key historical events like the Yalta and Potsdam Conferences.
? Attempts to connect historical events to the broader context of the Cold War.

AREAS FOR IMPROVEMENT:
? Provide more in-depth analysis of the US-Soviet relationship.
? Improve the clarity and coherence of the argument and writing.

CRITERIA BREAKDOWN:

Thesis Statement & Argument: 6.5 (Good)
  The thesis is clear and addresses the prompt, discussing the tension between the US and the Soviet Union during and after WWII. However, the argument could be more focused and persuasive, with a clearer connection between the thesis and the evidence provided.

Evidence & Historical Accuracy: 8.0 (Satisfactory)
  The submission provides a range of historical events and details, such as the Yalta and Potsdam Conferences, the Berlin Wall, and the Berlin Airlift. However, some evidence is not well-integrated into the argument, and there are occasional inaccuracies, such as the misdating of some events.

Analysis & Interpretation: 7.0 (Satisfactory)
  The analysis is mostly descriptive, with some attempts at explaining the significance of events. However, the submission lacks depth in exploring the complexities and nuances of the US-Soviet relationship and the broader implications of the Cold War.

Structure & Organization: 2.5 (Satisfactory)
  The essay has a basic structure with an introduction, body, and conclusion. However, the organization within paragraphs is inconsistent, and transitions between ideas are sometimes abrupt.

Language, Style & Referencing: 2.0 (Needs Improvement)
  The writing contains several grammatical errors and awkward phrasing, which impede clarity. Referencing is inconsistent, with some sources not properly cited.","30.5",,"40","Excellent assessment of the lesson itself, with no real major areas lacking.",,,,,"61",,,
"43549144","NDUBANE, PORCUPINE STERNBERG","","33","Score: 33.0/50.0 (66.0%)

The submission provides a solid analysis of the relationship between the United States and the Soviet Union during World War II. It effectively uses historical evidence and maintains a clear structure. However, the analysis could be more nuanced, and the referencing style could be more consistent.

STRENGTHS:
? Effective use of historical evidence
? Clear thesis and logical structure

AREAS FOR IMPROVEMENT:
? Deeper exploration of geopolitical complexities
? Consistency in referencing style

CRITERIA BREAKDOWN:

Thesis Statement & Argument: 7.0 (Good)
  The thesis is clear and addresses the prompt effectively, arguing that the alliance between the United States and the Soviet Union was driven by necessity rather than trust. The argument is generally well-structured, with a logical progression of ideas. However, the analysis could be more nuanced in exploring the complexities of the relationship.

Evidence & Historical Accuracy: 10.0 (Good)
  The submission uses a good range of accurate and relevant evidence, such as references to the Yalta and Potsdam Conferences and the atomic bomb. The evidence is generally well-integrated into the argument, demonstrating a solid understanding of the period.

Analysis & Interpretation: 9.0 (Good)
  The analysis demonstrates good critical thinking skills, explaining key events and their significance. The submission connects cause and effect reasonably well, though it could delve deeper into the nuances and complexities of the geopolitical dynamics.

Structure & Organization: 3.5 (Good)
  The essay is well-organized, with a clear introduction, body, and conclusion. Paragraphs are generally focused and contribute to the overall argument. Transitions between sections are mostly clear.

Language, Style & Referencing: 3.5 (Good)
  The writing is generally clear and appropriate, with minor errors that do not impede understanding. The vocabulary is precise, and referencing is mostly accurate, though it could be more consistent in style.","33.5",,"34","Score: 34/50 (68.0%)

The submission demonstrates a solid understanding of CAPS alignment and second-order concepts, with good identification of teaching strategies. While the analysis is generally strong, it could benefit from deeper evaluation and more detailed pedagogical rationale in some areas.

STRENGTHS:
? Good understanding of CAPS alignment and second-order concepts.
? Effective identification of teaching strategies used in the lesson.

AREAS FOR IMPROVEMENT:
? Provide deeper analysis of how lesson activities align with CAPS aims.
? Offer more detailed pedagogical rationale for improvement suggestions.

CRITERIA BREAKDOWN:

CAPS Alignment & History Specific Aims: 8 (Good)
  The submission provides a good discussion of CAPS alignment, identifying specific aims such as critical historical thinking and diverse perspectives. However, the analysis could be deeper, particularly in connecting these aims with specific lesson activities.

History Second-Order Concepts: 7 (Good)
  The student demonstrates a good understanding of second-order concepts such as causation, significance, and change/continuity. The analysis could be enhanced by providing more detailed examples and deeper evaluation of how these concepts are promoted.

Teaching & Learning Strategies Analysis: 6 (Good)
  The submission identifies several teaching strategies such as interactive learning and multimedia use. While the commentary is generally positive, it could benefit from a more critical evaluation of the effectiveness of these strategies.

Grade-Level Appropriateness & Improvement Suggestions: 5 (Good)
  The evaluation of grade-level appropriateness is good, noting the complexity of content and skill development. Improvement suggestions are practical but could be more detailed in terms of pedagogical rationale.

Critical Analysis & Depth: 3 (Good)
  The report is mostly analytical with some evaluative depth. There are minor instances of narration, but overall, it maintains a critical stance.

Report Structure, Formatting & Language: 5 (Excellent)
  The report is well-structured with a clear introduction, body, and conclusion. It follows all formatting requirements and uses professional academic language with minimal errors.","27.5",,,,"67",,,
"40019373","NGCWAZI, S","","32.5","Score: 32.5/50.0 (65.0%)

The submission demonstrates a good understanding of the historical context and effectively addresses the prompt. The use of evidence is solid, though integration could be improved. The analysis is somewhat descriptive and could benefit from deeper exploration of the complexities of US-Soviet relations. The structure is clear, but transitions could be smoother.

STRENGTHS:
? Good use of historical evidence to support the thesis.
? Clear structure with focused sections addressing different aspects of the argument.

AREAS FOR IMPROVEMENT:
? Deeper analysis of ideological differences and their impact on US-Soviet relations.
? Smoother transitions between sections to enhance the flow of the argument.

CRITERIA BREAKDOWN:

Thesis Statement & Argument: 7.0 (Good)
  The thesis is clear and addresses the prompt by focusing on the tactical nature of the US-USSR alliance during WWII. The argument is generally well-structured, with each section supporting the thesis through analysis of key events. However, the argument could be more persuasive with deeper exploration of the ideological differences.

Evidence & Historical Accuracy: 10.5 (Good)
  The submission uses a good range of evidence from both primary and secondary sources, demonstrating a solid understanding of the period. However, some evidence is not fully integrated into the argument, and there are occasional inaccuracies in the timeline.

Analysis & Interpretation: 8.5 (Satisfactory)
  The analysis provides a basic explanation of events and their significance. While the submission connects cause and effect, the analysis is often descriptive and lacks depth in exploring the complexities of US-Soviet relations.

Structure & Organization: 3.5 (Good)
  The essay is generally well-organized with a clear structure. Each section addresses a specific aspect of the thesis. However, transitions between sections could be smoother to enhance the flow of the argument.

Language, Style & Referencing: 3.0 (Good)
  The writing is generally clear and appropriate, with minor errors that do not impede understanding. Referencing is mostly accurate, though some sources are not cited in the text.","32",,"29","Score: 29/50 (58.0%)

The submission demonstrates a good understanding of CAPS alignment and provides some practical improvement suggestions. However, the analysis of second-order concepts and teaching strategies lacks depth. The report is well-structured and mostly follows formatting guidelines.

STRENGTHS:
? Good understanding of CAPS alignment and specific aims.
? Practical improvement suggestions for grade-level appropriateness.

AREAS FOR IMPROVEMENT:
? Deeper analysis of second-order concepts and their promotion in the lesson.
? More evaluative depth in the analysis of teaching strategies.

CRITERIA BREAKDOWN:

CAPS Alignment & History Specific Aims: 8 (Good)
  The submission provides a good discussion of CAPS alignment, identifying the importance of historical investigation and analytical thinking as per CAPS. However, the analysis could be deeper, particularly in evaluating how the lesson's teacher-centered approach limits engagement with CAPS aims.

History Second-Order Concepts: 4 (Satisfactory)
  The submission mentions second-order concepts like causation and significance but lacks depth in analysis. There is limited discussion on how these concepts are promoted in the lesson, and the understanding appears superficial.

Teaching & Learning Strategies Analysis: 5 (Satisfactory)
  The report identifies some teaching strategies but lacks evaluative depth. The analysis is more descriptive, and there is limited pedagogical rationale provided for the effectiveness of the strategies.

Grade-Level Appropriateness & Improvement Suggestions: 5 (Good)
  The evaluation of grade-level appropriateness is good, with some practical improvement suggestions provided. However, the rationale for these suggestions could be more detailed.

Critical Analysis & Depth (Not Narration): 3 (Good)
  The report is mostly analytical with some evaluative depth. There are minor instances of narration, but overall, it maintains a critical stance.

Report Structure, Formatting & Language: 4 (Good)
  The report is well-structured with clear sections and mostly follows formatting requirements. There are minor language errors, but they do not impede understanding.","28",,,,"64",,,
"45115990","NGWEVU, N","","37","Score: 37.0/50.0 (74.0%)

The essay provides a solid overview of the tensions between the United States and the Soviet Union at the end of World War II. It effectively uses evidence to support its claims and is well-organized. However, the analysis could be more nuanced, and the integration of evidence could be improved to enhance the depth of the argument.

STRENGTHS:
? Good use of historical evidence to support claims.
? Clear structure and organization of the essay.

AREAS FOR IMPROVEMENT:
? Deepen analysis to explore nuances and complexities.
? Improve integration of evidence into the argument.

CRITERIA BREAKDOWN:

Thesis Statement & Argument: 7.5 (Good)
  The thesis is clear and addresses the prompt, arguing that the relationship between the United States and the Soviet Union was tense due to various factors. The argument is generally logical and supported throughout the essay, though it could benefit from more nuanced analysis of the complexities involved.

Evidence & Historical Accuracy: 10.5 (Good)
  The essay uses a good range of evidence to support its claims, including references to key events like the Yalta and Potsdam Conferences, the Truman Doctrine, and the Marshall Plan. However, some evidence is presented in a somewhat list-like manner rather than being fully integrated into the analysis.

Analysis & Interpretation: 8.0 (Satisfactory)
  The essay provides basic explanations of key events and their significance but often remains descriptive. The analysis could be deepened by exploring the nuances and complexities of the US-Soviet relationship and the broader geopolitical context.

Structure & Organization: 3.5 (Good)
  The essay is well-structured with a clear introduction, body, and conclusion. Each section is focused and contributes to the overall argument. However, transitions between paragraphs could be smoother to enhance the flow of the argument.

Language, Style & Referencing: 7.5 (Good)
  The writing is generally clear and appropriate, with minor errors that do not impede understanding. Referencing is mostly accurate, though there are occasional inconsistencies in citation style.","37",,"34","Score: 34/50 (68.0%)

The student demonstrates a good understanding of CAPS alignment and second-order concepts, with a solid analysis of teaching strategies. While the report is well-structured and mostly analytical, deeper engagement with historical significance and pedagogical rationale for improvement suggestions would enhance the evaluation.

STRENGTHS:
? Identifies and discusses CAPS aims and second-order concepts.
? Uses a variety of teaching strategies in analysis.

AREAS FOR IMPROVEMENT:
? Deeper engagement with historical significance and interpretation.
? Provide more detailed pedagogical rationale for improvement suggestions.

CRITERIA BREAKDOWN:

CAPS Alignment & History Specific Aims: 8 (Good)
  The student identifies CAPS aims such as developing historical knowledge and source interpretation. However, the analysis lacks depth, particularly in evaluating how well these aims are met. The student acknowledges the use of sources but notes that deeper skills like critical analysis were underdeveloped.

History Second-Order Concepts: 6 (Good)
  The student demonstrates a good understanding of second-order concepts like causation and empathy, using the balloon metaphor as an example. However, the analysis could be deeper, particularly in addressing concepts like historical significance and interpretation.

Teaching & Learning Strategies Analysis: 7 (Good)
  The student identifies various teaching strategies such as explanation, visual aids, and questioning. The analysis is mostly descriptive, with some evaluation of effectiveness. The rationale for the effectiveness of these strategies could be more developed.

Grade-Level Appropriateness & Improvement Suggestions: 5 (Good)
  The student evaluates the lesson's appropriateness for Grade 9 and suggests improvements such as more source-based analysis and differentiation. The suggestions are practical but could benefit from a more detailed pedagogical rationale.

Critical Analysis & Depth (Not Narration): 3 (Good)
  The report maintains a mostly analytical stance with some evaluative depth. There are minor instances of narration, but overall, the student takes a critical position on the lesson quality.

Report Structure, Formatting & Language: 5 (Excellent)
  The report is well-structured with a clear introduction, body, and conclusion. It follows all formatting requirements and uses professional academic language with minimal errors.","26.5",,,,"71",,,
"41348354","NTAMO, B","","29.5","Score: 29.5/50.0 (59.0%)

The submission demonstrates a solid understanding of the historical context and provides a clear argument about the tensions between the United States and the Soviet Union during WWII. However, the analysis could be more nuanced, and the integration of evidence could be improved. The structure is generally effective, but language and referencing need refinement.

STRENGTHS:
? Clear thesis statement addressing the prompt
? Good use of historical events to support the argument

AREAS FOR IMPROVEMENT:
? Deeper analysis of the causes and effects of tensions
? Improve language clarity and consistency in referencing

CRITERIA BREAKDOWN:

Thesis Statement & Argument: 6.5 (Good)
  The thesis is clear and addresses the prompt by asserting the tension between the United States and the Soviet Union during WWII. The argument is generally logical, but lacks depth in exploring the nuances of the relationship.

Evidence & Historical Accuracy: 9.5 (Good)
  The submission uses a good range of evidence, such as the Yalta and Potsdam Conferences, to support the argument. However, some evidence is not fully integrated into the analysis, and there are minor inaccuracies in the portrayal of events.

Analysis & Interpretation: 7.5 (Satisfactory)
  The analysis provides a basic explanation of events but often remains descriptive. The submission could benefit from deeper exploration of the causes and effects of the tensions between the superpowers.

Structure & Organization: 3.5 (Good)
  The essay is generally well-structured with a clear introduction, body, and conclusion. However, some sections could benefit from smoother transitions to enhance coherence.

Language, Style & Referencing: 2.5 (Satisfactory)
  The writing is mostly clear, but there are some grammatical errors and awkward phrasing. Referencing is present but lacks consistency in formatting.","32",,"18","Score: 18/50 (36.0%)

The submission demonstrates a basic understanding of the CAPS History specific aims and attempts to evaluate the lesson's alignment with them. However, it lacks depth in analyzing second-order concepts and teaching strategies. The report structure is good, but the analysis could be more critical and supported by specific examples from the lesson video.

STRENGTHS:
? Clear report structure and adherence to formatting guidelines.
? Identification of CAPS History specific aims.

AREAS FOR IMPROVEMENT:
? Provide specific examples from the lesson to support claims about CAPS alignment.
? Include a detailed analysis of teaching strategies and their effectiveness.

CRITERIA BREAKDOWN:

CAPS Alignment & History Specific Aims: 5 (Satisfactory)
  The student identifies the CAPS History specific aims but provides a superficial analysis of how the lesson aligns with them. The report mentions that the lesson is content-driven rather than enquiry-based, which limits deeper engagement, but it lacks specific examples from the video to support this claim.

History Second-Order Concepts: 2 (Needs Improvement)
  The submission mentions second-order concepts but fails to demonstrate a deep understanding or provide specific examples of how these are addressed in the lesson. The analysis is limited to stating that there is minimal focus on these concepts without elaborating on how they could be integrated.

Teaching & Learning Strategies Analysis: 2 (Needs Improvement)
  The report lacks a detailed analysis of the teaching and learning strategies used in the lesson. It does not identify specific strategies or evaluate their effectiveness, missing an opportunity to discuss pedagogical approaches observed in the video.

Grade-Level Appropriateness & Improvement Suggestions: 3 (Satisfactory)
  The report provides a basic evaluation of the lesson's appropriateness for the grade level. However, it lacks practical improvement suggestions and a clear pedagogical rationale for how the lesson could be enhanced.

Critical Analysis & Depth (Not Narration): 2 (Satisfactory)
  The report contains a mix of analysis and narration. While it attempts to evaluate the lesson, it often reverts to describing what happened rather than providing a critical analysis.

Report Structure, Formatting & Language: 4 (Good)
  The report is well-structured with a clear introduction, body, and conclusion. It follows most formatting requirements and uses professional academic language with minimal errors.",,,,,"40",,,
"47997710","NTLATEG, B","","36.5","Score: 36.5/50.0 (73.0%)

The submission demonstrates a solid understanding of the historical context and uses relevant evidence to support the thesis. However, the analysis could be more nuanced, and the writing style needs refinement. Improving the integration of evidence and addressing language errors would enhance the overall quality.

STRENGTHS:
? Good use of historical events to support the thesis.
? Clear understanding of the ideological differences between the US and Soviet Union.

AREAS FOR IMPROVEMENT:
? Provide deeper analysis of the impact of events on US-Soviet relations.
? Improve writing clarity and consistency in referencing.

CRITERIA BREAKDOWN:

Thesis Statement & Argument: 6.5 (Good)
  The thesis is clear and addresses the prompt, focusing on the strategic necessity of the alliance and the underlying tensions. However, the argument could be more persuasive by integrating deeper analysis of the ideological differences and their impact on post-war relations.

Evidence & Historical Accuracy: 10.5 (Good)
  The essay uses a good range of evidence, such as the Yalta and Potsdam conferences, to support the argument. However, some evidence is not fully integrated into the analysis, and there are minor inaccuracies in the timeline and context.

Analysis & Interpretation: 8.0 (Satisfactory)
  The analysis is mostly descriptive, with some attempts to explain the significance of events like the Berlin Crisis. However, the essay often lacks depth in exploring the complexities of the US-Soviet relationship.

Structure & Organization: 3.5 (Good)
  The essay has a recognizable structure with a clear introduction and conclusion. However, some paragraphs lack focus, and transitions between sections could be smoother.

Language, Style & Referencing: 8.0 (Satisfactory)
  The writing is generally clear, but there are frequent errors in capitalization and punctuation. Referencing is inconsistent, with some sources not fully cited.","28.5",,"25","Score: 25/50 (50.0%)

The submission demonstrates a basic understanding of CAPS alignment and second-order concepts but lacks depth in analysis and evaluation. The report identifies some teaching strategies and provides improvement suggestions, yet these are not fully developed. Formatting and language issues detract from the professionalism of the report.

STRENGTHS:
? Identifies some CAPS aims and second-order concepts.
? Provides practical suggestions for improving lesson engagement.

AREAS FOR IMPROVEMENT:
? Deepen analysis of CAPS alignment and second-order concepts.
? Enhance the pedagogical rationale for suggested improvements.

CRITERIA BREAKDOWN:

CAPS Alignment & History Specific Aims: 6 (Satisfactory)
  The submission mentions CAPS alignment but lacks depth in connecting specific aims to the lesson. While it notes the traditional teaching approach, it doesn't sufficiently evaluate how the lesson could better align with CAPS aims.

History Second-Order Concepts: 5 (Satisfactory)
  The report identifies some second-order concepts like causation and significance but does not fully explore their application in the lesson. The analysis of how these concepts are presented is superficial.

Teaching & Learning Strategies Analysis: 5 (Satisfactory)
  The report identifies the teacher-centered approach but lacks a thorough evaluation of the strategies' effectiveness. It suggests improvements but does not provide a strong pedagogical rationale.

Grade-Level Appropriateness & Improvement Suggestions: 5 (Good)
  The submission provides some practical suggestions for improvement, such as incorporating second-order concepts and learner-centered strategies. However, the rationale for these suggestions could be more detailed.

Critical Analysis & Depth (Not Narration): 2 (Satisfactory)
  The report contains a mix of analysis and narration. While it attempts to critique the lesson, it often reverts to describing what happened rather than evaluating it critically.

Report Structure, Formatting & Language: 2 (Needs Improvement)
  The report does not fully adhere to the formatting requirements, with inconsistent capitalization and spacing errors. The structure is basic but could be more organized.","28",,,,"63",,,
"45286299","PHONDO, NP","","32","Score: 32.0/50.0 (64.0%)

The submission demonstrates a solid understanding of the historical context and provides a coherent argument about the U.S.-Soviet relations during and after WWII. However, the analysis could be more nuanced, and the integration of sources needs improvement. The essay is well-organized but could benefit from clearer transitions and more precise language.

STRENGTHS:
? Good use of historical events to support the argument.
? Clear thesis that addresses the prompt effectively.

AREAS FOR IMPROVEMENT:
? Enhance the depth of analysis and explore complexities more thoroughly.
? Improve referencing and ensure all sources are current and accurately cited.

CRITERIA BREAKDOWN:

Thesis Statement & Argument: 6.5 (Good)
  The thesis is clear and addresses the prompt, stating that the U.S. and Soviet Union's alliance was based on necessity rather than shared beliefs. The argument is generally logical and supported by relevant historical events, though it could benefit from more nuanced analysis of the complexities involved.

Evidence & Historical Accuracy: 10.5 (Good)
  The submission uses a good range of accurate evidence, such as the Lend-Lease program and key battles like Stalingrad and Kursk. However, some sources are not current or well-integrated, and there is a reliance on secondary sources without critical evaluation.

Analysis & Interpretation: 8.0 (Satisfactory)
  While the submission explains key events and their significance, the analysis often remains descriptive. The cause-effect relationships are mentioned but not deeply explored, and the complexities of the U.S.-Soviet relations could be better articulated.

Structure & Organization: 3.5 (Good)
  The essay is generally well-structured with a clear introduction, body, and conclusion. However, some transitions between sections could be smoother, and the organization within paragraphs could be improved for clarity.

Language, Style & Referencing: 3.5 (Satisfactory)
  The writing is generally clear, but there are some grammatical errors and awkward phrasing. Referencing is inconsistent, with some citations lacking necessary details or being outdated.","25.5",,"32","Score: 32/50 (64.0%)

The submission demonstrates a solid understanding of CAPS alignment and second-order concepts, with effective teaching strategies identified. However, the analysis could be deeper, and the report occasionally lapses into narration. Improvement suggestions are practical but require more detailed rationale.

STRENGTHS:
? Identifies CAPS specific aims and aligns them with lesson content.
? Recognizes and discusses second-order historical concepts such as causation and perspective.

AREAS FOR IMPROVEMENT:
? Provide a deeper analysis of how the lesson meets CAPS aims.
? Offer more detailed pedagogical rationale for teaching strategies and improvement suggestions.

CRITERIA BREAKDOWN:

CAPS Alignment & History Specific Aims: 8 (Good)
  The submission provides a good discussion of CAPS alignment, mentioning specific aims such as critical thinking and understanding historical contexts. However, it lacks depth in evaluating how each aim is met in the lesson.

History Second-Order Concepts: 6 (Good)
  The student identifies several second-order concepts like causation, historical significance, and perspective. However, the analysis of how these are promoted in the lesson could be more detailed.

Teaching & Learning Strategies Analysis: 6 (Good)
  The submission identifies effective teaching strategies such as group discussions and multimedia use. The evaluation of these strategies is somewhat descriptive and could benefit from a deeper pedagogical rationale.

Grade-Level Appropriateness & Improvement Suggestions: 5 (Good)
  The report provides a good evaluation of grade-level appropriateness and offers practical suggestions for improvement, such as differentiation and technology use. The rationale for these suggestions could be more detailed.

Critical Analysis & Depth (Not Narration): 2 (Satisfactory)
  The report contains a mix of analysis and narration. While some critical points are made, the submission often reverts to describing the lesson rather than evaluating it.

Report Structure, Formatting & Language: 5 (Good)
  The report is well-structured and follows the formatting requirements. Language is professional with minimal errors.","29.5",,,,"63",,,
"48522139","RADEBE, VP","","34.5","Score: 34.5/50.0 (69.0%)

The submission demonstrates a good understanding of the historical context and the tensions between the United States and the Soviet Union post-WWII. The thesis is clear, but the argument could be more nuanced. Evidence is relevant but could be more thoroughly integrated. The analysis is often descriptive and could benefit from deeper engagement with the complexities of the events. The structure is generally clear, but transitions could be smoother.

STRENGTHS:
? Clear thesis statement addressing the historical prompt.
? Good understanding of the ideological differences between the US and the Soviet Union.

AREAS FOR IMPROVEMENT:
? Provide more detailed and integrated evidence to support claims.
? Enhance the depth of analysis by engaging more with the complexities of historical events.

CRITERIA BREAKDOWN:

Thesis Statement & Argument: 7.0 (Good)
  The thesis is clear and addresses the prompt by acknowledging the alliance and tension between the United States and the Soviet Union during and after WWII. The argument is generally logical, but could benefit from more nuanced analysis of the ideological and political tensions.

Evidence & Historical Accuracy: 8.0 (Satisfactory)
  The submission provides some relevant evidence, but it is limited in scope and depth. The use of sources is evident but not fully integrated into the argument. More detailed evidence and integration would strengthen the historical accuracy.

Analysis & Interpretation: 8.5 (Satisfactory)
  The analysis provides a basic explanation of key events but often remains descriptive. The cause-effect relationships are mentioned but lack depth. Greater engagement with the complexities and nuances of the events would enhance the analysis.

Structure & Organization: 3.5 (Good)
  The essay is generally well-structured with a clear introduction and conclusion. However, some paragraphs could be more focused and transitions between sections could be smoother.

Language, Style & Referencing: 7.5 (Good)
  The writing is generally clear and appropriate, with minor errors that do not impede understanding. Referencing is mostly accurate, though some citations could be more precise.","37.5",,,,"23",,,,"50",,,
"46289992","RAMAKOKOVHU, RH","","32","Score: 32.0/50.0 (64.0%)

The submission demonstrates a solid understanding of the historical context and provides a coherent argument about the tense US-Soviet relationship at the end of World War II. While the use of evidence is good, the analysis could be more nuanced, and the integration of evidence into the argument could be improved.

STRENGTHS:
? Good use of historical evidence related to key conferences and events.
? Clear thesis statement addressing the prompt.

AREAS FOR IMPROVEMENT:
? Enhance the depth of analysis to explore the complexities of the US-Soviet relationship.
? Improve the integration of evidence into the argument for a more cohesive narrative.

CRITERIA BREAKDOWN:

Thesis Statement & Argument: 7.0 (Good)
  The thesis is clear and addresses the prompt by asserting that the alliance was tense due to political differences and key events. The argument is generally logical and supported by relevant points, though it could benefit from more nuanced analysis.

Evidence & Historical Accuracy: 10.0 (Good)
  The submission uses a good range of historical evidence, including references to the Yalta and Potsdam Conferences and the use of the atomic bomb. However, some evidence could be more deeply integrated and analyzed.

Analysis & Interpretation: 8.0 (Satisfactory)
  The analysis provides a basic explanation of events and their significance. However, it often remains descriptive and lacks depth in exploring the complexities of the US-Soviet relationship.

Structure & Organization: 3.5 (Good)
  The essay is generally well-structured with clear sections for different topics. Transitions between paragraphs could be smoother to enhance the flow of the argument.

Language, Style & Referencing: 3.5 (Good)
  The writing is clear and mostly free of errors. The vocabulary is appropriate, and referencing is generally accurate, though some citations could be more precise.","32",,"24","Score: 24/50 (48.0%)

The submission demonstrates a basic understanding of the CAPS alignment and second-order concepts but lacks depth in analysis. The student provides some improvement suggestions with a rationale, but the critique often reverts to narration. The report is well-structured, with minor language errors.

STRENGTHS:
? Identifies the need for learner engagement and critical thinking.
? Provides practical suggestions for improving teaching strategies.

AREAS FOR IMPROVEMENT:
? Deepen the analysis of CAPS alignment and second-order concepts.
? Focus more on critical evaluation rather than narration.

CRITERIA BREAKDOWN:

CAPS Alignment & History Specific Aims: 5 (Satisfactory)
  The submission mentions CAPS alignment but lacks depth in the analysis. While the student identifies some aims, such as the development of historical skills, the connection to the lesson is not thoroughly explored. The critique is more descriptive than analytical, with limited evidence from the video.

History Second-Order Concepts: 4 (Satisfactory)
  The student identifies several second-order concepts but does not fully develop or explain them in the context of the lesson. There is a mention of causation and significance, but the analysis is superficial and lacks depth.

Teaching & Learning Strategies Analysis: 4 (Satisfactory)
  The report identifies the teacher-centered approach and suggests some alternative strategies, such as inquiry-based learning. However, the analysis of these strategies is not deeply evaluative, and the rationale is limited.

Grade-Level Appropriateness & Improvement Suggestions: 5 (Good)
  The student evaluates the lesson's appropriateness for Grade 9 and provides practical suggestions for improvement. The rationale for these suggestions is present but could be more detailed.

Critical Analysis & Depth (Not Narration): 2 (Satisfactory)
  The report contains a mix of analysis and narration. While there are some critical points, the student often reverts to describing the lesson rather than evaluating it.

Report Structure, Formatting & Language: 4 (Good)
  The report is well-structured and mostly follows formatting requirements. There are minor language errors, but they do not impede understanding.","28.5",,,,"62",,,
"45430918","RAMOGALE, TLALETSO","","31","Score: 31.0/50.0 (62.0%)

The submission demonstrates a solid understanding of the historical events at the end of World War II and their impact on US-Soviet relations. However, the analysis lacks depth in exploring the ideological differences and complexities of the relationship. The structure is generally clear, but some transitions and paragraph organization could be improved. Language errors and inconsistent referencing slightly detract from the overall quality.

STRENGTHS:
? Good use of historical evidence to support the argument.
? Clear thesis statement addressing the prompt.

AREAS FOR IMPROVEMENT:
? Provide deeper analysis of the ideological differences between the US and the Soviet Union.
? Improve the coherence of paragraph organization and transitions.

CRITERIA BREAKDOWN:

Thesis Statement & Argument: 6.5 (Good)
  The thesis is clear and addresses the prompt by stating that the US-Soviet alliance was strained from the beginning. The argument is generally logical and supported by relevant events, but could benefit from deeper analysis of the ideological differences.

Evidence & Historical Accuracy: 10.0 (Good)
  The submission uses a good range of accurate historical evidence, such as the Yalta and Potsdam Conferences, and the Truman Doctrine. However, some evidence is not fully integrated into the argument, and there are minor inaccuracies in the presentation of events.

Analysis & Interpretation: 8.0 (Satisfactory)
  The analysis provides basic explanations of events but often remains descriptive. The submission lacks depth in exploring the complexities and nuances of the US-Soviet relationship, such as the ideological underpinnings of their tensions.

Structure & Organization: 3.5 (Good)
  The essay is generally well-structured with a clear introduction, body, and conclusion. However, some transitions between sections are abrupt, and the organization within paragraphs could be improved for better coherence.

Language, Style & Referencing: 3.0 (Satisfactory)
  The writing is generally clear, but there are frequent minor errors in grammar and style that occasionally impede understanding. Referencing is present but inconsistent in format.","36.5",,"34","Score: 34/50 (68.0%)

The submission demonstrates a solid grasp of CAPS alignment and second-order historical concepts. It identifies effective teaching strategies and provides practical improvement suggestions. However, deeper analysis and more detailed pedagogical rationale would enhance the report.

STRENGTHS:
? Good identification of CAPS specific aims.
? Effective use of metaphors and map analysis as teaching strategies.

AREAS FOR IMPROVEMENT:
? Provide deeper analysis of second-order concepts like continuity and evidence.
? Develop more detailed pedagogical rationale for teaching strategies.

CRITERIA BREAKDOWN:

CAPS Alignment & History Specific Aims: 8 (Good)
  The submission provides a good discussion of CAPS alignment, identifying specific aims such as interest in the past, historical enquiry, and understanding of historical concepts. However, the analysis could be deeper, particularly in evaluating how effectively the lesson meets these aims.

History Second-Order Concepts: 7 (Good)
  The report demonstrates a good understanding of second-order concepts like causation and historical significance. However, it lacks depth in addressing continuity and evidence, and could benefit from a more comprehensive analysis of how these concepts are promoted.

Teaching & Learning Strategies Analysis: 6 (Good)
  The analysis identifies several teaching strategies such as the use of metaphors and map analysis. While the report comments on their effectiveness, the pedagogical rationale could be more fully developed.

Grade-Level Appropriateness & Improvement Suggestions: 5 (Good)
  The evaluation of grade-level appropriateness is good, noting that the lesson is suitable for Grade 9 but not challenging enough. Improvement suggestions are practical but could be more detailed.

Critical Analysis & Depth (Not Narration): 3 (Good)
  The report maintains a mostly analytical stance with some evaluative depth. There are minor instances of narration, but overall it takes a critical approach.

Report Structure, Formatting & Language: 5 (Excellent)
  The report is well-structured with a clear introduction, body, and conclusion. It follows all formatting requirements and uses professional academic language with minimal errors.","22.5",,,,"65",,,
"41341473","RAMULUMISI, RR","","34.5","Score: 34.5/50.0 (69.0%)

The essay provides a clear thesis and uses a range of evidence to support its argument about the tense relationship between the US and the Soviet Union. However, it lacks depth in analysis and contains some inaccuracies and language issues. Improving these areas would strengthen the overall argument.

STRENGTHS:
? Good use of historical events like the Yalta and Potsdam conferences to support the thesis.
? Clear thesis statement addressing the prompt.

AREAS FOR IMPROVEMENT:
? Provide deeper analysis of the ideological differences and their impact.
? Improve language clarity and consistency in referencing.

CRITERIA BREAKDOWN:

Thesis Statement & Argument: 6.5 (Good)
  The thesis is clear and addresses the prompt by stating that the alliance between the United States and the Soviet Union was tense and led to the Cold War. The argument is generally supported by evidence, but it could be more persuasive with deeper analysis of the nuances in the relationship.

Evidence & Historical Accuracy: 10.5 (Good)
  The essay uses a good range of evidence from various sources to support the argument, such as the Yalta and Potsdam conferences and Soviet expansion. However, some evidence is not fully integrated into the argument, and there are minor inaccuracies.

Analysis & Interpretation: 8.0 (Satisfactory)
  The analysis is basic and often descriptive, lacking depth in exploring the complexities of the US-Soviet relationship. The essay could benefit from a more nuanced exploration of the ideological differences and their impact on post-war tensions.

Structure & Organization: 3.5 (Good)
  The essay is generally well-structured with a clear introduction, body, and conclusion. However, some paragraphs could be more focused, and transitions between ideas are sometimes abrupt.

Language, Style & Referencing: 6.0 (Satisfactory)
  The writing is generally clear, but there are frequent grammatical errors and awkward phrasing that impede understanding. Referencing is mostly accurate but could be more consistent.","42",,"30","Score: 30/50 (60.0%)

The student demonstrates a solid understanding of CAPS alignment and second-order concepts, with good suggestions for improvement. However, the analysis of teaching strategies could be more evaluative, and the report would benefit from clearer language and structure.

STRENGTHS:
? Good understanding of CAPS alignment.
? Identifies second-order concepts like causation and multi-perspectivity.

AREAS FOR IMPROVEMENT:
? Provide deeper analysis of how second-order concepts are promoted.
? Enhance the evaluative depth of teaching strategy analysis.

CRITERIA BREAKDOWN:

CAPS Alignment & History Specific Aims: 8 (Good)
  The student demonstrates a good understanding of how the lesson aligns with CAPS History specific aims. They mention the rejuvenation of interest in history and the development of historical enquiry skills. However, the analysis lacks depth in connecting specific CAPS aims to the lesson activities.

History Second-Order Concepts: 6 (Good)
  The student identifies second-order concepts such as causation and multi-perspectivity, and provides examples from the lesson. However, the analysis could be deeper, particularly in how these concepts are promoted through teaching strategies.

Teaching & Learning Strategies Analysis: 5 (Satisfactory)
  The student identifies teaching strategies such as teacher-based and learner-based learning. However, the analysis is more descriptive than evaluative, and the pedagogical rationale is limited.

Grade-Level Appropriateness & Improvement Suggestions: 5 (Good)
  The student provides a good evaluation of the lesson's grade-level appropriateness and suggests improvements such as inquiry-based learning. The rationale is present but could be more detailed.

Critical Analysis & Depth: 3 (Good)
  The report is mostly analytical with some evaluative depth. There are minor instances of narration, but overall, the student maintains a critical stance.

Report Structure, Formatting & Language: 3 (Satisfactory)
  The report follows basic structure and formatting requirements, but there are some language issues. The report is within the required length but could be more polished.","27.5",,,,"70",,,
"44855125","RANOMBE, T","","34.5","Score: 34.5/50.0 (69.0%)

The submission demonstrates a solid understanding of the historical context and effectively analyzes the tensions in the US-Soviet alliance during WWII. The argument is well-supported by evidence, though it could benefit from deeper exploration of ideological differences. The structure is coherent, but the referencing style needs improvement for consistency.

STRENGTHS:
? Effective use of historical events to support the argument.
? Good understanding of the ideological and strategic tensions between the US and USSR.

AREAS FOR IMPROVEMENT:
? Explore the ideological differences more deeply to enhance the argument.
? Ensure consistent and complete referencing to improve academic rigor.

CRITERIA BREAKDOWN:

Thesis Statement & Argument: 7.0 (Good)
  The thesis is clear and addresses the prompt by focusing on the inherent tensions in the US-Soviet alliance during WWII. The argument is generally well-structured, with a logical progression from the Yalta Conference to the Potsdam Conference and the subsequent Soviet actions in Eastern Europe. However, the argument could be more persuasive with a deeper exploration of the ideological differences and their impact on specific events.

Evidence & Historical Accuracy: 10.5 (Good)
  The submission uses a good range of accurate evidence, including key events like the Yalta and Potsdam Conferences, and the Soviet consolidation of Eastern Europe. The evidence is generally well-integrated into the argument, though some claims could benefit from more detailed support or additional primary sources to enhance credibility.

Analysis & Interpretation: 10.0 (Good)
  The analysis demonstrates good critical thinking and provides insightful interpretations of key events. The submission connects cause and effect reasonably well, particularly in discussing how wartime events foreshadowed Cold War tensions. However, the analysis could delve deeper into the nuances of the ideological clash between capitalism and communism.

Structure & Organization: 3.5 (Good)
  The essay is generally well-structured, with clear sections dedicated to different historical events. Transitions between paragraphs are mostly smooth, contributing to a coherent narrative. However, some paragraphs could be more focused to enhance clarity and coherence.

Language, Style & Referencing: 3.5 (Satisfactory)
  The writing is generally clear and appropriate, with minor errors that do not impede understanding. The vocabulary is precise, but the referencing style is inconsistent, with some sources lacking full citation details. Ensuring consistent and complete referencing would improve the academic rigor of the submission.","25.5",,"38","Score: 38/50 (76.0%)

The student demonstrates a solid grasp of historical concepts and pedagogical strategies. The report is well-structured and provides a good analysis of the lesson's alignment with CAPS and its teaching strategies. While the understanding of second-order concepts is good, further depth in analysis and exploration of additional concepts would enhance the report.

STRENGTHS:
? Insightful analysis of teaching strategies.
? Good understanding of CAPS alignment.

AREAS FOR IMPROVEMENT:
? Deeper exploration of second-order concepts.
? More detailed rationale for improvement suggestions.

CRITERIA BREAKDOWN:

CAPS Alignment & History Specific Aims: 8 (Good)
  The student demonstrates a good understanding of CAPS alignment by identifying the three main aims of the CAPS curriculum and evaluating how the lesson meets these aims. However, the analysis could be deeper by providing more specific examples from the video to support the claims.

History Second-Order Concepts: 7 (Good)
  The student shows a good understanding of second-order concepts, particularly similarity and difference, and cause and consequence. The analysis is relevant but could benefit from deeper exploration of additional second-order concepts like empathy and multi-perspectivity.

Teaching & Learning Strategies Analysis: 9 (Excellent)
  The student provides insightful commentary on the teaching strategies used, such as questioning and the use of visuals. The evaluation is well-grounded in pedagogical rationale, highlighting the effectiveness of these strategies in engaging learners.

Grade-Level Appropriateness & Improvement Suggestions: 6 (Good)
  The student evaluates the lesson's appropriateness for Grade 9 well and offers practical suggestions for improvement. The rationale for these suggestions is present but could be more detailed.

Critical Analysis & Depth (Not Narration): 3 (Good)
  The report is mostly analytical with some evaluative depth. There are minor instances of narration, but overall, the student maintains a critical stance.

Report Structure, Formatting & Language: 5 (Excellent)
  The report is well-structured with a clear introduction, body, and conclusion. It follows all formatting requirements and uses professional academic language with minimal errors.","28",,,,"67",,,
"45183503","SEDIE, BA","","33","Score: 33.0/50.0 (66.0%)

The essay demonstrates a basic understanding of the historical context and events that contributed to the tension between the United States and the Soviet Union at the end of World War II. However, it lacks depth in analysis and integration of evidence. The argument could be more cohesive, and the language and referencing need improvement for clarity and academic rigor.

STRENGTHS:
? Identifies key events contributing to US-Soviet tensions.
? Attempts to address multiple perspectives on post-war events.

AREAS FOR IMPROVEMENT:
? Integrate evidence more effectively to support the thesis.
? Enhance critical analysis of historical events and their implications.

CRITERIA BREAKDOWN:

Thesis Statement & Argument: 6.5 (Good)
  The thesis is present and addresses the prompt, highlighting the tension between the United States and the Soviet Union due to political and ideological differences. However, the argument could be more focused and cohesive, as it tends to list events rather than integrate them into a persuasive argument.

Evidence & Historical Accuracy: 8.0 (Satisfactory)
  The essay provides a range of historical events and figures, such as the Potsdam Conference and the Lend-Lease Bill. However, some evidence lacks depth and integration, and there are occasional inaccuracies, such as the oversimplification of complex diplomatic interactions.

Analysis & Interpretation: 7.5 (Satisfactory)
  The analysis is mostly descriptive, with limited critical engagement with the complexities of the events discussed. The essay could benefit from deeper exploration of cause and effect, and the implications of the events on post-war relations.

Structure & Organization: 3.5 (Good)
  The essay has a recognizable structure with an introduction, body, and conclusion. However, transitions between paragraphs could be smoother, and some paragraphs lack a clear focus, which affects the overall coherence.

Language, Style & Referencing: 7.5 (Satisfactory)
  The language is generally clear, but there are frequent grammatical errors and awkward phrasing that occasionally impede understanding. Referencing is inconsistent, with some sources cited but others missing or incorrectly formatted.","30",,"24","Score: 24/50 (48.0%)

The submission demonstrates a basic understanding of CAPS alignment and second-order concepts but lacks depth in analysis. The student identifies teaching strategies and provides improvement suggestions but needs to develop a more critical and evaluative approach.

STRENGTHS:
? Provides practical suggestions for improvement.
? Identifies key teaching strategies used in the lesson.

AREAS FOR IMPROVEMENT:
? Provide a deeper analysis of how the lesson aligns with specific CAPS aims.
? Critically evaluate the effectiveness of teaching strategies rather than just identifying them.

CRITERIA BREAKDOWN:

CAPS Alignment & History Specific Aims: 5 (Satisfactory)
  The submission mentions CAPS aims but lacks depth in connecting specific aims to the lesson observed. The student provides a general idea of CAPS goals but does not evaluate the lesson's alignment with specific CAPS aims.

History Second-Order Concepts: 4 (Satisfactory)
  The student mentions second-order concepts like causation and significance but does not critically evaluate how the lesson promotes these concepts. The analysis is superficial and lacks specific examples from the lesson.

Teaching & Learning Strategies Analysis: 4 (Satisfactory)
  The report identifies a teacher-centered approach but lacks a detailed evaluation of its effectiveness. Suggestions for improvement are provided but not deeply analyzed.

Grade-Level Appropriateness & Improvement Suggestions: 5 (Good)
  The student evaluates the lesson's suitability for the grade level and provides practical suggestions for improvement. However, the rationale for these suggestions could be more detailed.

Critical Analysis & Depth (Not Narration): 2 (Satisfactory)
  The report contains a mix of analysis and narration. While some critical points are made, the student often reverts to describing the lesson rather than evaluating it.

Report Structure, Formatting & Language: 4 (Good)
  The report is well-structured and mostly follows formatting requirements. There are minor language errors, but they do not impede understanding.","24.5",,,,"59",,,
"39465519","SEUTLOADI, DS","","33","Score: 33.0/50.0 (66.0%)

The submission demonstrates a solid understanding of the tensions between the US and the Soviet Union at the end of World War II. The thesis is clear, and the use of evidence is generally good, though the integration and analysis of this evidence could be improved. The structure is mostly effective, but the writing style and referencing need refinement.

STRENGTHS:
? Good use of historical events to support the argument.
? Clear thesis statement that addresses the prompt.

AREAS FOR IMPROVEMENT:
? Deeper analysis of the complexities of US-Soviet relations.
? Improve grammatical accuracy and consistency in referencing.

CRITERIA BREAKDOWN:

Thesis Statement & Argument: 6.5 (Good)
  The thesis is clear and addresses the prompt by asserting the validity of the statement regarding US-Soviet tensions. The argument is generally logical, but could benefit from more nuanced analysis of the complexities involved in the US-Soviet relationship.

Evidence & Historical Accuracy: 10.0 (Good)
  The submission uses a good range of evidence, including key events like the Yalta and Potsdam Conferences. However, the integration of evidence could be improved, as some points are listed rather than deeply analyzed.

Analysis & Interpretation: 7.5 (Satisfactory)
  The analysis provides basic explanations of events but often remains descriptive. The submission could benefit from deeper engagement with the complexities and nuances of the historical period.

Structure & Organization: 3.5 (Good)
  The essay is generally well-structured with a clear introduction, body, and conclusion. However, some transitions between paragraphs are abrupt, and the flow of the argument could be smoother.

Language, Style & Referencing: 5.5 (Satisfactory)
  The writing is generally clear, but there are frequent grammatical errors and awkward phrasing that occasionally impede understanding. Referencing is mostly accurate but could be more consistent.","34.5",,"30","Score: 30/50 (60.0%)

The submission demonstrates a solid understanding of CAPS alignment and provides a good evaluation of grade-level appropriateness. However, the analysis of second-order concepts and teaching strategies could be more in-depth. The report is well-structured and mostly adheres to formatting requirements.

STRENGTHS:
? Good understanding of CAPS alignment.
? Clear structure and logical flow in the report.

AREAS FOR IMPROVEMENT:
? Provide deeper analysis of second-order concepts.
? Include more evaluative commentary on teaching strategies.

CRITERIA BREAKDOWN:

CAPS Alignment & History Specific Aims: 8 (Good)
  The submission demonstrates a good understanding of CAPS alignment, identifying some specific aims such as critical thinking and historical inquiry skills. However, the analysis could be deeper, particularly in connecting lesson activities to these aims.

History Second-Order Concepts: 5 (Satisfactory)
  The report mentions several second-order concepts like causation and significance but lacks depth in evaluating how the lesson promotes these concepts. More explicit examples and analysis are needed to demonstrate a deeper understanding.

Teaching & Learning Strategies Analysis: 5 (Satisfactory)
  The submission identifies the teacher-centered approach and suggests improvements, but the analysis remains mostly descriptive. A more evaluative approach with specific examples of strategies would enhance the critique.

Grade-Level Appropriateness & Improvement Suggestions: 5 (Good)
  The report provides a good evaluation of the lesson's appropriateness for Grade 9, with practical suggestions for improvement. The rationale for these suggestions could be more detailed to strengthen the argument.

Critical Analysis & Depth: 3 (Good)
  The report maintains a mostly analytical stance with some evaluative depth. There are minor instances of narration, but overall, the student takes a critical position on the lesson quality.

Report Structure, Formatting & Language: 4 (Good)
  The report is well-structured and mostly follows formatting requirements. There are minor language errors, but they do not impede understanding. The structure is clear and logical.","28.5",,,,"67",,,
"38551799","SHABA, SM","","25","Score: 25.0/50.0 (50.0%)

The submission demonstrates a basic understanding of the historical context of World War II and the tensions between the United States and the Soviet Union. However, the thesis is vague, evidence is limited, and the analysis lacks depth. The essay needs better organization and more precise language. Improvement in historical accuracy and integration of evidence is necessary.

STRENGTHS:
? Attempts to cover key events at the end of World War II.
? Identifies some significant historical events and figures.

AREAS FOR IMPROVEMENT:
? Clarify and focus the thesis statement.
? Integrate more precise and varied historical evidence.

CRITERIA BREAKDOWN:

Thesis Statement & Argument: 5.0 (Satisfactory)
  The thesis is present but lacks clarity and focus. The argument is somewhat vague and not consistently supported throughout the essay. The student attempts to address the prompt but does not provide a clear, focused, and arguable thesis.

Evidence & Historical Accuracy: 8.0 (Satisfactory)
  The submission includes some relevant historical evidence but lacks depth and integration. There are inaccuracies and generalizations that undermine the historical accuracy. The student demonstrates a basic understanding of the period but needs to provide more precise and varied evidence.

Analysis & Interpretation: 7.0 (Satisfactory)
  The analysis is primarily descriptive and lacks depth. The student identifies key events but does not delve into the complexities or nuances of the historical context. There is a basic attempt to connect cause and effect, but it remains simplistic.

Structure & Organization: 2.5 (Satisfactory)
  The essay has a basic structure with an introduction, body, and conclusion, but it lacks coherence and logical flow. Paragraphs are not well-focused, and transitions are abrupt or missing.

Language, Style & Referencing: 2.5 (Satisfactory)
  The language is generally clear but contains frequent errors that impede understanding. Referencing is inconsistent and not always accurate. The writing lacks sophistication and precision.","42",,"27","Score: 27/50 (54.0%)

The submission demonstrates a basic understanding of CAPS alignment and second-order concepts but lacks depth in analysis. The student identifies some teaching strategies and suggests improvements, showing awareness of pedagogical needs. However, the report often describes rather than critically evaluates the lesson.

STRENGTHS:
? Identifies the importance of second-order concepts in History teaching.
? Provides practical suggestions for improving learner engagement.

AREAS FOR IMPROVEMENT:
? Provide more detailed analysis of CAPS alignment with specific aims.
? Develop a stronger pedagogical rationale for suggested improvements.

CRITERIA BREAKDOWN:

CAPS Alignment & History Specific Aims: 5 (Satisfactory)
  The submission mentions the overlap between the lesson and CAPS objectives, specifically noting the importance of understanding causes, effects, and multiple perspectives. However, the analysis lacks depth and specific references to CAPS aims by name, and the connection between lesson activities and CAPS objectives is not thoroughly explored.

History Second-Order Concepts: 4 (Satisfactory)
  The report identifies second-order concepts such as causation and significance but does not critically evaluate how these are promoted in the lesson. The student notes that these concepts are not thoroughly explored, which is accurate, but the analysis could be more detailed.

Teaching & Learning Strategies Analysis: 5 (Satisfactory)
  The student identifies that the lesson is teacher-centered and lacks interactive elements. While this is a valid observation, the analysis is more descriptive than evaluative, and the pedagogical rationale for why this approach is ineffective is not fully developed.

Grade-Level Appropriateness & Improvement Suggestions: 5 (Good)
  The student evaluates the lesson's appropriateness for the grade level and suggests improvements such as using role-playing and visual aids. These suggestions are practical and show an understanding of learner engagement, although the rationale could be expanded.

Critical Analysis & Depth: 2 (Satisfactory)
  The report contains a mix of analysis and narration. While some critical points are made, the student often reverts to describing the lesson rather than evaluating it. More original thinking and professional insight are needed.

Report Structure, Formatting & Language: 6 (Good)
  The report is well-structured and mostly follows formatting requirements. There are minor language errors, but they do not impede understanding. The length is appropriate.","27.5",,,,"64",,,
"38257874","SHELENGE, HT","","41","Score: 41.0/50.0 (82.0%)

The submission demonstrates a good understanding of the historical tensions between the United States and the Soviet Union at the end of World War II. The thesis is clear, and the argument is well-supported by evidence. The analysis is insightful, though there is room for deeper exploration of the complexities of the period. The essay is well-organized and mostly free of errors, with accurate referencing.

STRENGTHS:
? Clear and focused thesis statement.
? Solid use of historical evidence to support claims.

AREAS FOR IMPROVEMENT:
? Explore the nuances and complexities of the historical period in greater depth.
? Ensure consistent citation style throughout the essay.

CRITERIA BREAKDOWN:

Thesis Statement & Argument: 7.5 (Good)
  The thesis is clear and directly addresses the prompt, focusing on the tensions between the United States and the Soviet Union at the end of World War II. The argument is logical and well-structured, with a consistent focus on the ideological and strategic differences that contributed to the Cold War.

Evidence & Historical Accuracy: 10.5 (Good)
  The essay uses a good range of accurate evidence to support its claims, including references to the Yalta and Potsdam Conferences and the Truman Doctrine. The evidence is generally well-integrated into the argument, demonstrating a solid understanding of the period.

Analysis & Interpretation: 10.0 (Good)
  The analysis is strong, explaining the causes and effects of the tensions between the United States and the Soviet Union. The essay identifies key events and their significance, though it could delve deeper into the nuances and complexities of the period.

Structure & Organization: 4.5 (Excellent)
  The essay is logically structured with a clear introduction, body, and conclusion. Transitions between paragraphs are smooth, and each paragraph contributes to the overall argument.

Language, Style & Referencing: 8.5 (Good)
  The writing is generally clear and appropriate, with minor errors that do not impede understanding. Referencing is mostly accurate, though there are some inconsistencies in citation style.","32.5",,"31","Score: 31/50 (62.0%)

The submission demonstrates a good understanding of CAPS alignment and second-order concepts, with some insightful suggestions for improvement. However, the analysis could be deeper, particularly in evaluating teaching strategies and the lesson's effectiveness.

STRENGTHS:
? Good understanding of CAPS alignment.
? Incorporation of second-order concepts like empathy and causation.

AREAS FOR IMPROVEMENT:
? Provide more detailed analysis of how second-order concepts are promoted in the lesson.
? Include a stronger pedagogical rationale for suggested improvements.

CRITERIA BREAKDOWN:

CAPS Alignment & History Specific Aims: 8 (Good)
  The submission demonstrates a good understanding of CAPS alignment, mentioning the development of historical knowledge, critical thinking, and working with historical evidence. However, the analysis could be deeper with more specific references to CAPS aims and how they are addressed in the lesson.

History Second-Order Concepts: 6 (Good)
  The student shows a good understanding of second-order concepts such as causation and empathy. However, the analysis lacks depth and could benefit from more specific examples of how these concepts are promoted or neglected in the lesson.

Teaching & Learning Strategies Analysis: 5 (Satisfactory)
  The submission identifies some teaching strategies such as interactive questioning and group discussions. However, the analysis is more descriptive than evaluative, lacking a strong pedagogical rationale.

Grade-Level Appropriateness & Improvement Suggestions: 5 (Good)
  The student evaluates the lesson's appropriateness for the grade level and suggests improvements such as making the lesson more learner-centred. The rationale for these suggestions could be more detailed.

Critical Analysis & Depth: 2 (Satisfactory)
  The report contains a mix of analysis and narration. While there are some critical points, the submission often reverts to describing planned activities rather than evaluating the observed lesson.

Report Structure, Formatting & Language: 5 (Good)
  The report is well-structured with clear sections and follows most formatting requirements. The language is professional with minimal errors.","28.5",,,,"70",,,
"45340587","SHEZI, S","","33","Score: 33.0/50.0 (66.0%)

The submission demonstrates a good understanding of the tensions between the US and the Soviet Union during and after WWII. The argument is clear, and evidence is well-chosen, though integration and analysis could be deeper. The structure is logical, and language use is generally effective.

STRENGTHS:
? Good range of historical evidence used to support the argument.
? Clear thesis statement addressing the prompt.

AREAS FOR IMPROVEMENT:
? Deeper analysis of the complexities in US-Soviet relations.
? Smoother integration of evidence into the argument.

CRITERIA BREAKDOWN:

Thesis Statement & Argument: 7.0 (Good)
  The thesis is clear and addresses the prompt, highlighting the tension between the US and the Soviet Union due to ideological differences. The argument is generally well-structured, but could benefit from deeper analysis of how these tensions specifically impacted post-war relations.

Evidence & Historical Accuracy: 10.0 (Good)
  The submission uses a good range of evidence, citing key events like the Yalta and Potsdam Conferences and the use of atomic bombs. However, the integration of evidence could be more seamless, and some claims would benefit from additional context.

Analysis & Interpretation: 8.5 (Satisfactory)
  The analysis provides a basic explanation of events and their significance but lacks depth in exploring the complexities of US-Soviet relations. The cause-effect relationships are mentioned but not deeply explored.

Structure & Organization: 3.5 (Good)
  The essay is generally well-organized with a clear introduction, body, and conclusion. Some transitions between paragraphs could be smoother to enhance the flow of the argument.

Language, Style & Referencing: 4.0 (Good)
  The writing is generally clear and appropriate, with minor errors that do not impede understanding. Referencing is mostly accurate, though some citations could be more precise.","25",,"22","Score: 22/50 (44.0%)

The student demonstrates a basic understanding of CAPS aims and second-order concepts but lacks depth in analysis. While the report is structured well and provides some good suggestions for improvement, it needs more critical engagement with the lesson content and teaching strategies.

STRENGTHS:
? Clear report structure
? Practical improvement suggestions

AREAS FOR IMPROVEMENT:
? Deeper analysis of CAPS alignment
? Critical evaluation of second-order concepts

CRITERIA BREAKDOWN:

CAPS Alignment & History Specific Aims: 5 (Satisfactory)
  The submission mentions CAPS aims but lacks depth in connecting them to the lesson. The student identifies some aims like 'appreciation of the past' and 'critical thought,' but the analysis is superficial. More specific examples from the lesson video are needed to demonstrate a thorough understanding of how these aims are met or not.

History Second-Order Concepts: 2 (Needs Improvement)
  The report acknowledges second-order concepts but does not demonstrate a deep understanding or application to the lesson. The student lists concepts like 'Cause and Effect' and 'Change and Continuity' but fails to critically evaluate their presence in the lesson.

Teaching & Learning Strategies Analysis: 4 (Satisfactory)
  The student identifies some teaching strategies such as 'teacher-oriented' methods and 'recall questions.' However, the analysis is more descriptive than evaluative, lacking a strong pedagogical rationale.

Grade-Level Appropriateness & Improvement Suggestions: 5 (Good)
  The student provides a good evaluation of the lesson's appropriateness for the grade level and offers practical suggestions for improvement, such as incorporating higher-order thinking activities. The rationale could be more detailed.

Critical Analysis & Depth: 2 (Satisfactory)
  The report contains a mix of analysis and narration. While some critical points are made, the student often reverts to describing the lesson rather than evaluating it.

Report Structure, Formatting & Language: 4 (Good)
  The report is well-structured with a clear introduction, body, and conclusion. It mostly adheres to formatting requirements, with minor language errors that do not impede understanding.","28.5",,,,"58",,,
"46261486","SILINDA, VP","","30","Score: 30.0/50.0 (60.0%)

The submission demonstrates a solid understanding of the historical events surrounding the end of WWII and the onset of the Cold War. The thesis is clear, and the use of evidence is generally accurate. However, the analysis could be more critical and nuanced, and the structure and referencing need improvement.

STRENGTHS:
? Good use of historical evidence to support claims
? Clear thesis statement addressing the prompt

AREAS FOR IMPROVEMENT:
? More critical analysis of historical events
? Improve transitions and focus within paragraphs

CRITERIA BREAKDOWN:

Thesis Statement & Argument: 6.5 (Good)
  The thesis is clear and addresses the prompt, highlighting the pragmatic and transitory nature of the US-USSR alliance during WWII. The argument is generally logical, but could benefit from more nuanced analysis of the complexities in the relationship.

Evidence & Historical Accuracy: 10.5 (Good)
  The submission uses a good range of accurate historical evidence, such as the division of Germany and the Berlin Airlift. However, some details, like the characterization of East Germany as 'democratic,' need clarification.

Analysis & Interpretation: 8.0 (Satisfactory)
  The analysis provides basic explanations of events like the Cold War and the Marshall Plan but often remains descriptive. More critical engagement with the causes and effects of these events is needed.

Structure & Organization: 2.5 (Satisfactory)
  The essay has a recognizable structure with sections on key events. However, transitions between sections are abrupt, and some paragraphs lack focus.

Language, Style & Referencing: 2.5 (Satisfactory)
  The writing is generally clear, but there are frequent minor errors. Referencing is inconsistent, with some sources cited without full bibliographic details.","36.5",,"44","Score: 44/50 (88.0%)

The submission demonstrates a strong understanding of CAPS alignment and second-order historical concepts. The student effectively critiques the lesson and provides well-reasoned improvement suggestions. While the analysis of teaching strategies is good, it could benefit from deeper evaluation. The report is well-structured and mostly adheres to formatting guidelines.

STRENGTHS:
? Thorough analysis of CAPS alignment.
? Excellent understanding of second-order historical concepts.

AREAS FOR IMPROVEMENT:
? Deeper evaluation of teaching strategies.
? Minor language and formatting adjustments.

CRITERIA BREAKDOWN:

CAPS Alignment & History Specific Aims: 11 (Excellent)
  The submission provides a thorough analysis of how the lesson aligns with CAPS History specific aims. The student identifies specific aims, such as developing advanced historical inquiry and assessing multiple sources, and connects them to the lesson activities. The use of scaffolded questioning and the focus on superpower ideologies are well-explained.

History Second-Order Concepts: 9 (Excellent)
  The report demonstrates an excellent understanding of second-order concepts. It critically evaluates how the lesson promotes concepts like causation, continuity and change, and multi-perspectivity. The student effectively illustrates these concepts with examples from the lesson, such as the examination of cause and effect chains and the contrasting wartime cooperation with postwar hostility.

Teaching & Learning Strategies Analysis: 7 (Good)
  The student identifies several effective teaching strategies, such as the use of visual aids and self-paced video courses. However, the analysis could be deeper, particularly in evaluating the effectiveness of these strategies for diverse learners. The rationale for some strategies is present but could be more detailed.

Grade-Level Appropriateness & Improvement Suggestions: 8 (Excellent)
  The student provides a critical evaluation of the lesson's appropriateness for the grade level and offers practical improvement suggestions. The suggestions, such as integrating primary sources and using role plays, are well-reasoned and grounded in pedagogical theory.

Critical Analysis & Depth: 5 (Excellent)
  The report is consistently analytical and evaluative, with a clear position on the lesson quality supported by evidence. The student avoids narration and demonstrates original thinking and professional insight.

Report Structure, Formatting & Language: 4 (Good)
  The report is well-structured with clear sections and follows most formatting requirements. There are minor language errors, but they do not impede understanding. The report maintains a professional tone throughout.","28.5",,,,"73",,,
"42108233","SIMELANE, SS","","39","Score: 39.0/50.0 (78.0%)

The submission demonstrates a solid grasp of the historical context surrounding U.S.-Soviet relations at the end of World War II. The student effectively uses historical evidence to support their thesis and provides a coherent argument. However, deeper analysis and integration of sources could enhance the argument. The writing is clear, with minor errors, and the structure is generally effective.

STRENGTHS:
? Effective use of historical evidence to support the thesis.
? Clear and coherent argument structure.

AREAS FOR IMPROVEMENT:
? Integrate primary sources more explicitly into the analysis.
? Explore counterarguments and alternative perspectives to deepen analysis.

CRITERIA BREAKDOWN:

Thesis Statement & Argument: 7.5 (Good)
  The thesis is clear and directly addresses the prompt, arguing that the alliance between the United States and the Soviet Union was characterized by tension. The argument is generally well-structured and supported by relevant historical events, though it could benefit from more nuanced exploration of counterarguments.

Evidence & Historical Accuracy: 11.0 (Good)
  The submission uses a good range of evidence to support the thesis, including references to the Yalta and Potsdam Conferences, the atomic bomb, and economic conflicts. However, some evidence could be more deeply integrated into the argument, and the analysis of primary sources could be more explicit.

Analysis & Interpretation: 10.0 (Good)
  The analysis demonstrates a solid understanding of the complexities of U.S.-Soviet relations at the end of World War II. The student effectively connects ideological differences to geopolitical tensions. However, the analysis could delve deeper into the nuances of these relationships and consider alternative perspectives.

Structure & Organization: 3.5 (Good)
  The essay is generally well-organized with a clear introduction, body, and conclusion. Transitions between paragraphs are mostly smooth, though some sections could benefit from clearer connections to enhance coherence.

Language, Style & Referencing: 7.0 (Good)
  The writing is generally clear and concise, with appropriate vocabulary. There are minor errors, but they do not impede understanding. Referencing is mostly accurate, though some citations could be more precise.","33.5",,"26","Score: 26/50 (52.0%)

The submission demonstrates a satisfactory understanding of the lesson's alignment with CAPS and the promotion of second-order concepts. While the teaching strategies are identified, the analysis could be deeper. The report is well-structured but often mixes narration with analysis. Improvement suggestions are practical but need more detailed rationale.

STRENGTHS:
? Identifies some second-order historical concepts.
? Provides practical improvement suggestions for the lesson.

AREAS FOR IMPROVEMENT:
? Provide a more detailed analysis of CAPS alignment with specific aims.
? Enhance critical analysis by reducing narration and focusing on evaluation.

CRITERIA BREAKDOWN:

CAPS Alignment & History Specific Aims: 5 (Satisfactory)
  The submission mentions the CAPS curriculum and some specific aims such as the development of historical knowledge and critical thinking. However, the analysis lacks depth and does not adequately connect these aims to the lesson activities. More specific references to CAPS aims by name and detailed evaluation of how the lesson aligns with these aims are needed.

History Second-Order Concepts: 4 (Satisfactory)
  The submission identifies some second-order concepts like causation and evidence but does not provide a thorough analysis of how these concepts are promoted in the lesson. The discussion is somewhat superficial and misses opportunities to explore concepts like change/continuity and significance in detail.

Teaching & Learning Strategies Analysis: 6 (Good)
  The submission provides a good overview of the teaching strategies used, noting the teacher-centered approach and the use of multiple-choice questions. However, the analysis could be deeper, with more evaluation of the effectiveness of these strategies and suggestions for improvement.

Grade-Level Appropriateness & Improvement Suggestions: 5 (Good)
  The submission evaluates the lesson's appropriateness for Grade 10 and suggests improvements such as incorporating more interactive activities. While these suggestions are practical, the rationale could be more detailed to strengthen the argument.

Critical Analysis & Depth (Not Narration): 2 (Satisfactory)
  The report contains a mix of analysis and narration. While some critical points are made, the submission often reverts to describing the lesson rather than evaluating it. More consistent critical analysis is needed.

Report Structure, Formatting & Language: 4 (Good)
  The report is well-structured with a clear introduction, body, and conclusion. It mostly follows the formatting requirements, and the language is professional with minimal errors.","22.5",,,,"63",,,
"41810902","TOLIBADI, M","","34.5","Score: 34.5/50.0 (69.0%)

The submission demonstrates a solid understanding of the historical context of the US-USSR relationship during and after WWII. The thesis is clear, and the use of evidence is generally effective, though some areas could benefit from deeper analysis and integration. The structure is logical, but transitions could be improved for better coherence. Language and referencing are mostly accurate, with minor errors.

STRENGTHS:
? Clear thesis statement addressing the prompt
? Good range of historical evidence used

AREAS FOR IMPROVEMENT:
? Deeper critical analysis of the US-USSR relationship
? Smoother transitions between paragraphs

CRITERIA BREAKDOWN:

Thesis Statement & Argument: 6.5 (Good)
  The thesis is clear and addresses the prompt, focusing on the tension between the US and USSR during and after WWII. The argument is generally logical, but could benefit from more nuanced analysis of the complexities of the US-USSR relationship.

Evidence & Historical Accuracy: 10.5 (Good)
  The essay uses a good range of evidence, including key events like the Yalta and Potsdam Conferences, and the Marshall Plan. However, some evidence could be better integrated and explained in terms of its historical significance.

Analysis & Interpretation: 8.0 (Satisfactory)
  The analysis is mostly descriptive, with some attempt at explaining cause and effect. The essay could benefit from deeper critical thinking and exploration of the nuances in the US-USSR relationship.

Structure & Organization: 3.5 (Good)
  The essay has a recognizable structure with clear sections. However, transitions between paragraphs could be smoother to enhance the flow of the argument.

Language, Style & Referencing: 6.0 (Good)
  The writing is generally clear, with some minor errors that do not impede understanding. Referencing is mostly accurate, though some citations could be more precise.","31.5",,"29","Score: 29/50 (58.0%)

The submission demonstrates a solid understanding of CAPS alignment and teaching strategies but lacks depth in the analysis of second-order concepts and critical evaluation. Greater emphasis on historical thinking skills and pedagogical rationale would enhance the report.

STRENGTHS:
? Identifies CAPS aims and aligns them with lesson activities.
? Uses specific examples to illustrate teaching strategies.

AREAS FOR IMPROVEMENT:
? Deepen analysis of second-order concepts and their application.
? Provide a more detailed pedagogical rationale for improvement suggestions.

CRITERIA BREAKDOWN:

CAPS Alignment & History Specific Aims: 8 (Good)
  The student provides a good discussion of CAPS alignment, identifying specific aims such as creating interest and enjoyment in history, and promoting historical enquiry. However, the analysis could be deeper, particularly in evaluating how these aims are practically achieved in the lesson.

History Second-Order Concepts: 5 (Satisfactory)
  The submission mentions several second-order concepts like causation and multi-perspectivity, but the understanding appears superficial. The student notes the lack of active engagement with evidence and multi-perspectivity but does not provide a deep analysis of how these could be better integrated.

Teaching & Learning Strategies Analysis: 6 (Good)
  The student identifies several teaching strategies, such as the use of analogies and maps, and evaluates their effectiveness. However, the rationale for why these strategies are effective could be more developed.

Grade-Level Appropriateness & Improvement Suggestions: 4 (Satisfactory)
  The evaluation of grade-level appropriateness is basic, with some suggestions for improvement. However, the rationale behind these suggestions is not well-developed.

Critical Analysis & Depth (Not Narration): 2 (Satisfactory)
  The report contains a mix of analysis and narration. While there are some critical points, the student often reverts to describing the lesson rather than evaluating it.

Report Structure, Formatting & Language: 4 (Good)
  The report is well-structured and mostly follows formatting requirements. There are minor language errors, but they do not impede understanding.","22.5",,,,"62",,,
"45985588","TSHABALALA, ML","","34","Score: 34.0/50.0 (68.0%)

The submission demonstrates a solid understanding of the historical context of WWII alliances, but it lacks depth in analysis and contains some inaccuracies. The argument is clear but could be more persuasive with a more nuanced exploration of the ideological tensions.

STRENGTHS:
? Clear thesis statement addressing the prompt.
? Good range of historical events used as evidence.

AREAS FOR IMPROVEMENT:
? Provide more nuanced analysis of ideological tensions.
? Ensure historical details are accurate and well-integrated.

CRITERIA BREAKDOWN:

Thesis Statement & Argument: 7.0 (Good)
  The thesis is clear and addresses the prompt by acknowledging the tension between the USA and the Soviet Union during WWII. However, the argument could be more persuasive by providing a more nuanced analysis of the ideological differences and their impact on the alliance.

Evidence & Historical Accuracy: 8.0 (Satisfactory)
  The submission uses a range of historical events to support the thesis, but some details are inaccurate or lack depth. For example, the description of the D-Day landings contains a date error, and the analysis of the Potsdam Declaration lacks context about its significance.

Analysis & Interpretation: 8.0 (Satisfactory)
  The analysis is primarily descriptive, with limited critical engagement with the complexities of the wartime alliance. The submission could benefit from deeper exploration of the ideological tensions and their implications for post-war geopolitics.

Structure & Organization: 3.5 (Good)
  The essay is generally well-structured with a clear introduction, body, and conclusion. However, some sections could benefit from smoother transitions to enhance the flow of the argument.

Language, Style & Referencing: 7.5 (Satisfactory)
  The language is mostly clear, but there are several grammatical errors and awkward phrasings. Referencing is inconsistent, with some sources not clearly integrated into the text.","35",,"24","Score: 24/50 (48.0%)

The submission demonstrates a basic understanding of the CAPS alignment and some second-order concepts, but lacks depth in analysis. The teaching strategies are identified but not critically evaluated. The report structure is good, but the content needs more critical engagement with the lesson.

STRENGTHS:
? Identifies areas where the lesson could be improved to align with CAPS.
? Mentions the importance of connecting historical events chronologically.

AREAS FOR IMPROVEMENT:
? Provide deeper analysis of how the lesson aligns with CAPS specific aims.
? Evaluate the effectiveness of teaching strategies with a stronger pedagogical rationale.

CRITERIA BREAKDOWN:

CAPS Alignment & History Specific Aims: 5 (Satisfactory)
  The submission mentions CAPS alignment and some specific aims, but the connection to the lesson is superficial. The student lists aims without adequately connecting them to the observed lesson. Limited evidence from the video is provided.

History Second-Order Concepts: 4 (Satisfactory)
  The student mentions some second-order concepts but the understanding appears superficial. There is limited connection to the lesson, and the analysis of how these concepts are promoted is not deep.

Teaching & Learning Strategies Analysis: 4 (Satisfactory)
  The student identifies some teaching strategies but the analysis is descriptive rather than evaluative. There is limited pedagogical rationale provided for the effectiveness of these strategies.

Grade-Level Appropriateness & Improvement Suggestions: 5 (Good)
  The student provides a good evaluation of grade-level appropriateness with some improvement suggestions. The rationale is present but could be more detailed.

Critical Analysis & Depth (Not Narration): 2 (Satisfactory)
  The report is a mix of analysis and narration. Some critical points are made but it often reverts to describing what happened rather than evaluating it.

Report Structure, Formatting & Language: 4 (Good)
  The report has good structure and mostly follows formatting requirements. There are minor language errors that do not impede understanding.","23.5",,,,"61",,,
"40982793","TSHABALALA, N","","38.5","Score: 38.5/50.0 (77.0%)

The submission demonstrates a solid understanding of the historical context of US-Soviet relations at the end of WWII. The argument is well-supported by evidence, though the analysis could benefit from deeper exploration of complexities. Writing and referencing need refinement for clarity and consistency.

STRENGTHS:
? Solid use of historical evidence to support arguments.
? Clear thesis statement addressing the prompt.

AREAS FOR IMPROVEMENT:
? Explore the complexities and nuances of US-Soviet relations more deeply.
? Improve the consistency and accuracy of referencing.

CRITERIA BREAKDOWN:

Thesis Statement & Argument: 7.5 (Good)
  The thesis is clear and addresses the prompt by highlighting the strategic nature of the US-Soviet alliance during WWII. The argument is generally well-structured, but could benefit from deeper engagement with the complexities of the relationship.

Evidence & Historical Accuracy: 10.5 (Good)
  The submission uses a good range of accurate historical evidence, such as the Yalta and Potsdam Conferences, to support the argument. However, some evidence is not fully integrated into the analysis, and there are minor inaccuracies.

Analysis & Interpretation: 8.0 (Satisfactory)
  The analysis provides basic explanations of key events but often remains descriptive. The submission could improve by exploring the nuances and complexities of US-Soviet relations more deeply.

Structure & Organization: 3.5 (Good)
  The essay is generally well-organized with a clear structure, including an introduction, body, and conclusion. However, some transitions between sections could be smoother.

Language, Style & Referencing: 9.0 (Satisfactory)
  The writing is generally clear, but there are frequent minor errors in grammar and vocabulary. Referencing is mostly accurate but lacks consistency in formatting.","27",,"44","Score: 44/50 (88.0%)

The submission demonstrates a strong understanding of CAPS alignment and second-order concepts, with insightful analysis of teaching strategies. While the report is mostly analytical, further depth in the evaluation of grade-level appropriateness and improvement suggestions could enhance the critique.

STRENGTHS:
? Thorough understanding of CAPS alignment and specific aims.
? Insightful analysis of second-order concepts and teaching strategies.

AREAS FOR IMPROVEMENT:
? Provide more detailed rationale for improvement suggestions.
? Deepen the critical analysis by exploring the implications of teaching strategies.

CRITERIA BREAKDOWN:

CAPS Alignment & History Specific Aims: 11 (Excellent)
  The submission demonstrates a thorough understanding of CAPS alignment, particularly in the context of the Cold War lesson. The student effectively identifies and evaluates specific CAPS aims such as fostering historical consciousness and critical thinking. The analysis is supported by specific examples from the lesson, showing a deep understanding of the CAPS document.

History Second-Order Concepts: 9 (Excellent)
  The student demonstrates an excellent understanding of second-order concepts such as causation, significance, and continuity/change. The lesson's promotion of these concepts is critically evaluated with specific examples, such as the balloon metaphor for rising tension and the discussion of ideological differences.

Teaching & Learning Strategies Analysis: 9 (Excellent)
  The analysis of teaching and learning strategies is insightful, highlighting the effective use of visual aids and interactive methods. The student provides a strong rationale for the strategies used, such as the use of metaphors and real-life examples to explain complex concepts.

Grade-Level Appropriateness & Improvement Suggestions: 6 (Good)
  The student provides a good evaluation of the lesson's grade-level appropriateness and offers practical improvement suggestions. The rationale for these suggestions is present but could be more detailed, particularly in explaining how the proposed activities would enhance historical thinking skills.

Critical Analysis & Depth: 3 (Good)
  The report is mostly analytical with some evaluative depth. While there are minor instances of narration, the student maintains a critical stance overall. The analysis could be deepened by further exploring the implications of the teaching strategies used.

Report Structure, Formatting & Language: 6 (Excellent)
  The report is well-structured with a clear introduction, body, and conclusion. It adheres to all formatting requirements and uses professional academic language with minimal errors.","28.5",,,,"73",,,
"35012439","TSHABALALA, O","","36.5","Score: 36.5/50.0 (73.0%)

The submission demonstrates a good understanding of the historical context and events surrounding the US-Soviet relationship at the end of World War II. While the thesis is clear and supported by relevant evidence, the analysis could be more nuanced, and the language more polished. Greater depth in exploring the complexities of the historical events would enhance the overall quality.

STRENGTHS:
? Clear thesis statement addressing the prompt.
? Good range of historical evidence used.

AREAS FOR IMPROVEMENT:
? Provide more nuanced analysis of historical events.
? Improve consistency and format of referencing.

CRITERIA BREAKDOWN:

Thesis Statement & Argument: 7.0 (Good)
  The thesis is clear and addresses the prompt effectively, asserting that the relationship between the US and the Soviet Union was tense despite their alliance. The argument is generally well-structured, but could benefit from more nuanced analysis of the complexities involved.

Evidence & Historical Accuracy: 10.5 (Good)
  The essay uses a good range of evidence, including references to the Yalta and Potsdam conferences and the atomic bombings. However, some claims, such as the impact of leadership changes, could be supported with more specific evidence.

Analysis & Interpretation: 8.0 (Satisfactory)
  The analysis is basic and often descriptive. While the essay identifies key events, the explanations of their significance and the causal relationships are somewhat simplistic. More depth in exploring the nuances of the US-Soviet tensions would enhance the analysis.

Structure & Organization: 3.5 (Good)
  The essay is generally well-organized with a clear introduction, body, and conclusion. Some transitions between paragraphs could be smoother to enhance the flow of the argument.

Language, Style & Referencing: 7.5 (Satisfactory)
  The language is generally clear, though there are occasional grammatical errors and awkward phrasing. Referencing is present but could be more consistent in format.","32.5",,"33","Score: 33/50 (66.0%)

The student demonstrates a solid grasp of historical concepts and teaching strategies. The report is well-structured and mostly analytical, with good alignment to CAPS aims and second-order concepts. However, deeper analysis and more explicit references to CAPS aims would enhance the evaluation.

STRENGTHS:
? Identifying effective teaching strategies like scaffolding and quizzing.
? Understanding of second-order concepts such as causation and comparison.

AREAS FOR IMPROVEMENT:
? Provide deeper analysis of how the lesson aligns with specific CAPS aims.
? Offer more detailed rationale for improvement suggestions.

CRITERIA BREAKDOWN:

CAPS Alignment & History Specific Aims: 8 (Good)
  The submission provides a good discussion of CAPS alignment, identifying specific aims such as understanding content and seeing events from multiple perspectives. However, the analysis could be deeper, with more explicit references to specific CAPS aims by name.

History Second-Order Concepts: 6 (Good)
  The student demonstrates a good understanding of second-order concepts such as causation and comparison. However, the analysis lacks depth in explaining how these concepts are integrated into the lesson.

Teaching & Learning Strategies Analysis: 6 (Good)
  The student identifies effective teaching strategies like scaffolding and quizzing but could provide a more evaluative analysis of their effectiveness in promoting historical understanding.

Grade-Level Appropriateness & Improvement Suggestions: 5 (Good)
  The evaluation of grade-level appropriateness is good, with practical suggestions for improvement. However, the rationale for these suggestions could be more detailed.

Critical Analysis & Depth (Not Narration): 3 (Good)
  The report maintains a mostly analytical stance with minor instances of narration. The student takes a clear position on the lesson quality but could enhance evaluative depth.

Report Structure, Formatting & Language: 5 (Good)
  The report is well-structured and follows formatting requirements. The language is professional with minimal errors, contributing to clear communication.","28",,,,"69",,,
"40993833","TSHABALALA, TC","","36.5","Score: 36.5/50.0 (73.0%)

The submission demonstrates a solid understanding of the post-WWII US-Soviet relationship, supported by relevant historical evidence. However, the analysis could be more nuanced, and the integration of evidence into the argument could be improved. The structure is generally clear, but transitions between sections could be smoother. Language and referencing need attention to detail.

STRENGTHS:
? Good range of historical evidence used.
? Clear thesis statement addressing the prompt.

AREAS FOR IMPROVEMENT:
? Explore the complexities and nuances of US-Soviet relations more deeply.
? Improve the integration of evidence into the argument and ensure consistent referencing.

CRITERIA BREAKDOWN:

Thesis Statement & Argument: 7.0 (Good)
  The thesis is clear and addresses the prompt, arguing that the US-Soviet relationship was tense despite collaboration during WWII. The argument is generally logical and supported by evidence, though it could benefit from more nuanced analysis of the complexities within the wartime alliance.

Evidence & Historical Accuracy: 10.5 (Good)
  The submission uses a good range of evidence, including key events like the Yalta and Potsdam Conferences, the Truman Doctrine, and the Berlin Blockade. However, some evidence is presented in a list-like manner rather than being fully integrated into the argument.

Analysis & Interpretation: 8.0 (Satisfactory)
  The analysis provides basic explanations of events and their significance but often remains descriptive. The submission could improve by exploring the nuances and complexities of US-Soviet relations more deeply.

Structure & Organization: 3.5 (Good)
  The essay is generally well-organized with a clear structure. However, some sections could benefit from smoother transitions to enhance the flow of the argument.

Language, Style & Referencing: 7.5 (Satisfactory)
  The writing is generally clear, but there are occasional errors and awkward phrasing. Referencing is inconsistent, with some sources not fully cited.","37",,"31","Score: 31/50 (62.0%)

The student demonstrates a good understanding of CAPS alignment and teaching strategies but needs to deepen their analysis of second-order concepts. The report is well-structured and mostly analytical, with practical improvement suggestions. More depth in historical analysis and a stronger connection between lesson activities and CAPS aims would enhance the submission.

STRENGTHS:
? Good identification of CAPS alignment and specific aims.
? Effective use of teaching strategies analysis.

AREAS FOR IMPROVEMENT:
? Deeper analysis of second-order historical concepts.
? More detailed rationale for improvement suggestions.

CRITERIA BREAKDOWN:

CAPS Alignment & History Specific Aims: 8 (Good)
  The submission demonstrates a good understanding of CAPS alignment by identifying specific aims such as acquiring knowledge, understanding historical concepts, and developing historical inquiry skills. However, the analysis could be deeper, particularly in connecting lesson activities to CAPS aims. The student notes the lack of historical inquiry skills but could provide more evidence from the video.

History Second-Order Concepts: 4 (Satisfactory)
  The submission mentions some second-order concepts like causation and perspective but lacks depth in analysis. The student identifies the presence of causation but does not explore it fully. There is limited engagement with other second-order concepts such as empathy and significance.

Teaching & Learning Strategies Analysis: 6 (Good)
  The student identifies several teaching strategies, such as the use of metaphors and interactive approaches, and evaluates their effectiveness. However, the analysis could be more evaluative, particularly in discussing the limitations of the strategies used.

Grade-Level Appropriateness & Improvement Suggestions: 5 (Good)
  The student evaluates the lesson's appropriateness for Grade 9 and provides practical improvement suggestions. However, the rationale for these suggestions could be more detailed and linked to specific pedagogical principles.

Critical Analysis & Depth (Not Narration): 3 (Good)
  The report is mostly analytical with some evaluative depth. There are minor instances of narration, but overall, the student maintains a critical stance. More original thinking and professional insight would enhance the analysis.

Report Structure, Formatting & Language: 5 (Excellent)
  The report is well-structured with a clear introduction, body, and conclusion. It follows all formatting requirements and uses professional academic language with minimal errors.","27.5",,,,"69",,,
"46880410","TUTUBALA, K","","35.5","Score: 35.5/50.0 (71.0%)

The submission demonstrates a good understanding of the historical context and the complexities of the US-Soviet relationship at the end of World War II. The thesis is clear, and the argument is generally well-supported by evidence. However, deeper engagement with counterarguments and more nuanced analysis would strengthen the argument.

STRENGTHS:
? Good use of historical evidence to support arguments.
? Clear thesis statement addressing the prompt.

AREAS FOR IMPROVEMENT:
? Engage more deeply with counterarguments to strengthen the thesis.
? Enhance the integration of evidence into the argument for greater depth.

CRITERIA BREAKDOWN:

Thesis Statement & Argument: 7.5 (Good)
  The thesis is clear and addresses the prompt directly, arguing that the US-Soviet relationship was tense due to ideological differences and mutual suspicion. The argument is generally well-structured, with each section supporting the thesis. However, the argument could be more persuasive with deeper engagement with counterarguments.

Evidence & Historical Accuracy: 10.5 (Good)
  The submission uses a good range of accurate historical evidence, such as the Yalta and Potsdam Conferences, the Berlin Blockade, and the Truman Doctrine. However, some evidence could be more deeply integrated into the argument to enhance understanding.

Analysis & Interpretation: 10.0 (Good)
  The analysis demonstrates solid understanding of the period, explaining key events and their significance. The submission connects cause and effect reasonably well but could explore the nuances and complexities of the US-Soviet relationship more deeply.

Structure & Organization: 3.5 (Good)
  The essay is generally well-organized with a clear introduction, body, and conclusion. However, some transitions between sections could be smoother to enhance the flow of the argument.

Language, Style & Referencing: 4.0 (Good)
  The writing is generally clear and appropriate, with minor errors that do not impede understanding. Referencing is mostly accurate, though some sources could be more clearly integrated.","35",,"35","Score: 35/50 (70.0%)

The submission demonstrates a solid understanding of historical concepts and effective teaching strategies. While the analysis is generally good, it could benefit from deeper critical evaluation and more detailed pedagogical rationale.

STRENGTHS:
? Good understanding of second-order concepts like causation and multi-perspectivity.
? Effective identification of teaching strategies such as scaffolding and multiple-choice questioning.

AREAS FOR IMPROVEMENT:
? Provide deeper analysis of how CAPS aims are met.
? Include more detailed pedagogical rationale for teaching strategies.

CRITERIA BREAKDOWN:

CAPS Alignment & History Specific Aims: 8 (Good)
  The submission provides a good discussion of CAPS alignment, identifying specific aims such as promoting historical knowledge and enquiry. However, the analysis could be deeper, particularly in evaluating how each aim is met.

History Second-Order Concepts: 7 (Good)
  The student demonstrates a good understanding of second-order concepts like causation and multi-perspectivity. However, the analysis could be more critical, particularly in how these concepts are promoted throughout the lesson.

Teaching & Learning Strategies Analysis: 7 (Good)
  The submission identifies effective teaching strategies such as multiple-choice questioning and scaffolding. The analysis is good but could benefit from a more detailed pedagogical rationale.

Grade-Level Appropriateness & Improvement Suggestions: 5 (Good)
  The evaluation of grade-level appropriateness is solid, with practical improvement suggestions like using visual materials. The rationale for these suggestions could be more detailed.

Critical Analysis & Depth (Not Narration): 3 (Good)
  The report is mostly analytical with some evaluative depth. There are minor instances of narration, but overall, it maintains a critical stance.

Report Structure, Formatting & Language: 5 (Excellent)
  The report is well-structured with clear introduction, body, and conclusion. It follows all formatting requirements and uses professional academic language with minimal errors.","28.5",,,,"71",,,
"44882408","VUKEYA, NW","","30","Score: 30.0/50.0 (60.0%)

The submission demonstrates a good understanding of the historical context and provides a clear thesis. However, the analysis could be more nuanced, and evidence integration could be improved. The structure is logical, but transitions and paragraph focus need refinement.

STRENGTHS:
? Clear thesis addressing the prompt
? Good range of historical evidence

AREAS FOR IMPROVEMENT:
? Deeper engagement with historical complexities
? More focused paragraph structure and smoother transitions

CRITERIA BREAKDOWN:

Thesis Statement & Argument: 7.0 (Good)
  The thesis is clear and addresses the prompt, focusing on the tension between the US and the Soviet Union during and after WWII. The argument is generally logical and supported by evidence, though it could benefit from more nuanced analysis of the complexities involved.

Evidence & Historical Accuracy: 8.0 (Satisfactory)
  The submission uses a range of evidence, including references to key events and figures. However, some evidence is not fully integrated into the argument, and there are occasional inaccuracies or oversimplifications.

Analysis & Interpretation: 8.0 (Satisfactory)
  The analysis provides basic explanations of events and their significance but often remains descriptive. The submission could benefit from deeper engagement with the complexities and nuances of the historical context.

Structure & Organization: 3.5 (Good)
  The essay is generally well-organized, with a clear introduction, body, and conclusion. However, some paragraphs could be more focused, and transitions between ideas could be smoother.

Language, Style & Referencing: 3.5 (Good)
  The writing is generally clear and appropriate, with minor errors that do not impede understanding. Referencing is mostly accurate, though some citations could be more precise.","43.5",,"32","Score: 32/50 (64.0%)

The student demonstrates a good understanding of CAPS alignment and second-order concepts, with some insightful analysis of teaching strategies. However, the depth of analysis could be improved, particularly in evaluating the effectiveness of teaching strategies and providing more detailed rationales for improvement suggestions.

STRENGTHS:
? Good identification and discussion of CAPS specific aims.
? Understanding of second-order concepts such as causation and change/continuity.

AREAS FOR IMPROVEMENT:
? Provide deeper analysis of how well CAPS aims are achieved in practice.
? Develop more detailed rationales for the effectiveness of teaching strategies and improvement suggestions.

CRITERIA BREAKDOWN:

CAPS Alignment & History Specific Aims: 8 (Good)
  The submission provides a good discussion of CAPS alignment, identifying specific aims and linking them to the lesson. However, the analysis could be deeper, particularly in evaluating how well these aims are achieved in practice.

History Second-Order Concepts: 6 (Good)
  The student demonstrates a good understanding of second-order concepts such as causation and change/continuity. However, the analysis could be more critical in evaluating how effectively these concepts are promoted in the lesson.

Teaching & Learning Strategies Analysis: 6 (Good)
  The submission identifies several teaching strategies and provides some evaluative comments. However, the rationale for their effectiveness could be more thoroughly developed.

Grade-Level Appropriateness & Improvement Suggestions: 5 (Good)
  The student evaluates the lesson's appropriateness for the grade level and provides some improvement suggestions. The rationale for these suggestions could be more detailed.

Critical Analysis & Depth (Not Narration): 3 (Good)
  The report is mostly analytical with some evaluative depth. There are minor instances of narration, but overall the student maintains a critical stance.

Report Structure, Formatting & Language: 4 (Good)
  The report is well-structured and mostly follows formatting requirements. There are minor language errors that do not impede understanding.","29.5",,,,"71",,,
