"Student ID","Name","# Student Number","#Assignment 1  [25]","# * Assignment 1 ","#Assignment 2 [50]","# * Assignment 2","Assignment 3 [25]"," * Assignment 3","#Assignment 4 [25]","# * Assignment 4","SE-1st Exam Opportunity-(EXMOP1)-100 [100]"," * SE-1st Exam Opportunity-(EXMOP1)-100","SE-2nd Exam Opportunity-(EXMOP2)-100 [100]"," * SE-2nd Exam Opportunity-(EXMOP2)-100","#SP-Participation-(PA-PA)-100 [100]","# * SP-Participation-(PA-PA)-100"
"52862097","ABRAHAMSE, NJ","","13","Score: 13/25 (52.0%)

The submission demonstrates a basic understanding of historical concepts and teaching strategies but lacks depth in critique and improvement. The handling of sensitive topics needs more attention, and the lesson plan could benefit from clearer alignment of objectives and assessments.

STRENGTHS:
? Identifies some key issues in the lesson plan.
? Includes a variety of activities to engage learners.

AREAS FOR IMPROVEMENT:
? Provide more detailed critique and justification for identified flaws.
? Ensure that lesson objectives, activities, and assessments are clearly aligned.

CRITERIA BREAKDOWN:

Introduction & Conclusion: 4 (Developing)
  The critique identifies some issues with the introduction and conclusion but lacks depth in addressing how these elements could be improved. The improved plan includes some activation of prior knowledge but does not clearly align aims with the lesson's conclusion. The strategy for handling sensitive topics is limited.

Teaching Strategy & Approach: 4 (Developing)
  The critique identifies some teaching strategy issues but lacks depth in linking these to learning outcomes. The improved lesson plan includes some meaningful activities but lacks a clear progression from lower to higher-order thinking. Handling of controversial content is not thoroughly addressed.

Assessment & Resources: 5 (Proficient)
  The critique identifies some misalignment in assessment and suggests better options. The improved plan includes informal assessments that are mostly aligned with the lesson's objectives. Resources are used appropriately, but there is a lack of detailed guidance on how to use them effectively.","26","Score: 26.0/50.0 (52.0%)

The submission demonstrates a basic understanding of the UN Partition Plan and its immediate consequences. However, the thesis lacks clarity, and the analysis is mostly descriptive. There is a need for more integrated evidence and deeper exploration of the complexities involved.

STRENGTHS:
? Recognizable structure in the essay
? Basic understanding of the UN Partition Plan

AREAS FOR IMPROVEMENT:
? Clarify and focus the thesis statement
? Integrate evidence more effectively and explore complexities

CRITERIA BREAKDOWN:

Thesis Statement & Argument: 5.5 (Satisfactory)
  The thesis is present but lacks clarity and focus. It does not fully address the prompt regarding the political aims and public arguments of both Zionist and Palestinian Arab leadership. The argument is somewhat vague and underdeveloped, lacking a clear direction.

Evidence & Historical Accuracy: 7.0 (Satisfactory)
  The submission provides some evidence but is limited in scope and accuracy. There is a basic understanding of the period, but the evidence is often listed rather than integrated into a cohesive argument. The use of Resolution 181 as a primary source is not effectively demonstrated.

Analysis & Interpretation: 7.0 (Satisfactory)
  The analysis is primarily descriptive, with limited critical thinking and interpretation. The submission explains some key events but fails to delve into the complexities of the competing claims to legitimacy and the escalation into violence. The roots of the refugee crisis are not adequately explored.

Structure & Organization: 3.5 (Good)
  The essay has a recognizable structure with an introduction, body, and conclusion. However, the organization within paragraphs could be improved for better clarity and flow. Transitions between sections are mostly clear.

Language, Style & Referencing: 3.0 (Satisfactory)
  The writing is generally clear but contains some errors that may impede understanding. Vocabulary is appropriate but lacks sophistication. Referencing is inconsistent and needs to be more accurate and complete.","19","Score: 19/25 (76.0%)

The submission demonstrates a solid grasp of historical concepts and effective use of Bloom's taxonomy in formulating questions. The questions are well-structured and relevant to the cartoon, encouraging critical analysis. The memorandum supports the questions well, though it could benefit from more detailed explanations.

STRENGTHS:
? Effective use of Bloom's taxonomy to create a range of questions.
? Good understanding of the historical context of the Camp David Accords.

AREAS FOR IMPROVEMENT:
? Enhance the complexity and depth of questions to challenge students further.
? Provide more detailed justifications in the memorandum to support mark allocations.

CRITERIA BREAKDOWN:

Blooms Taxonomy: 4 (Good)
  The student has effectively incorporated both higher and lower-order questions, using appropriate action verbs such as 'Identify', 'Analyze', 'Interpret', and 'Evaluate'. These questions are generally suited to the grade level, although there is room for more nuanced differentiation between the levels of Bloom's taxonomy.

Questions: 11 (Good)
  The questions are mostly relevant to the cartoon and show a good understanding of the content. The student has structured the questions to encourage critical thinking and analysis. However, the depth and complexity of the questions could be enhanced to further challenge students' historical thinking skills.

Memorandum: 4 (Good)
  The memorandum generally aligns with the questions and provides sufficient content for the mark allocation. There is a clear connection between the questions and the answers provided, although some justifications could be more detailed to enhance clarity and depth.","21","",,,,,"81",
"47171170","BOTHMA, CR","",,,"41.5","Score: 41.5/50.0 (83.0%)

The submission demonstrates a solid understanding of the historical context surrounding UN Resolution 181 and its impact on Zionist and Palestinian Arab leadership. The argument is well-structured and supported by a good range of sources. However, there is room for deeper analysis and more integration of primary sources.

STRENGTHS:
? Well-structured argument with clear thesis
? Solid understanding of the historical context and use of secondary sources

AREAS FOR IMPROVEMENT:
? Deeper engagement with the nuances of political strategies
? More integration of primary sources, particularly Resolution 181

CRITERIA BREAKDOWN:

Thesis Statement & Argument: 7.5 (Good)
  The thesis is clear and addresses the prompt effectively, focusing on how Resolution 181 influenced Zionist and Palestinian Arab political aims and public arguments. The argument is generally well-structured, though it could benefit from deeper engagement with the nuances of each side's political strategies.

Evidence & Historical Accuracy: 10.5 (Good)
  The essay uses a good range of academic sources to support its claims, demonstrating a solid understanding of the historical context. However, there could be more integration of primary sources, particularly Resolution 181 itself, to strengthen the analysis.

Analysis & Interpretation: 10.0 (Good)
  The analysis is strong, explaining the immediate consequences of Resolution 181 and the escalation into violence. The essay effectively connects the resolution to the refugee crisis, though it could delve deeper into the complexities of these events.

Structure & Organization: 4.5 (Excellent)
  The essay is well-organized, with a clear introduction, body, and conclusion. Each paragraph contributes to the overall argument, and transitions are smooth.

Language, Style & Referencing: 9.0 (Good)
  The writing is generally clear and concise, with appropriate vocabulary. There are minor errors, but they do not impede understanding. Referencing is mostly accurate, though some citations could be more precise.","19","Score: 19/25 (76.0%)

The student demonstrates a solid grasp of historical concepts and effective use of Bloom's Taxonomy in formulating questions. The questions are well-structured and relevant, showing a good understanding of the cartoon's context. The memorandum supports the questions well, though some answers could be more detailed.

STRENGTHS:
? Effective use of Bloom's Taxonomy to encourage higher-order thinking
? Clear understanding of the historical context of the Camp David Accords

AREAS FOR IMPROVEMENT:
? Incorporate a wider variety of action verbs in questions
? Provide more detailed answers in the memorandum to fully justify mark allocations

CRITERIA BREAKDOWN:

Blooms Taxonomy: 4 (Good)
  The student effectively uses both higher and lower-order questions, with a strong emphasis on analysis and evaluation as required in History. However, there is room for improvement in the diversity of action verbs used.

Questions: 11 (Good)
  The questions are well-structured and mostly relevant to the cartoon. They demonstrate a clear understanding of the content and encourage higher-order thinking. However, some questions could be more directly linked to specific elements of the cartoon.

Memorandum: 4 (Good)
  The memorandum mostly links to the questions and provides sufficient content for mark allocation. Some answers could be more detailed to fully justify the marks.","13.5","Score: 13.5/20.0 (Group Submission)

This grade was assigned based on the group submission: hise 312 Assignment 4.pptx
Primary submitter student ID: 40975525

Please refer to the feedback in the primary submitter's folder for detailed assessment.",,,,,"68",
"52771792","BOTTOM, WE","","18","Score: 18/25 (72.0%)

The submission demonstrates a solid understanding of historical teaching methods and effectively critiques the original lesson plan. The improved lesson plan is well-structured and addresses key areas such as source analysis and historical empathy. However, there is room for improvement in consistently integrating strategies for handling sensitive topics and providing more detailed guidance on resource use.

STRENGTHS:
? Effectively critiques the original lesson plan with a focus on historical thinking skills.
? Demonstrates a good understanding of how to engage learners with primary sources.

AREAS FOR IMPROVEMENT:
? Provide a more consistent strategy for handling sensitive topics throughout the lesson.
? Offer more detailed guidance on how resources support learning objectives.

CRITERIA BREAKDOWN:

Introduction & Conclusion (Part A & B): 6 (Proficient)
The critique identifies several key flaws in the original lesson plan, particularly in terms of handling controversial content. The improved plan includes a clear introduction and conclusion, with aims that are mostly measurable and aligned with the lesson's objectives. However, the strategy for managing sensitive topics could be more consistently integrated throughout the lesson.

Teaching Strategy & Approach (Part A & B): 7 (Proficient)
The critique effectively highlights issues in the teaching strategy, such as the need for more active learning and better progression from low to high cognition. The improved plan includes meaningful activities and encourages active engagement with historical sources. However, the handling of controversial content, while present, could be more robust and inclusive.

Assessment & Resources (Part A & B): 5 (Developing)
The critique addresses some misalignments in assessment and resources, proposing better options. The improved plan includes formative assessments that are mostly aligned with the lesson aims. However, the integration of resources could be more detailed, and the explanation of how they support learning is somewhat limited.","36","Score: 36.0/50.0 (72.0%)

The submission demonstrates a solid understanding of the historical context and effectively uses Resolution 181 as a primary source. The argument is clear and mostly well-supported, though further exploration of the complexities and nuances would strengthen the analysis. The structure is logical, and the writing is clear, with some minor errors in referencing.

STRENGTHS:
? Effective use of Resolution 181 as a primary source.
? Solid understanding of the political objectives and public arguments of both Zionist and Palestinian Arab leadership.

AREAS FOR IMPROVEMENT:
? Explore the nuances and complexities of the immediate consequences more deeply.
? Improve the integration of evidence into the analysis and ensure consistent citation format.

CRITERIA BREAKDOWN:

Thesis Statement & Argument: 6.5 (Good)
  The thesis is clear and addresses the prompt by focusing on how Resolution 181 affected the political objectives and public arguments of both Zionist and Palestinian Arab leadership. The argument is logical and mostly well-structured, but could benefit from more nuanced analysis of the immediate consequences.

Evidence & Historical Accuracy: 10.0 (Good)
  The essay uses a good range of accurate evidence from both primary and secondary sources. The integration of Resolution 181 as a primary source is effective, and the use of academic sources like Morris and Khalidi demonstrates solid understanding. However, the evidence could be more deeply integrated into the analysis.

Analysis & Interpretation: 9.5 (Good)
  The analysis demonstrates good critical thinking and connects cause and effect reasonably well. The essay explains key events and their significance but could further explore the nuances and complexities of the situation, particularly regarding the roots of the refugee crisis.

Structure & Organization: 3.5 (Good)
  The essay has a recognizable structure with a clear introduction, body, and conclusion. Paragraphs are generally organized, but transitions could be smoother to enhance the flow of the argument.

Language, Style & Referencing: 6.5 (Good)
  The writing is generally clear and appropriate, with minor errors that do not impede understanding. Referencing is mostly accurate, but there are some inconsistencies in citation format that should be addressed.","22","Score: 22/25 (88.0%)

The submission demonstrates a strong grasp of historical concepts and effective pedagogical application. The questions are well-crafted, encouraging critical thinking and engagement with the source material. The memorandum supports the questions well, though some areas could benefit from more detailed explanations.

STRENGTHS:
? Effective use of Bloom's Taxonomy in question formulation.
? Deep understanding of the historical context and significance of the Camp David Accords.

AREAS FOR IMPROVEMENT:
? Provide more detailed justifications in the memorandum.
? Ensure all aspects of the historical context are thoroughly addressed in the questions.

CRITERIA BREAKDOWN:

Blooms Taxonomy: 4 (Good)
  The student effectively incorporates both higher and lower-order questions, using appropriate action verbs. The questions are well-suited to the grade level, demonstrating a clear understanding of Bloom's Taxonomy.

Questions: 14 (Excellent)
  The questions are well-structured and balanced, showing a deep understanding of the cartoon's content. The paragraph-based question aligns with the topic and encourages higher-order thinking.

Memorandum: 4 (Good)
  The memorandum mostly aligns with the questions and provides sufficient content for mark allocation. However, some justifications could be more detailed.","14.5","Score: 14.5/20.0 (72.5%)

This group presentation on international mediation in the Gaza Wars (2005-2023) demonstrates a competent understanding of the historical context and a clear argument regarding the benefits and limitations of mediation. The research is generally solid, with credible sources supporting the content, and the engagement design shows potential for fostering critical thinking. However, the depth of historical analysis is limited by a lack of engagement with primary sources, historiography, or detailed case studies, which restricts the development of advanced historical thinking skills. Pedagogically, while the structure and engagement tools are appropriate, there is little explicit focus on translating historical content into effective teaching strategies for a classroom setting, particularly in handling sensitive topics or fostering historical empathy. With a total score of 14.5/20 (72.5%), this submission falls in the proficient range, reflecting good effort but with room for deeper historical and pedagogical application.

STRENGTHS:
? Clear identification of key mediators and their roles in the Gaza Wars, showing basic historical literacy.
? Inclusion of interactive tools like polls and Q&A, which encourage audience engagement and critical thinking.

AREAS FOR IMPROVEMENT:
? Deepen historical analysis by engaging with primary sources and historiographical debates to enhance understanding of causation and significance.
? Develop explicit pedagogical strategies to teach sensitive topics like the Gaza Wars, ensuring activities promote historical empathy and address diverse perspectives in South African classrooms.

CRITERIA BREAKDOWN:

Quality of research and historical understanding: 3.5 (Competent)
  The submission demonstrates a generally accurate understanding of the Gaza Wars (2005-2023) with a focus on international mediation. There is evidence of research using credible sources such as the United Nations, International Crisis Group, and academic texts like Byman (2015) and Roy (2016), which supports a solid grasp of the topic. The contextualization of mediation efforts, including key mediators (UN, Egypt, Qatar, US) and their roles, shows an awareness of historical complexity, particularly in identifying short-term ceasefires and ongoing issues like the blockade. However, the analysis lacks depth in exploring causation and root causes beyond surface-level mentions (e.g., 'blockade' and 'political divisions'). There is minimal engagement with historiography or differing interpretations of mediation effectiveness, which limits the depth of historical thinking. Pedagogically, the content could be translated into teaching by emphasizing source analysis and comparison of perspectives, but this is not explicitly addressed in the presentation design. To improve, the group should integrate primary sources (e.g., UN resolutions or mediator statements) for deeper source analysis and discuss how these historical complexities could be taught to develop students? understanding of causation and historical significance in a classroom setting.

Argument, structure, and clarity: 3.5 (Competent)
  The presentation has a clear line of reasoning, structured around the central question of whether international mediation helps or harms in the Gaza Wars. The argument is understandable, with distinct perspectives presented ('Helps': ceasefires and aid; 'Harms': temporary solutions and mediator bias). Signposting is evident through slides like 'Analysis & Interactive Engagement' and 'Recommendations & Conclusion,' which guide the audience through the content. However, the structure occasionally lacks depth, as key points like mediator bias are mentioned but not elaborated with specific historical examples (e.g., US perceived pro-Israel stance). Visuals are minimal, with only a reference to a CC BY-SA photo, and there is no indication of how time management was handled during the presentation. From a pedagogical perspective, the clarity of the argument could be enhanced for teaching by using timelines or maps to illustrate chronological understanding and regional dynamics. To improve, the group should provide specific historical case studies to support claims and incorporate visual aids that could be used in a classroom to teach continuity and change over time.

Engagement design and facilitation: 3.5 (Competent)
  The engagement design includes an interactive quiz/poll with relevant questions such as 'Most effective mediator?' and 'Limitations of mediation?', which align with the content and encourage audience participation. These questions have the potential to develop historical thinking skills like evaluation and comparison, which are valuable in a teaching context. The inclusion of a Q&A session with prompt questions like 'Challenges of neutrality in mediation?' further supports engagement and critical thinking. However, there is no evidence of how the results of the poll or discussion were interpreted or linked back to the argument, which limits the effectiveness of the facilitation. Pedagogically, the engagement tools are appropriate but could be enhanced by connecting responses to specific historical events (e.g., comparing mediation in 2008-09 vs. 2021) to foster deeper historical empathy and contextualization among learners. To improve, the group should plan how to analyze poll results during the presentation and design activities that explicitly link to historical thinking skills, such as source analysis or perspective-taking exercises suitable for a diverse South African classroom.

Referencing, professionalism, and teamwork: 4.0 (Competent)
  The submission includes a comprehensive reference list with consistent formatting, citing a range of credible sources such as academic articles (Gunning & Baron, 2019), reports (International Crisis Group, 2022), and news outlets (Al Jazeera, BBC). Referencing on slides is present but sparse, with only a few slides (e.g., Slides 2 and 3) directly citing sources. The tone is academic and professional, maintaining an objective stance on a sensitive topic like the Gaza Wars, which is crucial for teaching controversial historical events. There is evidence of equitable participation, as all group members are listed, though individual contributions are not specified. From a pedagogical standpoint, the professional delivery and referencing model good academic practice for students, but the group could enhance this by explicitly teaching learners how to evaluate source reliability in a history classroom. To improve, ensure in-text citations on all slides where data or arguments are presented, and provide a brief reflection on how teamwork was managed to demonstrate collaboration skills that could be taught to students.",,,,,"79",
"33777233","BULL, ROBYN","","18","","22.5","Score: 22.5/50.0 (45.0%)

The submission demonstrates a basic understanding of the UN Partition Plan and its impact on Zionist and Palestinian Arab leadership. However, the thesis lacks clarity, and the argument is not well-developed. The evidence provided is limited and not always accurate, and the analysis is primarily descriptive. The structure is inconsistent, and the language contains frequent errors.

STRENGTHS:
? Basic understanding of the UN Partition Plan
? Attempt to use primary sources

AREAS FOR IMPROVEMENT:
? Clarify and focus the thesis statement
? Develop a more structured and coherent argument

CRITERIA BREAKDOWN:

Thesis Statement & Argument: 5.0 (Satisfactory)
  The thesis is present but lacks clarity and focus. It does not fully address the prompt, particularly in terms of evaluating the immediate consequences on the ground. The argument is somewhat disorganized and lacks a clear direction.

Evidence & Historical Accuracy: 7.0 (Satisfactory)
  The submission includes some relevant evidence, but it is limited in scope and not always accurate. The use of Resolution 181 as a primary source is not effectively integrated into the analysis. There is a basic understanding of the period, but more depth is needed.

Analysis & Interpretation: 5.0 (Needs Improvement)
  The analysis is primarily descriptive and lacks depth. There is little critical thinking or insightful interpretation of the events. The submission fails to engage with the complexities of the competing claims to legitimacy and the escalation into violence.

Structure & Organization: 2.5 (Satisfactory)
  The structure is present but inconsistent. Paragraphs often lack focus, and transitions between ideas are abrupt. The essay needs a clearer introduction, body, and conclusion.

Language, Style & Referencing: 3.0 (Satisfactory)
  The writing is generally clear but contains frequent errors that impede understanding. Referencing is inconsistent and lacks accuracy. The vocabulary is basic and could be more precise.","25","","13.5","Score: 13.5/20.0 (Group Submission)

This grade was assigned based on the group submission: HISE 312 A4 - KBM Mortlock ? 45027935 (Group Lead).pptx
Primary submitter student ID: 45027935

Please refer to the feedback in the primary submitter's folder for detailed assessment.",,,,,"77",
"52615677","DEVEREUX, B","","20","Score: 20/25 (80.0%)

The submission demonstrates a solid understanding of historical pedagogy, particularly in critiquing and improving lesson plans. The student effectively identifies key issues in the original lesson plan and proposes practical improvements, particularly in fostering an inclusive and evidence-based learning environment. While the submission is proficient overall, it could be enhanced by providing more explicit strategies for managing controversial discussions and ensuring cohesion between lesson components.

STRENGTHS:
? Identifies and addresses key flaws in handling sensitive topics.
? Proposes practical improvements for fostering active learning and engagement.

AREAS FOR IMPROVEMENT:
? Provide more explicit strategies for managing controversial discussions.
? Ensure cohesion between lesson components, particularly in linking introduction and conclusion to sensitive-topic strategy.

CRITERIA BREAKDOWN:

Introduction & Conclusion: 6 (Proficient)
  The critique effectively identifies key flaws in the introduction and conclusion, such as the use of loaded questions and lack of effective closure. The suggested improvements are practical and aim to foster a more inclusive and evidence-based discussion. However, the improved plan could further enhance cohesion by explicitly linking the introduction and conclusion to the lesson's sensitive-topic strategy.

Teaching Strategy & Approach: 7 (Proficient)
  The critique identifies significant issues with the teaching strategy, such as over-reliance on lectures and inadequate handling of sensitive topics. The improved plan suggests a more interactive and scaffolded approach, promoting active learning and historical thinking skills. However, the plan could benefit from more explicit strategies for managing controversial discussions.

Assessment & Resources: 7 (Proficient)
  The critique accurately identifies misalignments in assessment and suggests more meaningful alternatives that align with historical skills. The improved plan integrates a variety of resources and provides detailed guidance on their use, enhancing the depth of historical inquiry.","32","Score: 32.0/50.0 (64.0%)

The submission demonstrates a good understanding of the historical context of UN Resolution 181 and its immediate consequences. The thesis is clear and supported by a range of evidence, though the analysis could be more nuanced. The structure is generally effective, but the writing could be refined for clarity and coherence.

STRENGTHS:
? Effective use of primary and secondary sources.
? Clear thesis that addresses the prompt.

AREAS FOR IMPROVEMENT:
? Deepen analysis to explore complexities and nuances.
? Improve consistency and precision in referencing.

CRITERIA BREAKDOWN:

Thesis Statement & Argument: 6.5 (Good)
  The thesis is clear and addresses the prompt by critiquing the UN Partition Plan's lack of local consideration. The argument is generally logical, but could benefit from more nuanced analysis of the political aims and public arguments of both parties.

Evidence & Historical Accuracy: 10.5 (Good)
  The essay uses a good range of evidence, including primary and secondary sources, to support claims. However, some evidence is not deeply integrated into the analysis, and there are minor inaccuracies in the portrayal of events.

Analysis & Interpretation: 8.0 (Satisfactory)
  The analysis provides a basic explanation of events and their consequences. However, it often remains descriptive and lacks depth in exploring the complexities and nuances of the situation.

Structure & Organization: 3.5 (Good)
  The essay is generally well-structured with a clear introduction, body, and conclusion. Some transitions between sections could be smoother to enhance the flow of the argument.

Language, Style & Referencing: 3.5 (Satisfactory)
  The writing is mostly clear, though there are occasional grammatical errors and awkward phrasing. Referencing is present but could be more consistent and precise.","22","Score: 22/25 (88.0%)

Bianca Devereux has demonstrated a strong grasp of both historical content and pedagogical application. The questions are well-crafted, showing a deep understanding of the Camp David Accords and their implications. The memorandum is thorough and aligns well with the questions, providing clear and concise answers.

STRENGTHS:
? Effective use of Bloom's Taxonomy to create a range of questions.
? Clear understanding of the historical significance of the Camp David Accords.

AREAS FOR IMPROVEMENT:
? Include more explicit references to primary and secondary sources to enhance historical literacy.
? Consider incorporating more diverse perspectives to deepen historical empathy.

CRITERIA BREAKDOWN:

Blooms Taxonomy: 4 (Good)
  The student effectively incorporates both higher and lower-order questions, using appropriate action verbs such as 'classify', 'analyse', 'discuss', 'evaluate', and 'assess'. These questions are well-suited to the grade level and demonstrate a solid understanding of Bloom's Taxonomy.

Questions: 13 (Excellent)
  The questions are well-balanced and structured, showing a clear understanding of the content. They are relevant to the cartoon and encourage higher-order thinking. The paragraph-based question aligns with the topic and demonstrates depth in historical analysis.

Memorandum: 5 (Excellent)
  The memorandum effectively links to the questions and provides sufficient content for the specific mark allocation. It demonstrates a clear understanding of the historical context and provides detailed answers that align well with the questions posed.","13.5","Score: 13.5/20.0 (67.5%)

This submission demonstrates a competent understanding of the Gaza Wars (2005-2023) with a clear structure and an attempt to address historical narratives and collective memory. However, it lacks depth in historical thinking skills such as causation and contextualization, and misses opportunities for pedagogical application through engagement strategies or source analysis. The handling of sensitive content is neutral but underdeveloped in terms of fostering historical empathy or addressing diverse classroom perspectives. With a score of 13.5/20 (67.5%), the work is proficient but requires more sophisticated historical analysis and explicit teaching designs to reach an exceptional level.

STRENGTHS:
? Clear identification of differing historical narratives in the Gaza conflict
? Generally accurate timeline of key events from 2005 to 2023

AREAS FOR IMPROVEMENT:
? Deepen historical analysis by exploring causation and historical significance of events
? Develop specific engagement strategies to foster historical empathy and critical thinking in teaching

CRITERIA BREAKDOWN:

Quality of research and historical understanding: 3.5 (Competent)
  The submission demonstrates a generally accurate understanding of the Gaza Wars from 2005 to 2023, with a basic timeline and identification of key events such as Israel's withdrawal in 2005 and Hamas's control in 2007. However, the historical contextualization is limited, lacking depth in causation (e.g., why conflicts escalated at specific points) and continuity/change over time. The use of sources like BBC News and Al Jazeera is credible but lacks diversity in perspective, missing primary sources or academic analyses that could enrich the understanding of historical narratives and collective memory. Pedagogically, the content could be translated into teaching by emphasizing historical thinking skills like source analysis or comparison of narratives, but this is not explicitly developed. To improve, the student should integrate a wider range of primary and secondary sources to explore the complexity of the conflict and suggest specific classroom activities that develop skills like contextualization or historical empathy, especially given the sensitive nature of the topic in diverse South African classrooms.

Argument, structure, and clarity: 3.5 (Competent)
  The presentation has a clear structure with a timeline, key terms, and distinct perspectives (security-focused and resistance-focused narratives), which aids in understanding the main argument about differing historical narratives. However, the argument lacks depth in historical significance?why these narratives matter in shaping policy or peace efforts is underexplored. There is no mention of visuals or time management specifics, which limits assessment in those areas. Pedagogically, the clarity supports teaching basic concepts, but there is no progression to higher-order thinking like evaluation of narratives. To improve, the student should explicitly link the narratives to broader historical consequences and design teaching strategies that encourage students to debate or evaluate these perspectives, fostering critical historical thinking.

Engagement design and facilitation: 2.0 (Needs development)
  There is no evidence of an interactive tool or specific engagement strategy in the submission, which is a significant gap for a presentation format. While the content (e.g., two perspectives) could lend itself to discussion or debate in a classroom setting, no facilitation plan or question design is provided to encourage learner interaction with historical narratives. Pedagogically, this misses an opportunity to develop historical empathy by engaging students with differing viewpoints on a sensitive topic like the Gaza Wars. To improve, the student should design specific activities, such as role-playing different perspectives or analyzing primary source excerpts, and outline how results or discussions would be interpreted to deepen historical understanding.

Referencing, professionalism, and teamwork: 4.5 (Competent)
  Referencing is mostly correct, with credible sources like BBC News, United Nations, and Al Jazeera cited, though the access date (2026) appears to be a typographical error, which slightly undermines professionalism. The tone is academic and appropriate for a historical discussion of a sensitive topic, showing an attempt at neutrality. There is no explicit evidence of teamwork or equitable participation, but the delivery seems professional based on the written content. Pedagogically, the referencing supports teaching historical literacy by modeling source citation, though it could be enhanced by discussing source bias with students. To improve, ensure accurate citation details, include a wider range of academic sources, and explicitly address how teamwork contributed to the presentation, as well as how source evaluation could be taught in a classroom setting.",,,,,"77",
"51355337","ELLIS, M","","20","Score: 20/25 (80.0%)

The submission demonstrates a solid grasp of historical concepts and effective teaching strategies. The student identifies key issues in the original lesson plan and provides practical improvements, particularly in handling sensitive topics and promoting active learning.

STRENGTHS:
? Effective identification of problematic content and sensitive topic management.
? Incorporation of active learning strategies and evidence-based discussions.

AREAS FOR IMPROVEMENT:
? Further detail on how to scaffold learning from lower to higher-order thinking.
? More explicit integration of primary sources in the lesson plan.

CRITERIA BREAKDOWN:

Introduction & Conclusion (Part A & B): 6 (Proficient)
  The critique effectively identifies key issues with the lesson plan's introduction and conclusion, such as the problematic opening question and the lack of a strong closure. The improved plan suggests more neutral questions and measurable activities for closure, demonstrating a solid understanding of how to handle sensitive topics.

Teaching Strategy & Approach (Part A & B): 7 (Proficient)
  The critique identifies significant flaws in the teaching strategy, such as over-reliance on lectures and problematic debate topics. The improved plan incorporates active learning strategies and evidence-based discussions, showing an understanding of progression from lower to higher-order thinking.

Assessment & Resources (Part A & B): 7 (Proficient)
  The critique addresses the misalignment in assessment methods and proposes more effective alternatives. The improved plan includes formative assessments and integrates resources with clear guidance, demonstrating an understanding of how to assess historical skills.","36.5","Score: 36.5/50.0 (73.0%)

The submission demonstrates a solid understanding of the historical context and effectively uses evidence to support its arguments. The analysis is generally strong, though it could benefit from deeper exploration of complexities. The structure is mostly clear, but transitions and paragraph focus could be improved. Language and referencing are generally good, with minor areas for improvement.

STRENGTHS:
? Effective use of primary and secondary sources.
? Solid understanding of the historical context and events.

AREAS FOR IMPROVEMENT:
? Delve deeper into the complexities and nuances of the historical context.
? Improve transitions between paragraphs and ensure consistent paragraph focus.

CRITERIA BREAKDOWN:

Thesis Statement & Argument: 6.5 (Good)
  The thesis is clear and addresses the prompt by focusing on the impact of Resolution 181 on both Zionist and Palestinian Arab leadership. The argument is generally logical and supported by relevant evidence, though it could benefit from more precise articulation and stronger connections between points.

Evidence & Historical Accuracy: 10.5 (Good)
  The submission uses a good range of accurate evidence from both primary and secondary sources. The student demonstrates a solid understanding of the period, though some evidence could be better integrated into the argument.

Analysis & Interpretation: 9.5 (Good)
  The analysis demonstrates good critical thinking and provides explanations for the events and their significance. The student connects cause and effect reasonably well but could delve deeper into the complexities and nuances of the historical context.

Structure & Organization: 3.5 (Good)
  The essay is generally well-structured with a clear introduction, body, and conclusion. However, some transitions between paragraphs could be smoother, and paragraph focus could be improved.

Language, Style & Referencing: 6.5 (Good)
  The writing is generally clear and appropriate, with minor errors that do not impede understanding. Referencing is mostly accurate, though consistency could be improved.","19","Score: 19/25 (76.0%)

The submission demonstrates a solid grasp of historical concepts and pedagogical strategies. The student effectively uses Bloom's Taxonomy to create a balanced set of questions that are mostly relevant to the source material. The memorandum supports the questions well, though there is room for more detailed answers to fully justify the mark allocations.

STRENGTHS:
? Effective use of Bloom's Taxonomy to balance question types.
? Clear understanding of the historical context of the Camp David Accords.

AREAS FOR IMPROVEMENT:
? Incorporate more precise action verbs in questions to enhance clarity.
? Provide more detailed answers in the memorandum to justify mark allocations.

CRITERIA BREAKDOWN:

Blooms Taxonomy: 4 (Good)
  The student demonstrates a good understanding of Bloom's Taxonomy by incorporating both higher and lower-order questions. The questions are generally suited to the grade level, though there is room for more precise use of action verbs to enhance clarity.

Questions: 11 (Good)
  The questions are well-structured and mostly relevant to the cartoon. They show a clear understanding of the content, with a paragraph question that aligns with the topic. However, some questions could be more challenging to fully engage higher-order thinking.

Memorandum: 4 (Good)
  The memorandum mostly links to the questions and provides sufficient content for the mark allocation. However, some answers could be more detailed to better justify the marks assigned.","13.5","Score: 13.5/20.0 (Group Submission)

This grade was assigned based on the group submission: hise 312 Assignment 4.pptx
Primary submitter student ID: 40975525

Please refer to the feedback in the primary submitter's folder for detailed assessment.",,,,,"81",
"51912325","KAPASE, LC","","14","Score: 14/25 (56.0%)

The submission demonstrates a solid understanding of historical concepts and attempts to incorporate pedagogical strategies for teaching sensitive topics. However, the lesson plan could benefit from clearer alignment between objectives, activities, and assessments. Greater depth in handling controversial content and more detailed integration of resources would enhance the lesson's effectiveness.

STRENGTHS:
? Incorporates source-based learning to develop historical thinking.
? Attempts to create a respectful and inclusive classroom environment.

AREAS FOR IMPROVEMENT:
? Provide a stronger introduction and conclusion to activate and consolidate learning.
? Ensure assessments are aligned with lesson objectives and provide detailed guidance on resource use.

CRITERIA BREAKDOWN:

Introduction & Conclusion (Part A & B): 5 (Proficient)
  The critique identifies some flaws in the original lesson plan, particularly in terms of handling sensitive topics. However, the improved plan lacks a strong introduction and conclusion that clearly activates prior knowledge and consolidates learning. The sensitive-topic strategy is present but could be more consistently integrated throughout the lesson.

Teaching Strategy & Approach (Part A & B): 6 (Proficient)
  The teaching strategy includes meaningful activities that engage learners with historical sources and encourage comparison and analysis. However, the progression from lower to higher-order thinking could be more explicit, and the handling of controversial content, while present, needs more depth to ensure inclusivity.

Assessment & Resources (Part A & B): 3 (Developing)
  The assessment strategy is basic and lacks alignment with the lesson objectives. While formative assessments are included, such as the exit ticket, the resources are not fully integrated or explained in detail, limiting their effectiveness in supporting learning.","23.5","Score: 23.5/50.0 (47.0%)

The submission demonstrates a basic understanding of the UN Partition Plan and its historical context but lacks depth and critical analysis. The thesis is underdeveloped, and the argument is not well-structured. There is a need for more integrated evidence and a deeper exploration of the political aims and public arguments of both Zionist and Palestinian Arab leadership.

STRENGTHS:
? Basic understanding of the historical context of the UN Partition Plan.
? Attempts to address the consequences of the plan on the ground.

AREAS FOR IMPROVEMENT:
? Develop a clearer and more focused thesis statement.
? Integrate evidence more effectively into the argument.

CRITERIA BREAKDOWN:

Thesis Statement & Argument: 5.5 (Satisfactory)
  The thesis is present but lacks clarity and depth. It does not fully address the prompt's requirement to evaluate the political aims and public arguments of both Zionist and Palestinian Arab leadership. The argument is somewhat disorganized and lacks a coherent structure.

Evidence & Historical Accuracy: 7.0 (Satisfactory)
  The essay provides some historical evidence but lacks depth and integration. The evidence is often listed rather than integrated into a cohesive argument. There is a basic understanding of the historical context, but the submission lacks detailed analysis of the UN Partition Plan's impact.

Analysis & Interpretation: 5.0 (Needs Improvement)
  The analysis is primarily descriptive and lacks depth. The submission fails to critically engage with the complexities of the UN Partition Plan and its consequences. The explanation of cause and effect is simplistic and does not adequately explore the nuances of the situation.

Structure & Organization: 2.5 (Satisfactory)
  The essay has a basic structure but lacks coherence and logical flow. Transitions between paragraphs are abrupt, and the overall organization is inconsistent. The introduction and conclusion are not clearly defined.

Language, Style & Referencing: 3.5 (Satisfactory)
  The language is generally clear but lacks sophistication. There are minor grammatical errors that do not impede understanding. Referencing is inconsistent and lacks academic rigor.","20","Score: 20/25 (80.0%)

Lesedi Clement has demonstrated a solid understanding of the historical context of the Camp David peace talks through well-structured questions and a comprehensive memorandum. The use of Bloom's Taxonomy is evident, with a good balance of question types that are appropriate for the grade level.

STRENGTHS:
? Effective use of Bloom's Taxonomy in question formulation.
? Clear understanding of the historical significance of the Camp David peace talks.

AREAS FOR IMPROVEMENT:
? Include more nuanced questions to explore deeper historical contexts.
? Consider incorporating more diverse perspectives to enhance historical empathy.

CRITERIA BREAKDOWN:

Blooms Taxonomy: 4 (Good)
  The student effectively uses both higher and lower-order questions, incorporating appropriate action verbs such as 'Identify', 'Describe', 'Explain', and 'Analyse'. The questions are mostly suited to the grade level, demonstrating a good understanding of Bloom's Taxonomy.

Questions: 11 (Good)
  The questions are well-structured and relevant to the cartoon, showing a clear understanding of the content. The paragraph-based question encourages higher-order thinking about the Camp David peace talks. However, the questions could be more nuanced to explore deeper historical contexts.

Memorandum: 5 (Excellent)
  The memorandum effectively links to the questions, providing clear and sufficient content for the mark allocation. The answers are concise and directly address the questions posed.","20","",,,,,"79",
"52896196","LEWIS, RC","",,,"30","Score: 30.0/50.0 (60.0%)

The submission demonstrates a solid understanding of the UN Partition Plan's impact on Zionist and Palestinian Arab political aims. While the thesis is clear and the structure is logical, the analysis could benefit from deeper engagement with the complexities of the historical context. The use of evidence is adequate but could be more thoroughly integrated.

STRENGTHS:
? Clear thesis addressing the prompt
? Logical structure with clear sections

AREAS FOR IMPROVEMENT:
? Deeper engagement with historical sources
? More nuanced analysis of the complexities of the period

CRITERIA BREAKDOWN:

Thesis Statement & Argument: 7.0 (Good)
  The thesis is clear and addresses the prompt by discussing the impact of the UN Partition Plan on Zionist and Palestinian Arab political aims. The argument is generally logical and supported by relevant evidence, although it could benefit from more nuanced analysis of the immediate consequences.

Evidence & Historical Accuracy: 8.0 (Satisfactory)
  The submission uses a range of sources, including primary and secondary materials, to support claims. However, the integration of evidence is somewhat superficial, and there are instances where deeper engagement with the sources would enhance historical accuracy.

Analysis & Interpretation: 8.5 (Satisfactory)
  The analysis provides a basic explanation of key events and their significance. While the submission identifies cause and effect, it often remains descriptive and lacks depth in exploring the complexities of the historical context.

Structure & Organization: 3.5 (Good)
  The essay is generally well-structured with a clear introduction, body, and conclusion. However, some transitions between sections could be smoother to enhance the flow of the argument.

Language, Style & Referencing: 3.0 (Satisfactory)
  The writing is generally clear, but there are occasional grammatical errors and awkward phrasing. Referencing is present but could be more consistent and precise.","24","Score: 24/25 (96.0%)

The submission demonstrates a strong understanding of both historical content and pedagogical application. The student effectively uses Bloom's Taxonomy to create a range of questions that are well-suited to the topic and grade level. The memorandum supports the questions with adequate detail.

STRENGTHS:
? Effective use of Bloom's Taxonomy in question formulation
? Clear understanding of the historical context of the Camp David Accords

AREAS FOR IMPROVEMENT:
? Include more depth in the memorandum to enhance the justification of mark allocations
? Consider adding more diverse perspectives in the questions to enhance historical empathy

CRITERIA BREAKDOWN:

Blooms Taxonomy: 5 (Excellent)
  The student effectively incorporates both higher and lower-order questions, using appropriate action verbs. The questions are well-suited to the grade level, demonstrating a strong grasp of Bloom's Taxonomy.

Questions: 14 (Excellent)
  The questions are well-structured and relevant to the cartoon. They show a clear understanding of the content and encourage higher-order thinking. The paragraph-based question aligns well with the topic and encourages deep analysis.

Memorandum: 5 (Good)
  The memorandum links well to the questions and provides sufficient content for mark allocation. It offers detailed answers that align with the questions, although some areas could benefit from more depth.",,,,,,,"40",
"51406888","MABASA, BENFOSTER","","17","Score: 17/25 (68.0%)

The submission demonstrates a solid understanding of historical pedagogy and effectively critiques the original lesson plan. The improved lesson plan shows thoughtful integration of active learning strategies and addresses sensitive topics with care. However, further refinement in aligning assessments with learning activities and providing detailed resource descriptions would enhance the lesson's effectiveness.

STRENGTHS:
? Incorporates active learning strategies such as group work and structured academic controversy.
? Identifies key issues in the original lesson plan, such as lack of engagement and scaffolding.

AREAS FOR IMPROVEMENT:
? Enhance alignment between activities and assessments.
? Provide more detailed descriptions of resources and their usage.

CRITERIA BREAKDOWN:

Introduction & Conclusion (Part A & B): 6 (Proficient)
  The critique effectively identifies several key issues with the original lesson plan, such as the lack of prior knowledge activation and the vague conclusion. The improved plan introduces clear aims and a structured approach to handling sensitive topics, which is commendable. However, the introduction could further emphasize historical context, and the conclusion could include more specific strategies for checking understanding.

Teaching Strategy & Approach (Part A & B): 7 (Proficient)
  The critique identifies major flaws in the teaching strategy, such as the lack of engagement and scaffolding. The improved plan addresses these by incorporating group work and structured academic controversy, which encourages active learning and critical thinking. However, more explicit strategies for managing sensitive discussions could be included.

Assessment & Resources (Part A & B): 4 (Developing)
  The critique highlights the misalignment between activities and assessments, and the lack of clarity in resource usage. The improved plan introduces formative assessments and integrates resources like worksheets, but the alignment between activities and assessments could be stronger, and resource descriptions more detailed.","33","Score: 33.0/50.0 (66.0%)

The submission demonstrates a solid grasp of the historical context surrounding Resolution 181 and its impact on Zionist and Palestinian Arab leadership. The argument is generally well-supported with evidence, though deeper analysis of complexities and improved clarity in writing would enhance the essay.

STRENGTHS:
? Strong use of primary and secondary sources to support arguments.
? Clear understanding of the political implications of Resolution 181.

AREAS FOR IMPROVEMENT:
? Explore the nuances and complexities of the historical context more deeply.
? Improve clarity and consistency in writing and referencing.

CRITERIA BREAKDOWN:

Thesis Statement & Argument: 7.0 (Good)
  The thesis is clear and addresses the prompt by focusing on how Resolution 181 shaped the political aims and public arguments of both Zionist and Palestinian Arab leadership. The argument is generally well-structured and persuasive, though it could benefit from more nuanced exploration of the complexities involved.

Evidence & Historical Accuracy: 10.0 (Good)
  The essay uses a good range of accurate evidence, including Resolution 181 as a primary source and various secondary sources. The evidence is generally well-integrated, though there are instances where more depth and specificity could enhance the analysis.

Analysis & Interpretation: 9.5 (Good)
  The analysis demonstrates good critical thinking skills, explaining key events and their significance. The essay connects cause and effect reasonably well, though it could delve deeper into the nuances and complexities of the historical context.

Structure & Organization: 3.5 (Good)
  The essay is generally well-organized with a recognizable structure, including an introduction, body, and conclusion. Transitions are mostly clear, though some paragraphs could be more focused.

Language, Style & Referencing: 3.0 (Satisfactory)
  The writing is generally clear, but there are minor errors that occasionally impede understanding. Referencing is mostly accurate, though there are some inconsistencies that need attention.","19","Score: 19/25 (76.0%)

The submission demonstrates a solid understanding of the historical context of the Camp David Accords and effectively uses Bloom's Taxonomy to create questions that are appropriate for a Grade 12 audience. The questions are relevant and well-structured, and the memorandum provides adequate support for the answers. However, there is room for more depth in some of the responses to fully justify the mark allocations.

STRENGTHS:
? Effective use of Bloom's Taxonomy to create a range of questions.
? Clear understanding of the historical context of the Camp David Accords.

AREAS FOR IMPROVEMENT:
? Provide more detailed explanations in the memorandum to fully justify mark allocations.
? Incorporate more diverse perspectives to enhance historical empathy.

CRITERIA BREAKDOWN:

Blooms Taxonomy: 4 (Good)
  The student effectively incorporates both higher and lower-order questions, using appropriate action verbs. The questions are well-suited to a Grade 12 level, demonstrating a good understanding of Bloom's Taxonomy.

Questions: 11 (Good)
  The questions are well-structured and relevant to the cartoon, showing a clear understanding of the content. The paragraph-based question aligns with the topic and encourages higher-order thinking.

Memorandum: 4 (Good)
  The memorandum mostly links to the questions and provides sufficient content for the mark allocation. However, some answers could be more detailed to fully justify the marks.",,,,,,,"45",
"41413040","MABASO, NQOBILE","","20","Score: 20/25 (80.0%)

The submission demonstrates a solid understanding of historical teaching strategies and effectively critiques the AI-generated lesson plan. The improved lesson plan addresses many of the identified issues, particularly in terms of promoting historical thinking and managing sensitive content. Further refinement in the conclusion and resource integration would enhance the overall effectiveness.

STRENGTHS:
? Effective identification and critique of problematic elements in the lesson plan.
? Introduction of interactive and source-based learning activities.

AREAS FOR IMPROVEMENT:
? Provide a more comprehensive conclusion that reinforces lesson objectives.
? Detail the integration and use of resources in the lesson plan.

CRITERIA BREAKDOWN:

Introduction & Conclusion (Part A & B): 6 (Proficient)
  The critique identifies key issues in the introduction and conclusion of the AI-generated lesson plan, such as the problematic warm-up question and lack of measurable objectives. The improved plan offers a more neutral introduction and clear objectives, but the conclusion could further reinforce learning by linking back to the aims.

Teaching Strategy & Approach (Part A & B): 7 (Proficient)
  The critique effectively identifies the excessive teacher-centered approach and lack of strategies for handling sensitive content. The improved plan introduces interactive activities, such as group source analysis and structured debates, which promote critical thinking and historical empathy.

Assessment & Resources (Part A & B): 7 (Proficient)
  The critique highlights the lack of alignment in assessment and insufficient use of resources. The improved plan includes formative assessments and integrates resources with clear instructions, although further detail on resource utilization could enhance the plan.","14","Score: 14.0/50.0 (28.0%)

The submission demonstrates a lack of historical understanding and fails to effectively translate this into a coherent teaching strategy. There is a need for a clear thesis, better use of evidence, and a more structured argument. The handling of sensitive topics and historical empathy is not evident.

STRENGTHS:


AREAS FOR IMPROVEMENT:
? Develop a clear and focused thesis statement that directly addresses the prompt.
? Integrate accurate historical evidence and primary sources to support the argument.

CRITERIA BREAKDOWN:

Thesis Statement & Argument: 3.0 (Needs Improvement)
  The submission lacks a clear and focused thesis statement. The argument is not well-structured and fails to directly address the prompt regarding the UN Partition Plan's impact on Zionist and Palestinian Arab leadership. The central argument is missing, and there is little evidence of a persuasive or logical argument.

Evidence & Historical Accuracy: 4.0 (Needs Improvement)
  The submission provides minimal evidence and lacks accurate historical details. There is no integration of Resolution 181 as a primary source, and the use of additional academic sources is absent. This demonstrates a fundamental lack of understanding of the period and the complexities involved.

Analysis & Interpretation: 4.0 (Needs Improvement)
  The analysis is primarily descriptive and lacks depth. There is no critical thinking or insightful interpretation of the events. The submission fails to explain how and why events occurred, and there is no identification of nuances or complexities related to the competing claims to legitimacy, escalation into violence, or the refugee crisis.

Structure & Organization: 1.5 (Needs Improvement)
  The submission is disorganized and lacks a clear structure. There is no identifiable introduction, body, or conclusion. Paragraphs are not focused, and transitions are either abrupt or missing, making the essay difficult to follow.

Language, Style & Referencing: 1.5 (Needs Improvement)
  The writing is unclear and confusing, with pervasive errors. There is no evidence of referencing, which is fundamentally flawed given the requirement to use Resolution 181 as a primary source and support the argument with additional academic sources.","23","Score: 23/25 (92.0%)

The submission demonstrates a sophisticated understanding of historical content and pedagogical application. The student effectively uses Bloom's Taxonomy to create questions that are both higher and lower-order, and the questions are well-structured and relevant to the cartoon. The memorandum provides a clear and sufficient link to the questions, showing a deep understanding of the historical context.

STRENGTHS:
? Effective use of Bloom's Taxonomy in formulating questions.
? Clear understanding of the historical context of the Camp David Accords.

AREAS FOR IMPROVEMENT:
? Include more diverse perspectives in the questions to enhance historical empathy.
? Consider incorporating more primary sources to deepen the analysis.

CRITERIA BREAKDOWN:

Blooms Taxonomy: 5 (Excellent)
  The student effectively formulated both higher and lower-order questions using appropriate action verbs. The questions are well-structured and suited to the grade level, demonstrating a solid understanding of Bloom's Taxonomy.

Questions: 13 (Excellent)
  The questions are well-balanced and structured, showing a clear understanding of the content. The source-based questions are relevant to the cartoon, and the paragraph-based question aligns with the topic, encouraging higher-order thinking.

Memorandum: 5 (Excellent)
  The memorandum effectively links to the questions and provides sufficient content for the mark allocation. It demonstrates a clear connection between the questions and the historical context.","14.5","Score: 14.5/20.0 (Group Submission)

This grade was assigned based on the group submission: HISE312 Gaza Wars_Assignment 4 (3).pptx
Primary submitter student ID: 52771792

Please refer to the feedback in the primary submitter's folder for detailed assessment.",,,,,"75",
"47031085","MAHANDANA, SA","",,,,,"16","Score: 16/25 (64.0%)

The submission demonstrates a basic understanding of the historical context of the Camp David Accords and attempts to engage students with both lower and higher-order questions. However, the questions could be more structured and challenging to encourage deeper historical analysis. The memorandum is mostly aligned with the questions but could benefit from more detailed explanations.

STRENGTHS:
? The student identifies the symbolism in the cartoon, which is crucial for source analysis.
? The student attempts to engage with different perspectives through the question about the cartoonist's choice of symbolism.

AREAS FOR IMPROVEMENT:
? Include more higher-order questions that require critical thinking and analysis.
? Provide more historical context in the memorandum to enhance understanding.

CRITERIA BREAKDOWN:

Blooms Taxonomy: 3 (Satisfactory)
  The student attempts to use both higher and lower-order questions, but there is limited success in employing the correct action verbs. For instance, the question 'WHAT POWERFUL SYMBOL DOES THE DOVE IN THE SOURCE REPRESENT?' is a lower-order question, while 'IF YOU WERE THE CARTOONIST, WOULD YOU HAVE CHOSEN THE DOVE TO REPRESENT ISRAEL?' attempts to engage higher-order thinking but lacks depth in its formulation.

Questions: 9 (Satisfactory)
  The questions show some relevance to the cartoon but lack depth and structure. The questions focus on basic interpretation rather than encouraging deeper analysis or understanding of the historical context. For example, the question about the dove's symbolism is straightforward and does not challenge students to think critically about the broader implications of the cartoon.

Memorandum: 4 (Good)
  The memorandum mostly links to the questions and provides sufficient content for the mark allocation. However, some answers, such as the explanation of the dove's symbolism, could be expanded to provide more historical context and depth.","13.5","Score: 13.5/20.0 (Group Submission)

This grade was assigned based on the group submission: HISE 312 A4 - KBM Mortlock ? 45027935 (Group Lead).pptx
Primary submitter student ID: 45027935

Please refer to the feedback in the primary submitter's folder for detailed assessment.",,,,,"44",
"36266299","MAKAE, ELSELIO","",,,"31","Score: 31.0/50.0 (62.0%)

The submission demonstrates a good understanding of the UN Partition Plan's impact on the Israeli-Palestinian conflict. The argument is clear and supported by relevant evidence, though the analysis could be more nuanced. The structure is coherent, but language clarity and referencing need improvement.

STRENGTHS:
? Effective use of primary and secondary sources.
? Clear thesis addressing the prompt.

AREAS FOR IMPROVEMENT:
? Provide more nuanced analysis of political aims and public arguments.
? Improve language clarity and consistency in referencing.

CRITERIA BREAKDOWN:

Thesis Statement & Argument: 6.5 (Good)
  The thesis is clear and addresses the prompt by discussing the impact of the UN Partition Plan on Zionist and Palestinian Arab leadership. The argument is generally logical and supported by evidence, though it could benefit from more nuanced analysis of the political aims and public arguments of both sides.

Evidence & Historical Accuracy: 10.0 (Good)
  The essay uses a good range of accurate evidence from both primary and secondary sources. The integration of Resolution 181 as a primary source is effective, and the student demonstrates a solid understanding of the period. However, some claims could be better substantiated with additional evidence.

Analysis & Interpretation: 8.0 (Satisfactory)
  The analysis is basic and sometimes descriptive. While the essay explains key events and their significance, it lacks depth in exploring the complexities and nuances of the situation. The cause-effect relationships are present but could be more thoroughly developed.

Structure & Organization: 3.5 (Good)
  The essay is generally well-structured with a clear introduction, body, and conclusion. Transitions between paragraphs are mostly clear, though some sections could be more cohesively linked to enhance the overall flow.

Language, Style & Referencing: 3.0 (Satisfactory)
  The writing is generally clear, but there are some errors and awkward phrasing that occasionally impede understanding. Referencing is mostly accurate, though there are minor inconsistencies.","16","Score: 16/25 (64.0%)

The submission demonstrates a basic understanding of the historical context of the Camp David Accords and attempts to engage students with source-based questions. However, the questions could be more challenging and better structured to encourage deeper historical thinking. The memorandum is generally well-aligned with the questions but could benefit from more detailed explanations.

STRENGTHS:
? The student includes a range of questions that attempt to cover different aspects of the Camp David Accords.
? The memorandum provides clear answers that mostly align with the questions posed.

AREAS FOR IMPROVEMENT:
? Incorporate more higher-order questions that challenge students to analyze and evaluate historical events.
? Ensure that questions are clearly structured and directly related to the source material to enhance student engagement and understanding.

CRITERIA BREAKDOWN:

Blooms Taxonomy: 3 (Satisfactory)
  The student attempts to use both higher and lower-order questions, but the use of action verbs is limited and not always accurate. For example, the question asking to 'evaluate the significance' does employ higher-order thinking, but others, like 'Which country does the bird in the cartoon represent?' are lower-order and do not challenge the students to think critically.

Questions: 9 (Satisfactory)
  The questions are somewhat relevant to the cartoon but lack depth and structure. The paragraph-based question does align with the topic but could be clearer in formulation. The questions do not fully explore the complexities of the historical context, such as the broader implications of the Camp David Accords.

Memorandum: 4 (Good)
  The memorandum mostly links to the questions and provides sufficient content for the mark allocation. However, some answers could be more detailed to fully justify the marks awarded, particularly in the evaluation of the Camp David Accords' significance.","21","",,,,,"74",
"42367433","MARAIS, A","","21","Score: 21/25 (84.0%)

The submission demonstrates a solid understanding of historical pedagogy and effectively critiques the AI-generated lesson plan. The improved lesson plan incorporates active learning strategies and aligns assessment with lesson aims. However, further elaboration on the integration of resources and the development of higher-order thinking skills would enhance the submission.

STRENGTHS:
? Identifies and addresses biased and inappropriate content effectively.
? Incorporates active learning strategies like Structured Academic Controversy.

AREAS FOR IMPROVEMENT:
? Further detail on how changes enhance historical understanding.
? More discussion on resource integration and evaluation.

CRITERIA BREAKDOWN:

Introduction & Conclusion (Part A & B): 6 (Proficient)
  The critique effectively identifies key issues in the introduction and conclusion of the lesson plan, such as the biased nature of the opening question and the lack of clear ground rules for discussion. The improved plan offers a more neutral introduction and a structured conclusion with an exit ticket activity. However, the critique could further elaborate on how these changes enhance historical understanding and sensitivity.

Teaching Strategy & Approach (Part A & B): 7 (Proficient)
  The critique identifies significant flaws in the original lesson's teaching strategy, such as the teacher-centered approach and the inappropriate debate question. The improved plan introduces active learning through Structured Academic Controversy and source analysis. However, the critique could provide more detail on how these strategies develop higher-order thinking skills.

Assessment & Resources (Part A & B): 8 (Proficient)
  The critique accurately identifies misalignment in the assessment and suggests improvements that focus on explanation and comparison. The improved plan includes a more aligned assessment with options for standard and extension tasks. However, the critique could further discuss the integration and evaluation of resources, such as the YouTube video.",,,"24","Score: 24/25 (96.0%)

The submission demonstrates a strong understanding of historical content and effective pedagogical application. The student effectively uses Bloom's Taxonomy to create a range of questions that promote historical thinking. The memorandum is well-aligned with the questions, providing clear and justified answers.

STRENGTHS:
? Effective use of Bloom's Taxonomy in question formulation.
? Clear understanding of the historical significance of the Camp David Accords.

AREAS FOR IMPROVEMENT:
? Incorporate a wider range of action verbs to enhance cognitive engagement.
? Consider including more diverse perspectives in the evaluation question to deepen historical empathy.

CRITERIA BREAKDOWN:

Blooms Taxonomy: 4 (Good)
  The student effectively uses both higher and lower-order questions, demonstrating a good grasp of Bloom's Taxonomy. The questions are mostly suited to the grade level, though there is room for more varied action verbs to enhance cognitive engagement.

Questions: 14 (Excellent)
  The questions are well-structured and relevant to the cartoon, showing a clear understanding of the content. The paragraph-based question encourages higher-order thinking and aligns well with the topic.

Memorandum: 5 (Excellent)
  The memorandum effectively links to the questions and provides sufficient content for the specific mark allocation. It includes clear justifications for each answer, demonstrating a strong understanding of the material.",,,,,,,"41",
"51089289","MATIWANE, CHOPPER","","18","Score: 18/25 (72.0%)

The submission demonstrates a solid understanding of the historical content and pedagogical strategies. The critique is insightful, identifying significant flaws in the AI-generated lesson plan, particularly regarding sensitive content management. The improved lesson plan shows an effort to incorporate diverse teaching strategies and assessments, though further refinement in resource integration and closure activities would enhance its effectiveness.

STRENGTHS:
? Identifies and critiques problematic content effectively.
? Incorporates diverse teaching strategies to engage learners.

AREAS FOR IMPROVEMENT:
? Provide more detailed alignment and explanation of resources.
? Enhance closure activities to consolidate learning effectively.

CRITERIA BREAKDOWN:

Introduction & Conclusion: 6 (Proficient)
  The critique identifies key issues such as the problematic nature of the warm-up question and the vague teacher role, which are well-explained. The improved plan shows some activation of prior knowledge and attempts to consolidate learning, though the closure could be more robust and aligned with the lesson aims.

Teaching Strategy & Approach: 7 (Proficient)
  The critique effectively highlights the teacher-centered approach and suggests a more learner-centered strategy. The improved plan includes diverse activities and encourages active engagement, though the progression from low to high cognition could be more explicit.

Assessment & Resources: 5 (Developing)
  The critique notes the lack of clear assessment criteria and resources. The improved plan includes informal assessments and some resources, but the alignment and explanation of resources could be more detailed.","30","Score: 30.0/50.0 (60.0%)

The submission demonstrates a good understanding of the topic and addresses the prompt effectively. However, it could benefit from a deeper analysis and more comprehensive integration of historical evidence. The structure is clear, but transitions could be improved for better coherence.

STRENGTHS:
? Clear thesis addressing the prompt
? Logical structure with clear introduction and conclusion

AREAS FOR IMPROVEMENT:
? Deeper analysis of historical complexities
? More comprehensive integration of evidence

CRITERIA BREAKDOWN:

Thesis Statement & Argument: 7.0 (Good)
  The thesis is clear and addresses the prompt by focusing on the impact of UN Resolution 181 on Zionist and Palestinian Arab leadership. The argument is generally logical, though it could benefit from more nuanced exploration of the complexities involved.

Evidence & Historical Accuracy: 8.0 (Satisfactory)
  The submission uses some relevant evidence, such as quotes from Resolution 181 and references to historical events. However, the integration of evidence is somewhat superficial, and there is a lack of depth in exploring the historical context and accuracy.

Analysis & Interpretation: 8.0 (Satisfactory)
  The analysis is basic and often descriptive. While the essay touches on key events and their significance, it lacks critical depth and fails to fully engage with the complexities of the historical situation.

Structure & Organization: 3.5 (Good)
  The essay is generally well-structured with a clear introduction, body, and conclusion. However, some transitions between paragraphs could be smoother to enhance the overall flow of the argument.

Language, Style & Referencing: 3.5 (Good)
  The writing is generally clear and appropriate, with minor errors that do not impede understanding. Referencing is mostly accurate, though there are some inconsistencies in citation style.","17","Score: 17/25 (68.0%)

The submission shows a good grasp of Bloom's Taxonomy and relevance to the cartoon. The questions are generally well-formulated, but there is room for improvement in structuring and depth. The memorandum supports the questions well but could benefit from more detailed answers.

STRENGTHS:
? Incorporation of both higher and lower-order questions.
? Relevance of questions to the historical context of the Camp David Accords.

AREAS FOR IMPROVEMENT:
? Use more precise action verbs to align with Bloom's Taxonomy.
? Enhance the depth and structure of questions to promote higher-order thinking.

CRITERIA BREAKDOWN:

Blooms Taxonomy: 4 (Good)
  The student demonstrates a good understanding of Bloom's Taxonomy by incorporating both higher and lower-order questions. However, the use of action verbs could be more precise to fully align with Bloom's levels.

Questions: 9 (Satisfactory)
  The questions are relevant to the cartoon and demonstrate an understanding of the content. However, they could be more structured and balanced. The paragraph question aligns with the topic but could show more depth in higher-order thinking.

Memorandum: 4 (Good)
  The memorandum mostly links to the questions and provides sufficient content for mark allocation. Some answers could be more detailed to fully justify the marks awarded.","14.5","Score: 14.5/20.0 (Group Submission)

This grade was assigned based on the group submission: HISE312 Gaza Wars_Assignment 4 (3).pptx
Primary submitter student ID: 52771792

Please refer to the feedback in the primary submitter's folder for detailed assessment.",,,,,"72",
"51265834","MFENGWANA, LELETU","","17","Score: 17/25 (Group Submission)

This grade was assigned based on the group submission: Assignment 1 - HISE 312 (45027935^J 51265834^J 35836932).pdf
Primary submitter student ID: 45027935

Please refer to the feedback in the primary submitter's folder for detailed assessment.",,,"19","Score: 19/25 (76.0%)

The submission demonstrates a good understanding of the historical context of the Camp David Accords and effectively uses Bloom's Taxonomy to create a range of questions. The questions are mostly relevant and well-structured, though some could benefit from clearer connections to the cartoon's visual elements. The memorandum supports the questions well but could be more detailed in parts.

STRENGTHS:
? Good use of Bloom's Taxonomy to create a range of questions.
? Demonstrates understanding of the Camp David Accords and its significance.

AREAS FOR IMPROVEMENT:
? Improve precision in using action verbs to differentiate cognitive levels.
? Enhance clarity and depth in questions by making explicit connections to visual elements of the cartoon.

CRITERIA BREAKDOWN:

Blooms Taxonomy: 4 (Good)
  The student has used a mix of higher and lower-order questions, which aligns well with Bloom's Taxonomy. However, the action verbs could be more precise to better differentiate between the cognitive levels, particularly in questions 1.3 and 1.4.

Questions: 11 (Good)
  The questions are generally relevant to the cartoon and demonstrate an understanding of the content. However, the structure could be improved to ensure clarity and depth, especially in questions 1.4 and 1.6, which could benefit from more explicit connections to the cartoon's visual elements.

Memorandum: 4 (Good)
  The memorandum generally aligns with the questions and provides sufficient content for the mark allocation. However, some answers could be more detailed, particularly in explaining the visual elements of the cartoon in relation to the historical context.","13.5","Score: 13.5/20.0 (Group Submission)

This grade was assigned based on the group submission: HISE 312 A4 - KBM Mortlock ? 45027935 (Group Lead).pptx
Primary submitter student ID: 45027935

Please refer to the feedback in the primary submitter's folder for detailed assessment.",,,,,"61",
"35622539","MGAVU, SIFISO","","21","Score: 21/25 (Group Submission)

This grade was assigned based on the group submission: HISE312_Assignment 1_42367433_53286308_35622539.pdf
Primary submitter student ID: 42367433

Please refer to the feedback in the primary submitter's folder for detailed assessment.","27.5","Score: 27.5/50.0 (55.0%)

The submission demonstrates a basic understanding of the historical context surrounding UN Resolution 181 and its impact on Zionist and Palestinian Arab leaderships. However, the thesis lacks clarity and the argument could be more logically structured. While some relevant evidence is provided, inaccuracies and a lack of depth in analysis weaken the overall effectiveness. The writing is generally clear but contains errors and inconsistencies in referencing.

STRENGTHS:
? Recognizes the significance of UN Resolution 181 in shaping political aims.
? Attempts to address both Zionist and Palestinian Arab perspectives.

AREAS FOR IMPROVEMENT:
? Clarify and develop the thesis to provide a more focused argument.
? Improve the integration and accuracy of historical evidence.

CRITERIA BREAKDOWN:

Thesis Statement & Argument: 5.5 (Satisfactory)
  The thesis is present but somewhat vague and underdeveloped. While the student identifies the UN Resolution 181 as a catalyst for violence, the argument lacks clarity and depth in exploring the nuanced impacts on both Zionist and Palestinian Arab leaderships. The argument could be more logically structured to better support the thesis.

Evidence & Historical Accuracy: 8.0 (Satisfactory)
  The submission includes some relevant evidence but lacks depth and integration. There are inaccuracies and a lack of precision in historical details, such as the number of casualties at Deir Yassin. The use of primary and secondary sources could be more effectively integrated to substantiate claims.

Analysis & Interpretation: 7.0 (Satisfactory)
  The analysis is primarily descriptive and lacks critical depth. While the submission attempts to explain cause and effect, it often oversimplifies complex historical events and fails to engage with their nuances. The interpretation of the refugee crisis and political legitimacy could be more insightful.

Structure & Organization: 3.5 (Good)
  The essay has a recognizable structure with an introduction, body, and conclusion. However, some paragraphs lack focus and transitions between ideas are not always smooth. The organization could be improved to enhance the clarity of the argument.

Language, Style & Referencing: 3.5 (Good)
  The writing is generally clear, but there are some grammatical errors and awkward phrasing that impede understanding. Referencing is mostly accurate, but there are inconsistencies in citation style and some sources appear to be fictional or incorrectly cited.","19","Score: 19/25 (76.0%)

The submission demonstrates a good understanding of historical content and effective use of Bloom's taxonomy in questioning. The questions are generally well-structured and relevant to the topic, though some could be more directly linked to the cartoon. The memorandum is satisfactory but could benefit from clearer justifications for mark allocations.

STRENGTHS:
? Effective use of Bloom's taxonomy in formulating questions.
? Good understanding of the historical context of the Camp David Accords.

AREAS FOR IMPROVEMENT:
? Ensure all questions are directly linked to the cartoon to enhance source analysis.
? Provide clearer justifications for mark allocations in the memorandum.

CRITERIA BREAKDOWN:

Blooms Taxonomy: 4 (Good)
  The student effectively uses both higher and lower-order questions, with appropriate action verbs. However, there is room for improvement in ensuring all questions are fully aligned with Bloom's taxonomy.

Questions: 11 (Good)
  The questions are mostly relevant and show a good understanding of the content. The paragraph-based question aligns with the topic and encourages higher-order thinking. However, some questions could be more directly linked to the cartoon.

Memorandum: 4 (Satisfactory)
  The memorandum mostly links to the questions and provides sufficient content for mark allocation. However, some justifications for mark allocations could be clearer.",,,,,,,"50",
"49487809","MHLONGO, H","","19","Score: 19/25 (Group Submission)

This grade was assigned based on the group submission: Assignment 1 HISE 312.docx
Primary submitter student ID: 51372118

Please refer to the feedback in the primary submitter's folder for detailed assessment.","33","Score: 33.0/50.0 (66.0%)

The submission demonstrates a solid understanding of the historical context and effectively uses evidence to support its arguments. The analysis is generally insightful, though it could benefit from more nuanced exploration of the complexities involved. The structure is mostly clear, but some sections could be better organized. Language and referencing need some improvement for clarity and consistency.

STRENGTHS:
? Good use of historical evidence to support arguments.
? Clear thesis that addresses the prompt effectively.

AREAS FOR IMPROVEMENT:
? Explore the nuances and complexities of the political dynamics more deeply.
? Improve language clarity and consistency in referencing.

CRITERIA BREAKDOWN:

Thesis Statement & Argument: 7.0 (Good)
  The thesis is clear and addresses the prompt by arguing that Resolution 181 strengthened Zionist claims while Palestinian Arab leaders rejected it, leading to violence and a refugee crisis. The argument is generally logical and supported by evidence, but could benefit from more nuanced analysis of the complexities involved.

Evidence & Historical Accuracy: 10.0 (Good)
  The essay uses a good range of accurate evidence, including references to Resolution 181 and various academic sources. The evidence is generally well-integrated, though some claims could be supported with more specific examples.

Analysis & Interpretation: 9.5 (Good)
  The analysis demonstrates good critical thinking, explaining key events and their significance. The essay connects cause and effect reasonably well, though it could delve deeper into the nuances and complexities of the political and social dynamics.

Structure & Organization: 3.5 (Good)
  The essay is generally well-structured with a clear introduction, body, and conclusion. Transitions between paragraphs are mostly clear, though some sections could benefit from more focused organization.

Language, Style & Referencing: 3.0 (Satisfactory)
  The writing is generally clear, but there are frequent minor errors that slightly impede understanding. Referencing is mostly accurate, but could be more consistent in style.","18","Score: 18/25 (72.0%)

The student demonstrates a solid understanding of the historical context of the Camp David Accords and effectively uses Bloom's Taxonomy to create a range of questions. The questions are generally well-structured and relevant, though there is room for more challenging questions to enhance critical thinking. The memorandum aligns well with the questions, providing clear and sufficient content.

STRENGTHS:
? Effective use of Bloom's Taxonomy to create a range of questions.
? Clear understanding of the historical significance of the Camp David Accords.

AREAS FOR IMPROVEMENT:
? Incorporate more challenging questions to deepen critical thinking.
? Use more precise action verbs in questions to better align with Bloom's Taxonomy.

CRITERIA BREAKDOWN:

Blooms Taxonomy: 4 (Good)
  The student effectively uses both higher and lower-order questions, such as in Questions 1.1 and 4.1. However, some questions could benefit from more precise action verbs to better align with Bloom's Taxonomy.

Questions: 10 (Good)
  The questions are generally well-structured and relevant to the cartoon. The student demonstrates a clear understanding of the content, particularly in Question 3.1, which requires analysis of symbolism and historical context. However, some questions, like 1.3, could be more challenging to encourage deeper thinking.

Memorandum: 4 (Good)
  The memorandum mostly links to the questions and provides sufficient content for the mark allocation. The explanations are clear, particularly for Question 4.1, which discusses the historical significance of the Camp David Agreement.","14.5","Score: 14.5/20.0 (Group Submission)

This grade was assigned based on the group submission: HISE312 Gaza Wars_Assignment 4 (3).pptx
Primary submitter student ID: 52771792

Please refer to the feedback in the primary submitter's folder for detailed assessment.",,,,,"80",
"53089235","MINTY, H","","18","Score: 18/25 (72.0%)

The submission demonstrates a solid understanding of historical teaching strategies and effectively critiques the AI-generated lesson plan. The improved lesson plan shows a good application of pedagogical content knowledge, with a focus on active learning and source analysis. However, there is room for improvement in consistently integrating sensitive topic strategies and aligning assessments with learning objectives.

STRENGTHS:
? Identifies key issues in lesson structure and proposes practical improvements.
? Incorporates active learning strategies and source analysis effectively.

AREAS FOR IMPROVEMENT:
? Ensure consistent integration of strategies for handling sensitive topics.
? Provide more detailed guidance on resource integration and assessment alignment.

CRITERIA BREAKDOWN:

Introduction & Conclusion (Part A & B): 5 (Proficient)
  The critique identifies key issues in the introduction and conclusion of the AI-generated lesson plan, such as the lack of consolidation in the conclusion and the need for a historical lens reminder. The improved plan includes a structured introduction and conclusion, with activities designed to consolidate learning. However, the strategy for handling sensitive topics could be more consistently integrated throughout the lesson.

Teaching Strategy & Approach (Part A & B): 7 (Proficient)
  The critique effectively identifies issues such as over-reliance on lecture and lack of differentiation. The improved plan demonstrates a thoughtful progression from low to high cognitive tasks, incorporating active learning strategies like jigsaw and source analysis. However, the handling of controversial content could be more robust, particularly in ensuring balanced viewpoints.

Assessment & Resources (Part A & B): 6 (Developing)
  The critique addresses some misalignments in assessment and resource use, such as the lack of informal assessment records and incomplete resources. The improved plan includes formative assessments and a source pack, but lacks detailed guidance on resource integration and assessment alignment with learning aims.","36.5","Score: 36.5/50.0 (73.0%)

The essay demonstrates a solid understanding of the historical context surrounding UN Resolution 181 and its impact on Zionist and Palestinian Arab leadership. The student effectively uses evidence and analysis to support their argument, though there is room for deeper exploration of certain complexities. The structure and language are strong, contributing to a coherent and persuasive essay.

STRENGTHS:
? Effective use of primary and secondary sources to support historical claims.
? Clear thesis that addresses the prompt and guides the essay.

AREAS FOR IMPROVEMENT:
? Further explore the nuances and complexities of the historical context.
? Enhance the coherence of certain sections through tighter organization.

CRITERIA BREAKDOWN:

Thesis Statement & Argument: 7.5 (Good)
  The thesis is clear and addresses the prompt by focusing on how Resolution 181 shaped the political aims and public arguments of both Zionist and Palestinian Arab leadership. The argument is generally supported with relevant evidence and analysis, though some points could be more deeply explored to enhance persuasiveness.

Evidence & Historical Accuracy: 10.5 (Good)
  The essay uses a good range of accurate evidence, including primary and secondary sources, to support its claims. The integration of evidence is generally well-executed, although some areas could benefit from more depth and specificity.

Analysis & Interpretation: 10.0 (Good)
  The analysis demonstrates good critical thinking and interpretation, explaining key events and their significance. The essay connects cause and effect reasonably well, though it could further explore the nuances and complexities of the historical context.

Structure & Organization: 3.5 (Good)
  The essay is generally well-structured with a clear introduction, body, and conclusion. Transitions between paragraphs are mostly clear, although some sections could be more tightly organized to enhance coherence.

Language, Style & Referencing: 5.0 (Good)
  The writing is clear and concise with sophisticated vocabulary. There are minimal errors, and referencing is accurate and consistent throughout the essay.","20","Score: 20/25 (80.0%)

The submission demonstrates a solid grasp of historical concepts and effective use of Bloom's Taxonomy in formulating questions. The questions are well-structured and relevant, showing a good understanding of the cartoon's content. The memorandum effectively supports the questions with clear and relevant answers.

STRENGTHS:
? Effective use of Bloom's Taxonomy in question formulation.
? Good understanding of the historical context of the Camp David Agreement.

AREAS FOR IMPROVEMENT:
? Include more diverse perspectives to enhance historical empathy.
? Incorporate more explicit connections between the cartoon's symbolism and historical events.

CRITERIA BREAKDOWN:

Blooms Taxonomy: 4 (Good)
  The student effectively incorporates both higher and lower-order questions, using appropriate action verbs. The questions are mostly suited to the grade level, demonstrating a good understanding of Bloom's Taxonomy.

Questions: 11 (Good)
  The questions are well-structured and mostly relevant to the cartoon. They show a good understanding of the content. The paragraph-based question aligns with the topic and encourages higher-order thinking.

Memorandum: 5 (Good)
  The memorandum is well-linked to the questions and provides sufficient content for the mark allocation. It effectively supports the questions with clear and relevant answers.","14.5","Score: 14.5/20.0 (72.5%)

This group presentation on the Gaza Wars (2005-2023) with a focus on the security dilemma shows a competent grasp of historical content and a reasonable approach to pedagogical application. The submission effectively outlines contrasting perspectives and plans for interactive engagement, demonstrating an awareness of historical empathy and the need for respectful discourse on sensitive topics. However, the depth of historical analysis is limited by a lack of specific events, diverse sources, and nuanced exploration of continuity/change. Pedagogically, the presentation could be enhanced by clearer explanations of key terms and more innovative engagement strategies to foster higher-order historical thinking skills. With a score of 14.5/20 (72.5%), this work falls in the proficient range, reflecting solid effort but with room for deeper historical and teaching sophistication.

STRENGTHS:
? Effective inclusion of contrasting Israeli and Palestinian perspectives, supporting historical empathy in the classroom.
? Clear commitment to an academic and respectful tone when addressing a sensitive historical topic.

AREAS FOR IMPROVEMENT:
? Deepen historical analysis by integrating specific events and primary sources to illustrate the evolution of the security dilemma from 2005-2023.
? Enhance pedagogical impact by designing engagement activities that progress from recall to evaluation and by clarifying key historical concepts for learners.

CRITERIA BREAKDOWN:

Quality of research and historical understanding: 3.5 (Competent)
  The submission demonstrates a generally accurate understanding of the Gaza Wars (2005-2023) with a focus on the security dilemma. There is some contextualization of the historical and political factors shaping the conflict, particularly in how fear and protection influence policy on both Israeli and Palestinian sides. However, the depth of historical analysis is limited, with minor gaps in addressing the complexity of causation and continuity/change over the specified period. For instance, the historical overview lacks specific events or turning points between 2005-2023 that could illustrate the evolving nature of the security dilemma. The use of sources appears credible but lacks diversity, as there is no clear integration of primary sources or contrasting historiographical perspectives. To improve, the group should incorporate a wider range of sources (e.g., primary accounts from both sides, UN reports) and deepen the analysis of specific events to show how the security dilemma has evolved over time, aligning with CAPS requirements for historical thinking skills like causation and periodization.

Argument, structure, and clarity: 3.5 (Competent)
  The presentation structure is mostly clear, with a logical progression from historical overview to causes, perspectives, and a way forward. The argument about the security dilemma shaping policies is understandable, and the inclusion of contrasting Israeli and Palestinian perspectives is a strength. However, there are occasional clarity issues, as key historical terms (e.g., 'security dilemma') are not fully explained for a classroom audience, which limits pedagogical effectiveness. Visuals and time management are assumed to be adequate based on the submission outline, but there is no evidence of strong signposting or innovative use of visuals to enhance historical understanding. To improve, the group should explicitly define key terms and use timelines or maps to contextualize events, ensuring that the presentation aids in developing chronological understanding and historical significance for learners.

Engagement design and facilitation: 3.5 (Competent)
  The interactive engagement activity is appropriately designed, with a focus on testing understanding or surfacing different interpretations of the security dilemma. The plan to interpret results and link them to the argument is evident and aligns with pedagogical goals of fostering historical empathy and critical thinking. However, the submission lacks specificity about the nature of the questions or how results will be meaningfully connected to the broader historical narrative of the Gaza Wars. Facilitation appears adequate but not confident or innovative. To improve, the group should design questions that progress from lower to higher-order historical thinking (e.g., recall of events to evaluation of perspectives) and provide a clear plan for interpreting responses in a way that deepens classroom discussion on sensitive topics like conflict and security.

Referencing, professionalism, and teamwork: 4.0 (Competent)
  Referencing is mostly correct, as the submission indicates the use of Harvard style and includes a reference list in the submitted pack. The academic tone is maintained, especially in the objective to remain evidence-based and respectful when handling a sensitive topic like the Gaza Wars. Participation appears balanced across group members, with clear roles assigned (e.g., historical overview, perspectives, engagement). Delivery is assumed to be acceptable based on the structured approach. However, there is no evidence of exceptional professionalism or collaboration beyond meeting basic requirements. To improve, the group should ensure consistent in-text citations on slides for historical claims and demonstrate a deeper commitment to equitable collaboration by reflecting on group dynamics or challenges in handling sensitive content.",,,,,"83",
"46877568","MKENKE, MLAMLI","","15","Score: 15/25 (60.0%)

The submission demonstrates a solid understanding of historical pedagogy, particularly in shifting the lesson focus from opinion to evidence-based enquiry. While the critique and improved plan address key issues, more detailed alignment of assessments and resources would strengthen the lesson's effectiveness.

STRENGTHS:
? Effective shift from opinion-based to evidence-based enquiry.
? Clear understanding of historical skills such as causation and perspective.

AREAS FOR IMPROVEMENT:
? Provide more detailed alignment of assessments with learning outcomes.
? Enhance resource integration and explanation to support lesson delivery.

CRITERIA BREAKDOWN:

Introduction & Conclusion (Part A & B): 5 (Proficient)
  The critique identifies key flaws in the original lesson plan, particularly the shift from opinion-based to evidence-based enquiry, which is a significant improvement. However, the improved plan's introduction and conclusion could better activate prior knowledge and consolidate learning. The sensitive-topic strategy is coherent but could be more consistently integrated throughout.

Teaching Strategy & Approach (Part A & B): 7 (Proficient)
  The student effectively critiques the original lesson's approach and proposes a structured, evidence-based enquiry. The improved plan includes meaningful activities and a progression from low to high cognition. However, while the handling of controversial content is addressed, more explicit scaffolding and engagement strategies could enhance the plan.

Assessment & Resources (Part A & B): 3 (Developing)
  The critique touches on assessment alignment but lacks depth in proposing strong alternatives. The improved plan includes basic assessments but could better align with learning outcomes. Resources are mentioned but not detailed, limiting their effectiveness in the lesson.","32.5","Score: 32.5/50.0 (65.0%)

The submission demonstrates a basic understanding of the historical context and the impact of Resolution 181 on Zionist and Palestinian Arab political aims. While the thesis is clear and the structure is generally organized, the analysis lacks depth and the evidence is not always well-integrated. Improvements in language clarity and citation consistency are needed.

STRENGTHS:
? Clear thesis addressing the prompt
? Recognition of key historical events and figures

AREAS FOR IMPROVEMENT:
? Deeper analysis of the complexities of the conflict
? Improved integration of evidence and more consistent referencing

CRITERIA BREAKDOWN:

Thesis Statement & Argument: 7.0 (Good)
  The thesis is clear and addresses the prompt by focusing on the impact of Resolution 181 on Zionist and Palestinian Arab political aims. The argument is generally logical, but could be more persuasive with deeper analysis of public arguments and political aims.

Evidence & Historical Accuracy: 8.0 (Satisfactory)
  The essay uses some relevant evidence, such as references to historians and specific events. However, the evidence is not always integrated seamlessly, and there are occasional inaccuracies, such as the misrepresentation of the Palestinian leadership's stance.

Analysis & Interpretation: 8.5 (Satisfactory)
  The analysis provides basic explanations of key events and their significance. However, it often remains descriptive and lacks depth in exploring the complexities of the situation, such as the nuanced motivations behind the violence and refugee crisis.

Structure & Organization: 3.5 (Good)
  The essay has a recognizable structure with an introduction, body, and conclusion. Paragraphs are generally organized, but transitions between ideas could be smoother to enhance the flow of the argument.

Language, Style & Referencing: 5.0 (Satisfactory)
  The writing is mostly clear, but there are frequent grammatical errors and awkward phrasing that impede understanding. Referencing is present but inconsistent, with some inaccuracies in citation formatting.","19","Score: 19/25 (76.0%)

The student demonstrates a solid grasp of historical concepts and effectively applies Bloom's Taxonomy to create a balanced set of questions. The memorandum supports the questions well, showing an understanding of the historical context. However, there is room for improvement in explicitly connecting some questions to the cartoon's historical context and enhancing the variety of action verbs used.

STRENGTHS:
? Effective use of Bloom's Taxonomy in question formulation
? Clear understanding of the historical context of the Camp David Accords

AREAS FOR IMPROVEMENT:
? Explicitly connect questions to the historical context of the cartoon
? Increase the variety of action verbs to challenge students further

CRITERIA BREAKDOWN:

Blooms Taxonomy: 4 (Good)
  The student effectively incorporates both higher and lower-order questions using Bloom's Taxonomy. The questions are mostly suited to the grade level and use appropriate action verbs, though there could be more variety in the verbs used to challenge students further.

Questions: 10 (Good)
  The questions are generally well-structured and relevant to the cartoon. They show a good understanding of the content, though some questions could be more explicitly tied to the historical context of the cartoon. The paragraph question encourages higher-order thinking but could be more directly aligned with the specific content of the cartoon.

Memorandum: 5 (Good)
  The memorandum effectively links to the questions and provides sufficient content for the mark allocation. It demonstrates a clear understanding of the historical context and offers detailed explanations that align well with the questions posed.",,,,,,,"48",
"39151026","MOLOI, RM","","17","Score: 17/25 (Group Submission)

This grade was assigned based on the group submission: GROUP ASSIGN 1 HISE COMPLETE WORK.pdf
Primary submitter student ID: 51406888

Please refer to the feedback in the primary submitter's folder for detailed assessment.","26.5","Score: 26.5/50.0 (53.0%)

The submission demonstrates a basic understanding of the historical context and attempts to address the prompt. However, it contains inaccuracies, such as the incorrect date for Resolution 181, and lacks depth in analysis. The argument is present but not fully developed, and the use of evidence is inconsistent. Improvements in historical accuracy and deeper engagement with the complexities of the topic are needed.

STRENGTHS:
? Recognizable structure with clear sections
? Attempts to engage with the historical context of Resolution 181

AREAS FOR IMPROVEMENT:
? Ensure historical accuracy, particularly with dates and events
? Develop a deeper analysis of the complexities and nuances of the topic

CRITERIA BREAKDOWN:

Thesis Statement & Argument: 5.5 (Satisfactory)
  The thesis is present but contains inaccuracies, such as the incorrect date for Resolution 181. The argument is somewhat clear but lacks depth in addressing the prompt fully. The essay attempts to support the thesis with evidence, but the analysis is often superficial.

Evidence & Historical Accuracy: 7.0 (Satisfactory)
  The essay uses some relevant evidence but is limited in scope and contains inaccuracies, such as the incorrect date for Resolution 181. The integration of evidence is inconsistent, and there is a basic understanding of the period.

Analysis & Interpretation: 7.0 (Satisfactory)
  The analysis is primarily descriptive and lacks depth. The essay does not fully engage with the complexities of the historical events or the nuances of the competing claims to legitimacy, escalation into violence, and the refugee crisis.

Structure & Organization: 3.5 (Good)
  The essay has a recognizable structure with an introduction, body, and conclusion. However, some paragraphs lack focus, and transitions between ideas are not always smooth.

Language, Style & Referencing: 3.5 (Satisfactory)
  The writing is generally clear but contains some errors, such as incorrect dates. Referencing is inconsistent, with some sources not clearly integrated into the text.","22","Score: 22/25 (88.0%)

The submission demonstrates a solid grasp of historical concepts and effective use of Bloom's Taxonomy in formulating questions. The questions are well-structured and relevant to the source material. The memorandum supports the questions adequately, though some areas could benefit from more detailed explanations.

STRENGTHS:
? Effective use of Bloom's Taxonomy in question formulation
? Clear understanding of the historical context of the Camp David Accords

AREAS FOR IMPROVEMENT:
? Include more complex higher-order questions to challenge students further
? Provide more detailed explanations in the memorandum to justify mark allocations

CRITERIA BREAKDOWN:

Blooms Taxonomy: 4 (Good)
  The student effectively uses both higher and lower-order questions, with appropriate action verbs. The questions are generally suited to the grade level, though there is room for more complexity in the higher-order questions.

Questions: 14 (Excellent)
  The questions are well-balanced and structured, showing a clear understanding of the content. The source-based questions are relevant to the cartoon, and the paragraph-based question encourages higher-order thinking.

Memorandum: 4 (Good)
  The memorandum mostly links to the questions and provides sufficient content for the mark allocation. However, some explanations could be more detailed to fully justify the marks.","21","",,,,,"86",
"45027935","MORTLOCK, KBM","","17","Score: 17/25 (68.0%)

The submission demonstrates a solid understanding of the historical content and pedagogical strategies required for teaching sensitive topics like nationalism. The critique is thorough and identifies key areas for improvement, while the improved lesson plan addresses many of these issues effectively. However, there is room for further refinement in integrating prior knowledge activation and ensuring a consistent approach to handling controversial content.

STRENGTHS:
? Identifies and addresses key flaws in the lesson plan, particularly regarding sensitive content.
? Demonstrates a solid understanding of historical concepts such as nationalism and its implications.

AREAS FOR IMPROVEMENT:
? Enhance the activation of prior knowledge to better link new concepts.
? Ensure a more consistent and integrated approach to handling sensitive topics throughout the lesson.

CRITERIA BREAKDOWN:

Introduction & Conclusion: 5 (Proficient)
  The critique effectively identifies key flaws in the introduction and conclusion, such as the lack of clear objectives and the absence of a structured closing. The improved plan addresses these issues by setting clear lesson aims and providing a summary phase, which helps consolidate learning. However, the activation of prior knowledge could be more robust, and the sensitive-topic strategy, while present, could be more consistently integrated.

Teaching Strategy & Approach: 7 (Proficient)
  The critique identifies significant issues with the teaching strategy, such as the confrontational warm-up question and lack of ground rules. The improved plan introduces a more structured approach with ground rules and a focus on evidence-based enquiry. However, while the progression from low to high cognition is attempted, it could be more explicit, and the handling of controversial content, though improved, still needs careful attention.

Assessment & Resources: 5 (Proficient)
  The critique accurately points out the lack of formative assessment and the absence of a structured written task. The improved plan includes an exit ticket and a homework assignment, which align with lesson objectives. Resources are better integrated with the inclusion of a YouTube link, but further detail on how these resources support learning outcomes would enhance the plan.","30","Score: 30.0/50.0 (60.0%)

The essay demonstrates a solid understanding of the UN Partition Plan's impact on the Zionist and Palestinian Arab leadership, with a clear thesis and logical structure. However, it lacks depth in evidence and analysis, particularly in integrating primary sources and providing nuanced interpretations. Improvements in referencing and language precision would enhance the overall quality.

STRENGTHS:
? Clear thesis addressing the historical prompt.
? Logical structure with a clear introduction and conclusion.

AREAS FOR IMPROVEMENT:
? Integrate more primary sources and academic evidence.
? Develop deeper critical analysis and interpretation of events.

CRITERIA BREAKDOWN:

Thesis Statement & Argument: 7.0 (Good)
The thesis is clear and addresses the prompt by focusing on the impact of the UN Partition Plan on Zionist and Palestinian Arab leadership. The argument is generally logical and supported throughout the essay, though it could benefit from more nuanced analysis of the political aims and public arguments.

Evidence & Historical Accuracy: 8.0 (Satisfactory)
The essay provides some relevant evidence regarding the reactions to the UN Partition Plan and the ensuing violence. However, the evidence is somewhat limited and lacks depth, particularly in terms of integrating primary sources like Resolution 181 and additional academic sources.

Analysis & Interpretation: 8.0 (Satisfactory)
The analysis is mostly descriptive, with a basic explanation of the events and their significance. The essay could benefit from deeper critical thinking and more insightful interpretation of the complexities involved in the conflict.

Structure & Organization: 3.5 (Good)
The essay is generally well-structured with a clear introduction, body, and conclusion. Transitions between paragraphs are mostly smooth, though some sections could be more tightly organized.

Language, Style & Referencing: 3.5 (Satisfactory)
The language is generally clear, though there are minor errors that occasionally impede understanding. Referencing is inconsistent, and the essay would benefit from more precise vocabulary and accurate citations.","23","Score: 23/25 (92.0%)

The submission demonstrates a strong grasp of both historical content and pedagogical application. The student effectively uses Bloom's Taxonomy to create a range of questions that are well-aligned with the cartoon and historical context. The memorandum is comprehensive and supports the questions effectively.

STRENGTHS:
? Effective use of Bloom's Taxonomy in question formulation.
? Strong understanding of the historical context of the Camp David Accords.

AREAS FOR IMPROVEMENT:
? More precise use of action verbs in Bloom's Taxonomy.
? Consider incorporating more diverse perspectives in the evaluation paragraph.

CRITERIA BREAKDOWN:

Blooms Taxonomy: 4 (Good)
  The student effectively uses both higher and lower-order questions, demonstrating a good understanding of Bloom's Taxonomy. The questions are mostly suited to the grade level, though there is room for more precise use of action verbs.

Questions: 14 (Excellent)
  The questions are well-structured and balanced, showing a clear understanding of the cartoon's content. The inclusion of both source-based and paragraph-based questions demonstrates higher-order thinking and aligns well with the topic.

Memorandum: 5 (Excellent)
  The memorandum effectively links to the questions and provides sufficient content for the specific mark allocation. The answers are clear and demonstrate a strong understanding of the historical context.","13.5","Score: 13.5/20.0 (67.5%)

This group presentation on the Gaza Wars (2005-2023) demonstrates a competent grasp of the historical timeline and key events, with a clear structure and credible, though limited, sources. The submission adequately outlines Israeli, Palestinian, and international perspectives, showing some historical empathy. However, the depth of historical thinking skills?such as causation, contextualization, and historical significance?is underdeveloped, with oversimplifications and a lack of critical analysis. Pedagogically, the engagement design is weak, failing to promote higher-order thinking or address the needs of diverse learners in a South African context when dealing with sensitive topics. With a score of 13.5/20 (67.5%), this work falls in the proficient range, reflecting effort and understanding but needing more sophistication in historical analysis and teaching application.

STRENGTHS:
? Clear chronological overview of the Gaza Wars, demonstrating basic temporal awareness and periodization.
? Inclusion of multiple perspectives (Israeli, Palestinian, international), showing an attempt at historical empathy.

AREAS FOR IMPROVEMENT:
? Deepen historical analysis by exploring complex causation and engaging with historiographical debates or primary sources to address historical significance.
? Enhance pedagogical engagement by designing activities that promote critical historical thinking skills and sensitivity to controversial topics for diverse learners.

CRITERIA BREAKDOWN:

Quality of research and historical understanding: 3.5 (Competent)
  The submission demonstrates a generally accurate understanding of the Gaza Wars from 2005 to 2023, with a clear timeline of key events such as the Israeli disengagement in 2005, Hamas's control in 2007, and major conflicts in 2008-2009, 2014, and 2023. There is some contextualization of the conflict through the inclusion of perspectives from Israel, Palestinians, and international actors. However, the depth of historical analysis is limited; for instance, causation is oversimplified (e.g., blockade as a means to 'force Hamas on its knees') without exploring deeper political, economic, or ideological factors. The use of sources is credible but narrow, with only three references cited, missing a broader historiographical engagement or primary source material. To improve, the student should integrate diverse primary and secondary sources to analyze the complexity of causation and contextualization, and address historical significance more explicitly by discussing why these events matter in a broader geopolitical context. Pedagogically, the content could be translated into teaching by designing activities that encourage source analysis and comparison of perspectives, rather than just presenting facts.

Argument, structure, and clarity: 3.5 (Competent)
  The presentation has a mostly clear structure, with slides organized chronologically and thematically (historical overview, perspectives, causes, consequences, and solutions). The argument?that the Gaza Wars are a complex conflict with differing perspectives and severe humanitarian impacts?is understandable. However, the line of reasoning lacks depth; for example, the discussion of causes and solutions is surface-level and does not critically evaluate why certain solutions might fail or succeed based on historical patterns. Visuals (text-based slides) are functional but not particularly engaging or illustrative of historical data (e.g., maps or timelines could enhance clarity). Key historical terms like 'blockade' and 'occupation' are used but not fully explained for a learner audience. To improve, the student should develop a more nuanced argument by linking historical evidence to proposed solutions and use visuals to support chronological understanding and periodization. Pedagogically, clearer signposting and explanations of terms would make this more accessible for teaching history in a classroom setting.

Engagement design and facilitation: 2.0 (Needs development)
  The engagement activity consists of three multiple-choice questions, which is a minimal effort to involve an audience. While the questions touch on causes and solutions, they are overly simplistic and do not promote higher-order historical thinking skills such as source analysis, comparison, or evaluation of perspectives. For instance, asking 'What is the main cause of the Gaza conflict?' with options like 'All of the above' does not encourage critical thinking or debate about causation. There is no evidence of how results would be interpreted or linked back to the content, nor is there facilitation guidance. To improve, the student should design activities that foster historical empathy (e.g., role-playing different perspectives) or use primary sources to analyze conflicting narratives. Pedagogically, engagement tools should align with CAPS requirements for History by promoting skills like contextualization and critical thinking, especially on sensitive topics like the Gaza conflict, ensuring diverse South African learners can relate to universal themes of conflict and human rights.

Referencing, professionalism, and teamwork: 4.0 (Competent)
  Referencing is mostly correct, with three credible sources cited from academic and international organizations (e.g., IMF, UN OCHA). The tone is generally academic, though some phrasing lacks precision or neutrality (e.g., 'forcing Hamas on its knees'), which is critical when handling sensitive historical topics like the Gaza Wars. There is no explicit evidence of equitable participation or collaboration dynamics among the group members, though the submission appears cohesive. Delivery professionalism cannot be fully assessed without a live presentation, but the written content is acceptable. To improve, the student should ensure consistent neutrality in tone to model historical empathy and avoid bias, especially for teaching in diverse classrooms. Additional references, including primary sources or historiographical debates, would strengthen credibility. Pedagogically, professionalism in history education requires modeling how to discuss controversial events like colonialism or conflict with fairness and sensitivity.",,,,,"74",
"53286308","NORTJE, SJ","","21","Score: 21/25 (Group Submission)

This grade was assigned based on the group submission: HISE312_Assignment 1_42367433_53286308_35622539.pdf
Primary submitter student ID: 42367433

Please refer to the feedback in the primary submitter's folder for detailed assessment.","30","Score: 30.0/50.0 (60.0%)

The essay demonstrates a solid understanding of the UN Partition Plan's impact on the Zionist and Palestinian Arab leadership, with a clear thesis and logical structure. However, it lacks depth in evidence and analysis, particularly in integrating primary sources and providing nuanced interpretations. Improvements in referencing and language precision would enhance the overall quality.

STRENGTHS:
? Clear thesis addressing the historical prompt.
? Logical structure with a clear introduction and conclusion.

AREAS FOR IMPROVEMENT:
? Integrate more primary sources and academic evidence.
? Develop deeper critical analysis and interpretation of events.

CRITERIA BREAKDOWN:

Thesis Statement & Argument: 7.0 (Good)
The thesis is clear and addresses the prompt by focusing on the impact of the UN Partition Plan on Zionist and Palestinian Arab leadership. The argument is generally logical and supported throughout the essay, though it could benefit from more nuanced analysis of the political aims and public arguments.

Evidence & Historical Accuracy: 8.0 (Satisfactory)
The essay provides some relevant evidence regarding the reactions to the UN Partition Plan and the ensuing violence. However, the evidence is somewhat limited and lacks depth, particularly in terms of integrating primary sources like Resolution 181 and additional academic sources.

Analysis & Interpretation: 8.0 (Satisfactory)
The analysis is mostly descriptive, with a basic explanation of the events and their significance. The essay could benefit from deeper critical thinking and more insightful interpretation of the complexities involved in the conflict.

Structure & Organization: 3.5 (Good)
The essay is generally well-structured with a clear introduction, body, and conclusion. Transitions between paragraphs are mostly smooth, though some sections could be more tightly organized.

Language, Style & Referencing: 3.5 (Satisfactory)
The language is generally clear, though there are minor errors that occasionally impede understanding. Referencing is inconsistent, and the essay would benefit from more precise vocabulary and accurate citations.","17","Score: 17/25 (68.0%)

The submission demonstrates a competent understanding of historical questioning techniques using Bloom's Taxonomy. The questions are relevant but could benefit from more depth and alignment with the cartoon's content. The memorandum supports the questions well but could offer more detailed explanations.

STRENGTHS:
? Good use of Bloom's Taxonomy to create a range of questions.
? Effective linkage of questions to historical content.

AREAS FOR IMPROVEMENT:
? Enhance the depth and structure of questions to better align with the historical context.
? Provide more detailed justifications in the memorandum to support mark allocations.

CRITERIA BREAKDOWN:

Blooms Taxonomy: 4 (Good)
  The student demonstrates a good understanding of Bloom's Taxonomy by incorporating both higher and lower-order questions. However, there is room for improvement in the precise use of action verbs to enhance the cognitive demand of the questions.

Questions: 9 (Satisfactory)
  The questions show some relevance to the cartoon and the historical context of the Camp David Accords. However, the depth and structure could be improved, particularly in aligning the paragraph question more clearly with the topic.

Memorandum: 4 (Good)
  The memorandum mostly links to the questions and provides sufficient content for the mark allocation. There is a clear attempt to justify the marks, but some answers could be more detailed to fully align with the questions.","13.5","Score: 13.5/20.0 (Group Submission)

This grade was assigned based on the group submission: hise 312 Assignment 4.pptx
Primary submitter student ID: 40975525

Please refer to the feedback in the primary submitter's folder for detailed assessment.",,,,,"72",
"50350064","RADISE, THABI","",,,"37.5","Score: 37.5/50.0 (75.0%)

The essay provides a solid analysis of the impact of UN Resolution 181 on Zionist and Palestinian political claims. It effectively uses primary and secondary sources to support its arguments. The analysis could be deepened by engaging more with historiographical debates and exploring the complexities of the refugee crisis. The structure and organization are strong, making the argument easy to follow.

STRENGTHS:
? Effective use of primary and secondary sources.
? Clear structure and logical flow of argument.

AREAS FOR IMPROVEMENT:
? Engage more with historiographical debates.
? Address inconsistencies in citation style.

CRITERIA BREAKDOWN:

Thesis Statement & Argument: 7.0 (Good)
  The thesis is clear and addresses the prompt by focusing on the impact of Resolution 181 on Zionist and Palestinian political claims. The argument is generally logical and supported by relevant evidence, though it could benefit from deeper analysis of the nuances in the political responses.

Evidence & Historical Accuracy: 10.5 (Good)
  The essay uses a good range of accurate evidence from both primary and secondary sources. The integration of Resolution 181 as a primary source is effective, and the use of additional academic sources supports the argument well. However, more detailed exploration of the historiographical debates could enhance the depth of understanding.

Analysis & Interpretation: 9.5 (Good)
  The analysis demonstrates good critical thinking, particularly in explaining the political responses and the escalation into violence. The essay could improve by engaging more with the complexities and differing historical interpretations of the events, especially regarding the refugee crisis.

Structure & Organization: 4.5 (Excellent)
  The essay is well-structured with a clear introduction, body, and conclusion. Each paragraph is focused and contributes to the overall argument. Transitions between sections are smooth, aiding the reader's understanding.

Language, Style & Referencing: 6.0 (Good)
  The writing is generally clear and appropriate, with minor errors that do not impede understanding. Referencing is mostly accurate, though there are some inconsistencies in citation style that could be addressed.","22","Score: 22/25 (88.0%)

The student demonstrates a solid grasp of historical concepts and effectively applies pedagogical strategies to develop source-based questions. The questions are well-structured and relevant, showing a good understanding of the historical context. The memorandum supports the questions adequately, though some answers could be more detailed.

STRENGTHS:
? Effective use of Bloom's taxonomy in formulating questions.
? Strong connection between historical events and contemporary contexts.

AREAS FOR IMPROVEMENT:
? Provide more varied use of Bloom's taxonomy to fully challenge students.
? Include more detailed explanations in the memorandum to enhance historical understanding.

CRITERIA BREAKDOWN:

Blooms Taxonomy: 4 (Good)
  The student effectively uses both higher and lower-order questions, with appropriate action verbs such as 'evaluate' and 'explain'. The questions are generally suited to the grade level, though there is room for more varied use of Bloom's taxonomy to fully challenge students.

Questions: 14 (Excellent)
  The questions are well-balanced and structured, showing a clear understanding of the content. The source-based questions are relevant to the cartoon, and the paragraph-based question encourages higher-order thinking. The inclusion of a question that connects historical events to contemporary contexts (Question 1.5) is particularly commendable.

Memorandum: 4 (Good)
  The memorandum mostly links to the questions and provides sufficient content for mark allocation. However, some answers could benefit from more depth, particularly in explaining the historical significance and context of the cartoon.","21","",,,,,"78",
"51372118","SEHOOLE, EAZY","","19","Score: 19/25 (76.0%)

The submission demonstrates a solid understanding of historical pedagogy, particularly in critiquing and improving the teaching strategy. While the critique effectively identifies major flaws, it could benefit from deeper analysis of resource integration and sensitive content management. The improved lesson plan shows a good attempt at aligning teaching and assessment with historical thinking skills.

STRENGTHS:
? Identifies key issues in lesson structure and teaching strategy.
? Suggests effective improvements for promoting historical inquiry.

AREAS FOR IMPROVEMENT:
? Provide more detailed guidance on resource integration.
? Enhance strategies for managing controversial content.

CRITERIA BREAKDOWN:

Introduction & Conclusion (Part A & B): 6 (Proficient)
  The critique effectively identifies key issues in the introduction and conclusion of the AI-generated lesson plan, such as the problematic opening question and lack of structured closure. The improved plan addresses these issues by suggesting measurable aims and a more evaluative closure. However, the critique could benefit from more specific examples of how prior knowledge is activated.

Teaching Strategy & Approach (Part A & B): 7 (Proficient)
  The critique identifies significant flaws in the teaching strategy, such as over-reliance on lectures and lack of multiperspectivity. The improved plan suggests active learning and source analysis, which are appropriate for developing historical thinking skills. However, the critique could delve deeper into how controversial content is managed.

Assessment & Resources (Part A & B): 6 (Developing)
  The critique identifies misalignment between assessment and lesson aims, and the improved plan suggests more analytical assessments. However, the explanation of resources is vague, and the critique could provide more detailed guidance on integrating resources effectively.","31","Score: 31.0/50.0 (62.0%)

The essay demonstrates a solid understanding of the historical context surrounding UN Resolution 181 and its impact on Zionist and Palestinian Arab leadership. While the thesis is clear and supported by relevant evidence, the analysis could benefit from deeper engagement with the complexities of the historical events. Improved integration of evidence and more sophisticated writing would enhance the overall quality.

STRENGTHS:
? Solid grasp of the historical context and key events.
? Effective use of primary and secondary sources to support claims.

AREAS FOR IMPROVEMENT:
? Provide more nuanced analysis of the causes and effects of historical events.
? Enhance the clarity and sophistication of writing to improve communication of ideas.

CRITERIA BREAKDOWN:

Thesis Statement & Argument: 6.5 (Good)
  The thesis is clear and addresses the prompt by focusing on the effects of UN Resolution 181 on both Zionist and Palestinian Arab political objectives. The argument is generally logical and supported with relevant evidence, though it could benefit from more nuanced analysis of the immediate consequences.

Evidence & Historical Accuracy: 10.0 (Good)
  The essay uses a good range of evidence, including primary and secondary sources, to support its claims. The references to specific historical events and figures are generally accurate, though the integration of evidence could be more seamless.

Analysis & Interpretation: 8.0 (Satisfactory)
  The analysis provides a basic explanation of key events and their significance. However, it often remains descriptive and lacks critical engagement with the complexities of the historical context. More depth in interpreting the causes and effects would enhance the analysis.

Structure & Organization: 3.5 (Good)
  The essay is generally well-structured with a clear introduction, body, and conclusion. However, some paragraphs lack focus and transitions between ideas could be smoother.

Language, Style & Referencing: 3.0 (Satisfactory)
  The writing is generally clear, but there are frequent grammatical errors that occasionally impede understanding. Referencing is mostly accurate, but there are inconsistencies in citation style.","20","Score: 20/25 (80.0%)

The student demonstrates a solid grasp of historical concepts and pedagogical strategies. The questions are well-formulated, showing an understanding of Bloom's Taxonomy, and the memorandum provides adequate support for the questions posed. However, there is room for improvement in linking questions more explicitly to the cartoon and providing more detailed answers in the memorandum.

STRENGTHS:
? Effective use of Bloom's Taxonomy in question formulation
? Good understanding of the historical context of the Camp David Accords

AREAS FOR IMPROVEMENT:
? Enhance the linkage between questions and specific elements of the cartoon
? Provide more detailed justifications in the memorandum for mark allocations

CRITERIA BREAKDOWN:

Blooms Taxonomy: 4 (Good)
  The student effectively uses both higher and lower-order questions, incorporating appropriate action verbs. The questions are generally suited to the grade level, though there is room for more sophistication in the formulation of higher-order questions.

Questions: 11 (Good)
  The questions are well-structured and mostly relevant to the cartoon, demonstrating a good understanding of the content. The paragraph-based question encourages higher-order thinking, though some questions could be more directly tied to specific elements of the cartoon.

Memorandum: 4 (Good)
  The memorandum mostly aligns with the questions and provides sufficient content for the mark allocation. However, some answers could be more detailed to fully justify the marks awarded.","14.5","Score: 14.5/20.0 (Group Submission)

This grade was assigned based on the group submission: HISE312 Gaza Wars_Assignment 4 (3).pptx
Primary submitter student ID: 52771792

Please refer to the feedback in the primary submitter's folder for detailed assessment.",,,,,"81",
"40975525","SWARTZ, NAYKIE","","19","Score: 19/25 (76.0%)

The submission demonstrates a solid understanding of the flaws in the original lesson plan and provides practical improvements. The student shows proficiency in identifying key issues related to historical thinking and pedagogy. However, the critique could benefit from more detailed explanations of how the suggested changes would enhance learning outcomes.

STRENGTHS:
? Identifies key flaws in lesson plan related to historical thinking.
? Provides practical and CAPS-aligned improvements.

AREAS FOR IMPROVEMENT:
? Provide more detailed explanations of how changes impact learning.
? Enhance critique depth on resource integration and assessment alignment.

CRITERIA BREAKDOWN:

Introduction & Conclusion (Part A & B): 6 (Proficient)
  The student identifies key flaws in the introduction and conclusion, such as the inappropriate opening question and lack of closure. The suggested improvements, like replacing the opening question with concept-based activation questions, are practical and align with CAPS requirements. However, the critique could be more detailed in explaining how these changes would impact learning outcomes.

Teaching Strategy & Approach (Part A & B): 7 (Proficient)
  The critique effectively identifies issues such as the teacher-centered approach and lack of scaffolding. The student suggests meaningful improvements, like incorporating source-based group work and structured academic comparisons. However, the critique could delve deeper into how these strategies enhance historical thinking skills.

Assessment & Resources (Part A & B): 6 (Developing)
  The student identifies the misalignment of assessments with CAPS and suggests alternatives like source-based questions. However, the critique lacks depth in explaining how these changes would improve historical understanding. The mention of unspecified resources like the YouTube clip highlights a gap in resource integration.","32","Score: 32.0/50.0 (64.0%)

The submission demonstrates a solid understanding of the impact of UN Resolution 181 on Zionist and Palestinian Arab leaderships. The thesis is clear, and the use of evidence is effective, though the analysis could be more nuanced. The structure is logical, and the language is mostly clear with minor errors.

STRENGTHS:
? Effective use of primary and secondary sources.
? Clear thesis that addresses the prompt.

AREAS FOR IMPROVEMENT:
? Deeper engagement with the complexities of the historical context.
? Smoother transitions between paragraphs to enhance the flow of the argument.

CRITERIA BREAKDOWN:

Thesis Statement & Argument: 7.0 (Good)
  The thesis is clear and addresses the prompt by focusing on how Resolution 181 influenced both Zionist and Palestinian Arab leaderships. The argument is generally logical and supported throughout the essay, though it could benefit from more nuanced analysis of the political aims and public arguments.

Evidence & Historical Accuracy: 10.0 (Good)
  The essay uses a good range of evidence from both primary and secondary sources to support its claims. However, some evidence could be more deeply integrated into the analysis to enhance understanding of the period.

Analysis & Interpretation: 8.0 (Satisfactory)
  While the essay provides basic explanations of key events, the analysis often remains descriptive. The essay could benefit from deeper engagement with the complexities and nuances of the historical context.

Structure & Organization: 3.5 (Good)
  The essay is generally well-structured with a clear introduction, body, and conclusion. However, some transitions between paragraphs could be smoother to enhance the flow of the argument.

Language, Style & Referencing: 3.5 (Good)
  The writing is generally clear and appropriate, with minor errors that do not impede understanding. Referencing is mostly accurate, though some citations could be more precise.","21","Score: 21/25 (84.0%)

The submission demonstrates a good grasp of historical content and pedagogical application. The questions are relevant and encourage critical thinking, though there is room for further depth and complexity. The memorandum supports the questions well but could benefit from more detailed justifications.

STRENGTHS:
? Effective use of Bloom's Taxonomy to create a range of questions.
? Good understanding of the historical significance of the Camp David Accords.

AREAS FOR IMPROVEMENT:
? Increase the complexity of some questions to further challenge students.
? Provide more detailed explanations in the memorandum to justify mark allocations.

CRITERIA BREAKDOWN:

Blooms Taxonomy: 4 (Good)
  The student effectively incorporates both higher and lower-order questions, using appropriate action verbs. However, there is room for improvement in diversifying the types of questions to further challenge students' critical thinking skills.

Questions: 11 (Good)
  The questions are generally well-structured and relevant to the cartoon, demonstrating a solid understanding of the content. The paragraph-based question aligns with the topic and encourages higher-order thinking, though some questions could be more challenging.

Memorandum: 6 (Good)
  The memorandum is mostly aligned with the questions and provides sufficient content for the mark allocation. However, some answers could be more detailed to fully justify the marks awarded.","13.5","Score: 13.5/20.0 (67.5%)

This group presentation on the Gaza Wars and Jerusalem?s role in the Israeli-Palestinian conflict demonstrates a competent grasp of historical context and a structured approach to presenting key issues. The content shows basic historical understanding, with some attention to chronology and cultural significance, but lacks depth in analyzing causation, historical significance, and diverse perspectives. Pedagogically, the submission offers a foundation for teaching but misses opportunities to develop historical thinking skills or handle sensitive topics with nuance, particularly in the engagement activity. With a total score of 13.5/20 (67.5%), this work falls in the proficient range, reflecting effort and understanding but needing more analytical rigor and pedagogical specificity to excel.

STRENGTHS:
? Clear structure that provides a basic narrative for teaching the Israeli-Palestinian conflict.
? Use of some credible historical sources to support claims about Jerusalem?s significance.

AREAS FOR IMPROVEMENT:
? Deepen historical analysis by engaging with specific events or primary sources to explore causation and change over time.
? Enhance pedagogical application by designing engagement activities that explicitly develop historical thinking skills and address sensitive content.

CRITERIA BREAKDOWN:

Quality of research and historical understanding: 3.5 (Competent)
  The submission demonstrates a generally accurate understanding of the historical context of the Gaza Wars and Jerusalem's significance in the Israeli-Palestinian conflict. There is some contextualization of events, such as the division of Jerusalem in 1948 and Israel's control post-1967, which shows basic chronological awareness. However, the depth of historical analysis is limited, with oversimplifications in addressing causation and continuity/change over the 2005-2023 period. For instance, the impact of settlements and territorial control is mentioned, but there is no exploration of specific policies or events driving these changes. The use of sources is mixed; credible references like Khalidi (2020) and Morris (2008) are included, but reliance on Wikipedia undermines the academic rigor. To improve, the student should engage more deeply with primary sources or specific historical events (e.g., key Gaza conflicts or peace attempts) and analyze their significance using historical thinking skills like causation and comparison. Pedagogically, the content could be translated into teaching by linking these events to broader themes of colonialism or identity, helping learners grasp historical complexity.

Argument, structure, and clarity: 3.5 (Competent)
  The presentation has a mostly clear structure, moving from historical context to cultural significance, political issues, and proposed solutions. The argument?that Jerusalem is a central obstacle in the Israeli-Palestinian conflict due to religious, political, and cultural factors?is understandable. However, the line of reasoning lacks depth, as key points are listed rather than analyzed (e.g., 'Compromise is difficult because people feel strongly about it' offers no historical evidence or nuance). Visuals and signposting are basic but functional. From a pedagogical perspective, this structure could support teaching by providing a clear narrative for learners, but it misses opportunities to model historical thinking skills like source analysis or contextualization. To improve, the student should develop a more analytical argument, perhaps by comparing different perspectives on Jerusalem?s status, and integrate visuals that prompt critical thinking, such as maps showing territorial changes over time.

Engagement design and facilitation: 2.0 (Needs development)
  The engagement design, a role-play activity based on the Jerusalem conflict, is a promising idea for fostering historical empathy and critical thinking. However, the description lacks specificity on how the activity aligns with historical content or develops historical thinking skills. There is no mention of how results or learner responses will be interpreted or linked to the broader argument about Jerusalem?s role in the Gaza Wars. Facilitation details are absent, leaving uncertainty about how the activity would be managed in a classroom. Pedagogically, this limits the activity?s effectiveness in a diverse South African context, where sensitive topics like religious and territorial conflict require careful handling. To improve, the student should design specific questions or scenarios for the role-play that encourage analysis of historical perspectives (e.g., Israeli, Palestinian, international views) and provide a clear plan for debriefing to connect back to historical significance and sensitive content.

Referencing, professionalism, and teamwork: 4.5 (Competent)
  Referencing is mostly correct, with academic sources like Khalidi (2020) and Morris (2008) cited appropriately, alongside reputable organizations like the United Nations. However, the inclusion of Wikipedia as a source detracts from academic rigor, especially for a topic as complex and contested as the Israeli-Palestinian conflict. The tone of the presentation is generally academic and professional, and the division of slides among group members suggests balanced participation. Delivery appears collaborative, though individual contributions are not detailed. From a pedagogical standpoint, proper referencing models good historical literacy for learners, but the use of unreliable sources risks teaching inaccurate or biased content. To improve, the student should exclude non-academic sources like Wikipedia, ensure consistent citation formatting, and explicitly address how teamwork facilitated a balanced exploration of historical perspectives, especially on sensitive topics.",,,,,"75",
"35836032","TSAMAI, AARON","",,,"33","Score: 33.0/50.0 (66.0%)

The submission demonstrates a solid understanding of the historical context and the immediate consequences of the UN Partition Plan. However, the argument lacks depth and cohesion, and the analysis could be more insightful. The use of evidence is good, but integration into the argument could be improved. Structurally, the essay is organized but could benefit from clearer transitions and more focused paragraphs.

STRENGTHS:
? Good use of historical evidence to support claims.
? Clear understanding of the political context surrounding the UN Partition Plan.

AREAS FOR IMPROVEMENT:
? Develop a more cohesive and persuasive argument.
? Enhance the depth of analysis and interpretation of historical events.

CRITERIA BREAKDOWN:

Thesis Statement & Argument: 6.5 (Good)
  The thesis is clear and addresses the prompt by focusing on the consequences of the UN Partition Plan. However, the argument could be more focused and persuasive. While the essay outlines the immediate consequences, it lacks a strong, cohesive argument that ties all elements together.

Evidence & Historical Accuracy: 10.0 (Good)
  The essay demonstrates a good range of evidence, particularly in detailing the political maneuvers and reactions to the UN Partition Plan. However, some evidence could be better integrated into the argument, and there are occasional inaccuracies, such as the extent of British involvement post-UN vote.

Analysis & Interpretation: 8.0 (Satisfactory)
  The analysis is mostly descriptive, with some attempts to explain the causes and effects of the events. The essay could benefit from deeper analysis of the complexities and nuances of the political aims and public arguments of both Zionist and Palestinian Arab leadership.

Structure & Organization: 3.5 (Good)
  The essay has a recognizable structure with an introduction, body, and conclusion. However, transitions between paragraphs could be smoother, and some paragraphs lack focus, making the argument less cohesive.

Language, Style & Referencing: 5.0 (Satisfactory)
  The writing is generally clear, but there are frequent minor errors that occasionally impede understanding. Referencing is present but inconsistent, with some sources not fully integrated into the text.","11","Score: 11/25 (44.0%)

The submission shows a basic understanding of the historical context but lacks depth in both the formulation of questions and the accompanying memorandum. The use of Bloom's Taxonomy is limited, and the questions do not fully engage with the complexities of the historical topic. The memorandum provides some relevant content but requires more detailed explanations.

STRENGTHS:
? Attempts to engage with the historical context of the Camp David Accords.
? Inclusion of both higher and lower-order questions, albeit with limited success.

AREAS FOR IMPROVEMENT:
? Improve the use of Bloom's Taxonomy by incorporating more precise action verbs and a clearer structure.
? Develop more structured and in-depth questions that align closely with the cartoon and encourage higher-order thinking.

CRITERIA BREAKDOWN:

Blooms Taxonomy: 3 (Satisfactory)
  The student attempts to use both higher and lower-order questions, but there is limited success. The questions generally lack the correct action verbs and structure typical of Bloom's Taxonomy. For example, question 2 ('How could this cartoon be used in a history lesson?') is a higher-order question but lacks specificity in its action verb.

Questions: 5 (Developing)
  The questions are loosely connected to the cartoon and show limited understanding of the content. The questions lack depth and structure, and there is no clear paragraph-based question that aligns with the topic. For instance, question 5 ('State the countries which were involved in the Camp David peace negotiations.') is factual and does not encourage higher-order thinking.

Memorandum: 3 (Satisfactory)
  The memorandum partially links to the questions. While it provides some content for the mark allocation, the justifications are not always clear or sufficient. For example, the explanation for question 1 is brief and lacks depth.","13.5","Score: 13.5/20.0 (Group Submission)

This grade was assigned based on the group submission: HISE 312 A4 - KBM Mortlock ? 45027935 (Group Lead).pptx
Primary submitter student ID: 45027935

Please refer to the feedback in the primary submitter's folder for detailed assessment.",,,,,"57",
"45678324","ZEVENSTER, ANÉ","","19","Score: 19/25 (76.0%)

The submission demonstrates a solid understanding of historical concepts and pedagogical strategies. The student effectively critiques the original lesson plan and proposes meaningful improvements, particularly in handling sensitive topics and engaging students in active learning. However, there is room for improvement in the clarity of resource integration and the alignment of assessments with learning objectives.

STRENGTHS:
? Identifies and addresses sensitive topics with appropriate strategies.
? Incorporates active learning techniques and evidence-based enquiry.

AREAS FOR IMPROVEMENT:
? Clarify the integration and explanation of resources in the lesson plan.
? Ensure assessments are clearly aligned with learning objectives and historical skills.

CRITERIA BREAKDOWN:

Introduction & Conclusion (Part A & B): 6 (Proficient)
  The critique identifies clear flaws in the original lesson plan, particularly regarding the handling of sensitive topics, such as the provocative open question and lack of ground rules for discussions. The improved plan includes a more thoughtful introduction and conclusion, activating prior knowledge and setting clear rules for sensitive discussions. However, the closure could be more robust in consolidating learning.

Teaching Strategy & Approach (Part A & B): 7 (Proficient)
  The critique effectively identifies issues with the teacher-centered approach and the problematic framing of debates. The improved plan incorporates active learning strategies, such as Think-Pair-Share and structured academic discussions, and emphasizes evidence-based enquiry. However, the progression from low to high cognition could be more explicitly structured.

Assessment & Resources (Part A & B): 6 (Developing)
  The critique addresses the misalignment of assessments and the lack of resources. The improved plan includes formative assessments and integrates resources like worksheets and source packets. However, the explanation of how resources will be used remains somewhat vague, and the alignment of assessments with learning objectives could be clearer.","28.5","Score: 28.5/50.0 (57.0%)

The submission demonstrates a basic understanding of the historical context and the impact of Resolution 181. However, it lacks depth in analysis and integration of evidence. The argument is present but could be more focused and persuasive. The essay would benefit from a more thorough exploration of the complexities and implications of the events discussed.

STRENGTHS:
? Addresses the prompt by discussing the impact of Resolution 181 on Zionist and Palestinian Arab leadership.
? References to historians like Benny Morris and Rashid Khalidi show an attempt to engage with academic sources.

AREAS FOR IMPROVEMENT:
? Provide a more focused and persuasive argument with deeper analysis.
? Improve the integration of evidence and ensure accurate referencing.

CRITERIA BREAKDOWN:

Thesis Statement & Argument: 6.5 (Good)
  The thesis is clear and addresses the prompt by discussing the impact of Resolution 181 on Zionist and Palestinian Arab leadership. However, the argument could be more focused and persuasive. The essay outlines the main points but lacks depth in exploring the nuances of the political aims and public arguments.

Evidence & Historical Accuracy: 8.0 (Satisfactory)
  The essay uses some relevant evidence, but it lacks depth and integration. The references to historians like Benny Morris and Rashid Khalidi are appropriate, but the evidence is often listed rather than thoroughly analyzed. There are some inaccuracies, such as the incorrect citation of Benny Morris's work from '20218'.

Analysis & Interpretation: 7.0 (Satisfactory)
  The analysis is mostly descriptive and lacks critical depth. While the essay mentions key events like the Deir Yassin attack, it doesn't fully explore the complexities or the cause-and-effect relationships. The discussion on the refugee crisis is superficial and doesn't delve into the broader implications.

Structure & Organization: 3.5 (Good)
  The essay has a recognizable structure with an introduction, body, and conclusion. However, transitions between sections are sometimes abrupt, and some paragraphs lack focus. The organization could be improved to enhance the flow of the argument.

Language, Style & Referencing: 3.5 (Satisfactory)
  The language is generally clear, but there are frequent errors and awkward phrasing that impede understanding. The referencing is inconsistent, with some sources lacking proper citation details. The essay would benefit from proofreading and more precise vocabulary.","19","Score: 19/25 (76.0%)

The submission demonstrates a solid grasp of historical concepts and effectively uses Bloom's taxonomy to create a range of questions. The questions are relevant and mostly well-structured, showing a good understanding of the historical context of the Camp David Accords. The memorandum provides adequate answers but could benefit from more detailed explanations to fully justify the mark allocations.

STRENGTHS:
? Effective use of Bloom's taxonomy to create a range of questions.
? Good understanding of the historical context of the Camp David Accords.

AREAS FOR IMPROVEMENT:
? Provide more explicit alignment with Bloom's taxonomy in some questions.
? Include more detailed explanations in the memorandum to justify mark allocations.

CRITERIA BREAKDOWN:

Blooms Taxonomy: 4 (Good)
  The student effectively incorporates both higher and lower-order questions, using appropriate action verbs. However, some questions could be more explicitly aligned with Bloom's taxonomy to enhance clarity.

Questions: 11 (Good)
  The questions are generally well-structured and relevant to the cartoon, showing a good understanding of the historical context. The paragraph-based question is present but could be more explicitly aligned with the topic.

Memorandum: 4 (Good)
  The memorandum mostly links to the questions and provides sufficient content for the mark allocation. Some answers could be more detailed to fully justify the marks.","13.5","Score: 13.5/20.0 (Group Submission)

This grade was assigned based on the group submission: hise 312 Assignment 4.pptx
Primary submitter student ID: 40975525

Please refer to the feedback in the primary submitter's folder for detailed assessment.",,,,,"77",
